sequences,pos1,pos2,pos3,pos4,pos5,pos6,pos7,pos8,pos9,fitness
000000000,0,0,0,0,0,0,0,0,0,0.0
000000001,0,0,0,0,0,0,0,0,1,1.1276049809051838
000000010,0,0,0,0,0,0,0,1,0,
000000011,0,0,0,0,0,0,0,1,1,-2.0154900167928096
000000100,0,0,0,0,0,0,1,0,0,-3.5604472955444892
000000101,0,0,0,0,0,0,1,0,1,-1.5665365474687214
000000110,0,0,0,0,0,0,1,1,0,-3.5864252321336396
000000111,0,0,0,0,0,0,1,1,1,-1.6673702458042476
000001000,0,0,0,0,0,1,0,0,0,
000001001,0,0,0,0,0,1,0,0,1,-1.434110250069117
000001010,0,0,0,0,0,1,0,1,0,
000001011,0,0,0,0,0,1,0,1,1,0.1647643557884786
000001100,0,0,0,0,0,1,1,0,0,
000001101,0,0,0,0,0,1,1,0,1,0.5383084457926106
000001110,0,0,0,0,0,1,1,1,0,-2.5556107245512365
000001111,0,0,0,0,0,1,1,1,1,0.7745948448417027
000010000,0,0,0,0,1,0,0,0,0,-2.142913931903546
000010001,0,0,0,0,1,0,0,0,1,0.1572697071214008
000010010,0,0,0,0,1,0,0,1,0,-3.422555768442649
000010011,0,0,0,0,1,0,0,1,1,-2.0313200096304196
000010100,0,0,0,0,1,0,1,0,0,-2.976120398709982
000010101,0,0,0,0,1,0,1,0,1,-1.3501726180155504
000010110,0,0,0,0,1,0,1,1,0,-2.904826381016238
000010111,0,0,0,0,1,0,1,1,1,-1.7636070615853514
000011000,0,0,0,0,1,1,0,0,0,
000011001,0,0,0,0,1,1,0,0,1,
000011010,0,0,0,0,1,1,0,1,0,-2.5653557747661013
000011011,0,0,0,0,1,1,0,1,1,-1.2612421589461806
000011100,0,0,0,0,1,1,1,0,0,-3.255731011208428
000011101,0,0,0,0,1,1,1,0,1,0.1212346145563307
000011110,0,0,0,0,1,1,1,1,0,-3.0076885958673385
000011111,0,0,0,0,1,1,1,1,1,-1.1880141145482024
000100000,0,0,0,1,0,0,0,0,0,-3.2137918815939366
000100001,0,0,0,1,0,0,0,0,1,-1.9973626911369833
000100010,0,0,0,1,0,0,0,1,0,-3.2521853079631393
000100011,0,0,0,1,0,0,0,1,1,-2.049484254228817
000100100,0,0,0,1,0,0,1,0,0,-2.8397903144609757
000100101,0,0,0,1,0,0,1,0,1,-2.29809746736373
000100110,0,0,0,1,0,0,1,1,0,
000100111,0,0,0,1,0,0,1,1,1,
000101000,0,0,0,1,0,1,0,0,0,
000101001,0,0,0,1,0,1,0,0,1,
000101010,0,0,0,1,0,1,0,1,0,-3.136839564149277
000101011,0,0,0,1,0,1,0,1,1,-2.597021225008322
000101100,0,0,0,1,0,1,1,0,0,-3.172737787354213
000101101,0,0,0,1,0,1,1,0,1,-3.2294792647932367
000101110,0,0,0,1,0,1,1,1,0,-2.8343861036374194
000101111,0,0,0,1,0,1,1,1,1,
000110000,0,0,0,1,1,0,0,0,0,-3.03641619421776
000110001,0,0,0,1,1,0,0,0,1,-1.4455962464636858
000110010,0,0,0,1,1,0,0,1,0,-3.431605134189025
000110011,0,0,0,1,1,0,0,1,1,
000110100,0,0,0,1,1,0,1,0,0,
000110101,0,0,0,1,1,0,1,0,1,
000110110,0,0,0,1,1,0,1,1,0,
000110111,0,0,0,1,1,0,1,1,1,
000111000,0,0,0,1,1,1,0,0,0,-1.4910669621481834
000111001,0,0,0,1,1,1,0,0,1,
000111010,0,0,0,1,1,1,0,1,0,-3.0978412394023227
000111011,0,0,0,1,1,1,0,1,1,-2.0222744143809317
000111100,0,0,0,1,1,1,1,0,0,-3.866681492795605
000111101,0,0,0,1,1,1,1,0,1,-3.071591648189114
000111110,0,0,0,1,1,1,1,1,0,-2.3066292567106172
000111111,0,0,0,1,1,1,1,1,1,-1.7100412179838638
001000000,0,0,1,0,0,0,0,0,0,5.023647194113121
001000001,0,0,1,0,0,0,0,0,1,8.186154605064258
001000010,0,0,1,0,0,0,0,1,0,-0.5091537758758692
001000011,0,0,1,0,0,0,0,1,1,4.5977128061396835
001000100,0,0,1,0,0,0,1,0,0,3.428883413116995
001000101,0,0,1,0,0,0,1,0,1,7.5595925835946
001000110,0,0,1,0,0,0,1,1,0,3.9291364243296303
001000111,0,0,1,0,0,0,1,1,1,3.208533349884594
001001000,0,0,1,0,0,1,0,0,0,2.514308124788096
001001001,0,0,1,0,0,1,0,0,1,2.2506627952527305
001001010,0,0,1,0,0,1,0,1,0,2.134153655238185
001001011,0,0,1,0,0,1,0,1,1,7.559900560403764
001001100,0,0,1,0,0,1,1,0,0,3.6718761870915144
001001101,0,0,1,0,0,1,1,0,1,7.767523431210415
001001110,0,0,1,0,0,1,1,1,0,3.2912323787292763
001001111,0,0,1,0,0,1,1,1,1,7.309463452359292
001010000,0,0,1,0,1,0,0,0,0,4.028017386917864
001010001,0,0,1,0,1,0,0,0,1,7.612637311154462
001010010,0,0,1,0,1,0,0,1,0,-0.6104351093399278
001010011,0,0,1,0,1,0,0,1,1,4.162873853797351
001010100,0,0,1,0,1,0,1,0,0,2.9856428911066515
001010101,0,0,1,0,1,0,1,0,1,7.292745520694788
001010110,0,0,1,0,1,0,1,1,0,2.8235447161542075
001010111,0,0,1,0,1,0,1,1,1,1.7744143850576568
001011000,0,0,1,0,1,1,0,0,0,1.6748559587090175
001011001,0,0,1,0,1,1,0,0,1,2.0489285688818395
001011010,0,0,1,0,1,1,0,1,0,1.906847135027708
001011011,0,0,1,0,1,1,0,1,1,7.113761001261525
001011100,0,0,1,0,1,1,1,0,0,4.029074163613558
001011101,0,0,1,0,1,1,1,0,1,8.162176522642548
001011110,0,0,1,0,1,1,1,1,0,1.9116878845719631
001011111,0,0,1,0,1,1,1,1,1,6.1244917847941265
001100000,0,0,1,1,0,0,0,0,0,-0.7728482283302898
001100001,0,0,1,1,0,0,0,0,1,1.4371492760618123
001100010,0,0,1,1,0,0,0,1,0,
001100011,0,0,1,1,0,0,0,1,1,-0.1606143819030627
001100100,0,0,1,1,0,0,1,0,0,
001100101,0,0,1,1,0,0,1,0,1,-0.1755913566180837
001100110,0,0,1,1,0,0,1,1,0,
001100111,0,0,1,1,0,0,1,1,1,
001101000,0,0,1,1,0,1,0,0,0,
001101001,0,0,1,1,0,1,0,0,1,
001101010,0,0,1,1,0,1,0,1,0,
001101011,0,0,1,1,0,1,0,1,1,-0.505759064805828
001101100,0,0,1,1,0,1,1,0,0,
001101101,0,0,1,1,0,1,1,0,1,1.044935039401888
001101110,0,0,1,1,0,1,1,1,0,
001101111,0,0,1,1,0,1,1,1,1,0.0995603573851138
001110000,0,0,1,1,1,0,0,0,0,
001110001,0,0,1,1,1,0,0,0,1,
001110010,0,0,1,1,1,0,0,1,0,
001110011,0,0,1,1,1,0,0,1,1,
001110100,0,0,1,1,1,0,1,0,0,
001110101,0,0,1,1,1,0,1,0,1,-1.2886507565690053
001110110,0,0,1,1,1,0,1,1,0,
001110111,0,0,1,1,1,0,1,1,1,
001111000,0,0,1,1,1,1,0,0,0,
001111001,0,0,1,1,1,1,0,0,1,
001111010,0,0,1,1,1,1,0,1,0,
001111011,0,0,1,1,1,1,0,1,1,
001111100,0,0,1,1,1,1,1,0,0,
001111101,0,0,1,1,1,1,1,0,1,-0.7516355986181003
001111110,0,0,1,1,1,1,1,1,0,
001111111,0,0,1,1,1,1,1,1,1,
010000000,0,1,0,0,0,0,0,0,0,4.9277093060162676
010000001,0,1,0,0,0,0,0,0,1,8.166420626531904
010000010,0,1,0,0,0,0,0,1,0,-0.4626438414634701
010000011,0,1,0,0,0,0,0,1,1,4.503365794661211
010000100,0,1,0,0,0,0,1,0,0,3.109245622763129
010000101,0,1,0,0,0,0,1,0,1,7.217907588510621
010000110,0,1,0,0,0,0,1,1,0,3.788315511643308
010000111,0,1,0,0,0,0,1,1,1,3.2605156621598765
010001000,0,1,0,0,0,1,0,0,0,3.022889133274303
010001001,0,1,0,0,0,1,0,0,1,2.390201878538853
010001010,0,1,0,0,0,1,0,1,0,2.0242200856824293
010001011,0,1,0,0,0,1,0,1,1,7.32082740918334
010001100,0,1,0,0,0,1,1,0,0,3.531877676782603
010001101,0,1,0,0,0,1,1,0,1,7.6993304879746844
010001110,0,1,0,0,0,1,1,1,0,3.067838936603198
010001111,0,1,0,0,0,1,1,1,1,7.196450117935222
010010000,0,1,0,0,1,0,0,0,0,4.239078527755483
010010001,0,1,0,0,1,0,0,0,1,7.7750435966311535
010010010,0,1,0,0,1,0,0,1,0,-0.0859389256736967
010010011,0,1,0,0,1,0,0,1,1,4.275446869887912
010010100,0,1,0,0,1,0,1,0,0,3.1591836213600604
010010101,0,1,0,0,1,0,1,0,1,6.973661381222267
010010110,0,1,0,0,1,0,1,1,0,2.7857255591124037
010010111,0,1,0,0,1,0,1,1,1,1.9228266188486336
010011000,0,1,0,0,1,1,0,0,0,1.9431304470048167
010011001,0,1,0,0,1,1,0,0,1,2.116816077012173
010011010,0,1,0,0,1,1,0,1,0,2.1520275641913464
010011011,0,1,0,0,1,1,0,1,1,7.234474959247412
010011100,0,1,0,0,1,1,1,0,0,4.260415963110227
010011101,0,1,0,0,1,1,1,0,1,8.126825235099506
010011110,0,1,0,0,1,1,1,1,0,2.223368188774314
010011111,0,1,0,0,1,1,1,1,1,6.339598322444856
010100000,0,1,0,1,0,0,0,0,0,-1.3899014138240189
010100001,0,1,0,1,0,0,0,0,1,1.1564169054557727
010100010,0,1,0,1,0,0,0,1,0,
010100011,0,1,0,1,0,0,0,1,1,
010100100,0,1,0,1,0,0,1,0,0,
010100101,0,1,0,1,0,0,1,0,1,-0.3576836856980094
010100110,0,1,0,1,0,0,1,1,0,-1.4247407057659651
010100111,0,1,0,1,0,0,1,1,1,-0.9672224657593472
010101000,0,1,0,1,0,1,0,0,0,
010101001,0,1,0,1,0,1,0,0,1,-0.7249001155852426
010101010,0,1,0,1,0,1,0,1,0,
010101011,0,1,0,1,0,1,0,1,1,0.285145157931614
010101100,0,1,0,1,0,1,1,0,0,
010101101,0,1,0,1,0,1,1,0,1,0.2045994721240561
010101110,0,1,0,1,0,1,1,1,0,
010101111,0,1,0,1,0,1,1,1,1,-0.6345664880925813
010110000,0,1,0,1,1,0,0,0,0,
010110001,0,1,0,1,1,0,0,0,1,-0.6298931921873061
010110010,0,1,0,1,1,0,0,1,0,
010110011,0,1,0,1,1,0,0,1,1,
010110100,0,1,0,1,1,0,1,0,0,
010110101,0,1,0,1,1,0,1,0,1,
010110110,0,1,0,1,1,0,1,1,0,
010110111,0,1,0,1,1,0,1,1,1,
010111000,0,1,0,1,1,1,0,0,0,
010111001,0,1,0,1,1,1,0,0,1,
010111010,0,1,0,1,1,1,0,1,0,
010111011,0,1,0,1,1,1,0,1,1,
010111100,0,1,0,1,1,1,1,0,0,0.3955120736077431
010111101,0,1,0,1,1,1,1,0,1,-0.2226381910875613
010111110,0,1,0,1,1,1,1,1,0,
010111111,0,1,0,1,1,1,1,1,1,-0.9968359142307904
011000000,0,1,1,0,0,0,0,0,0,4.876301501643224
011000001,0,1,1,0,0,0,0,0,1,8.145889024700777
011000010,0,1,1,0,0,0,0,1,0,-0.3109725293168622
011000011,0,1,1,0,0,0,0,1,1,4.3654302926995525
011000100,0,1,1,0,0,0,1,0,0,2.9330126152096976
011000101,0,1,1,0,0,0,1,0,1,6.999595431854625
011000110,0,1,1,0,0,0,1,1,0,3.703941591536686
011000111,0,1,1,0,0,0,1,1,1,2.9369839503271584
011001000,0,1,1,0,0,1,0,0,0,4.181557406122427
011001001,0,1,1,0,0,1,0,0,1,2.5927266160209466
011001010,0,1,1,0,0,1,0,1,0,2.032639180563302
011001011,0,1,1,0,0,1,0,1,1,7.138418038242196
011001100,0,1,1,0,0,1,1,0,0,3.4096010778134764
011001101,0,1,1,0,0,1,1,0,1,7.573867911715634
011001110,0,1,1,0,0,1,1,1,0,2.9760277401034223
011001111,0,1,1,0,0,1,1,1,1,7.144603664670377
011010000,0,1,1,0,1,0,0,0,0,4.105338218530735
011010001,0,1,1,0,1,0,0,0,1,7.705138275975742
011010010,0,1,1,0,1,0,0,1,0,-0.9066974361589424
011010011,0,1,1,0,1,0,0,1,1,4.126667270896723
011010100,0,1,1,0,1,0,1,0,0,2.5880463355787313
011010101,0,1,1,0,1,0,1,0,1,7.135381849042838
011010110,0,1,1,0,1,0,1,1,0,2.829676319011488
011010111,0,1,1,0,1,0,1,1,1,2.101319428048398
011011000,0,1,1,0,1,1,0,0,0,2.086623846756759
011011001,0,1,1,0,1,1,0,0,1,2.1151338112047164
011011010,0,1,1,0,1,1,0,1,0,2.341287494169817
011011011,0,1,1,0,1,1,0,1,1,7.218804107845982
011011100,0,1,1,0,1,1,1,0,0,4.066092305013017
011011101,0,1,1,0,1,1,1,0,1,8.046724432245774
011011110,0,1,1,0,1,1,1,1,0,2.0267662148026044
011011111,0,1,1,0,1,1,1,1,1,6.216596788397967
011100000,0,1,1,1,0,0,0,0,0,-1.128124191392988
011100001,0,1,1,1,0,0,0,0,1,1.0392626911461254
011100010,0,1,1,1,0,0,0,1,0,
011100011,0,1,1,1,0,0,0,1,1,
011100100,0,1,1,1,0,0,1,0,0,-1.9970691456779648
011100101,0,1,1,1,0,0,1,0,1,-0.4988693505275133
011100110,0,1,1,1,0,0,1,1,0,-1.195348456525045
011100111,0,1,1,1,0,0,1,1,1,-1.1303652236934072
011101000,0,1,1,1,0,1,0,0,0,
011101001,0,1,1,1,0,1,0,0,1,
011101010,0,1,1,1,0,1,0,1,0,
011101011,0,1,1,1,0,1,0,1,1,0.2052168298854197
011101100,0,1,1,1,0,1,1,0,0,
011101101,0,1,1,1,0,1,1,0,1,0.4485654769557046
011101110,0,1,1,1,0,1,1,1,0,
011101111,0,1,1,1,0,1,1,1,1,-0.7016151108316221
011110000,0,1,1,1,1,0,0,0,0,
011110001,0,1,1,1,1,0,0,0,1,-0.1664988135993903
011110010,0,1,1,1,1,0,0,1,0,
011110011,0,1,1,1,1,0,0,1,1,
011110100,0,1,1,1,1,0,1,0,0,
011110101,0,1,1,1,1,0,1,0,1,
011110110,0,1,1,1,1,0,1,1,0,
011110111,0,1,1,1,1,0,1,1,1,
011111000,0,1,1,1,1,1,0,0,0,
011111001,0,1,1,1,1,1,0,0,1,
011111010,0,1,1,1,1,1,0,1,0,
011111011,0,1,1,1,1,1,0,1,1,-0.1063228015136674
011111100,0,1,1,1,1,1,1,0,0,
011111101,0,1,1,1,1,1,1,0,1,-0.4941288021575967
011111110,0,1,1,1,1,1,1,1,0,
011111111,0,1,1,1,1,1,1,1,1,
100000000,1,0,0,0,0,0,0,0,0,1.5701623930824218
100000001,1,0,0,0,0,0,0,0,1,1.5199761851565503
100000010,1,0,0,0,0,0,0,1,0,-2.8894465860712577
100000011,1,0,0,0,0,0,0,1,1,-1.8179251056356631
100000100,1,0,0,0,0,0,1,0,0,-2.3980952742174364
100000101,1,0,0,0,0,0,1,0,1,0.7731608910219573
100000110,1,0,0,0,0,0,1,1,0,-1.2477852423588798
100000111,1,0,0,0,0,0,1,1,1,
100001000,1,0,0,0,0,1,0,0,0,
100001001,1,0,0,0,0,1,0,0,1,-1.2567165344885796
100001010,1,0,0,0,0,1,0,1,0,
100001011,1,0,0,0,0,1,0,1,1,0.2595551388956529
100001100,1,0,0,0,0,1,1,0,0,
100001101,1,0,0,0,0,1,1,0,1,0.8143255546698837
100001110,1,0,0,0,0,1,1,1,0,
100001111,1,0,0,0,0,1,1,1,1,-0.1841771715476074
100010000,1,0,0,0,1,0,0,0,0,-0.4404250846075861
100010001,1,0,0,0,1,0,0,0,1,0.7724431531925607
100010010,1,0,0,0,1,0,0,1,0,-2.8432245918351
100010011,1,0,0,0,1,0,0,1,1,-1.8555393443732793
100010100,1,0,0,0,1,0,1,0,0,-1.989997672528843
100010101,1,0,0,0,1,0,1,0,1,0.2811518430788416
100010110,1,0,0,0,1,0,1,1,0,0.1408676654715126
100010111,1,0,0,0,1,0,1,1,1,
100011000,1,0,0,0,1,1,0,0,0,
100011001,1,0,0,0,1,1,0,0,1,
100011010,1,0,0,0,1,1,0,1,0,-2.564003362728834
100011011,1,0,0,0,1,1,0,1,1,0.2083451492185228
100011100,1,0,0,0,1,1,1,0,0,
100011101,1,0,0,0,1,1,1,0,1,0.6316500855337001
100011110,1,0,0,0,1,1,1,1,0,
100011111,1,0,0,0,1,1,1,1,1,0.0854580851273613
100100000,1,0,0,1,0,0,0,0,0,
100100001,1,0,0,1,0,0,0,0,1,-0.204141619275036
100100010,1,0,0,1,0,0,0,1,0,-2.884337621821044
100100011,1,0,0,1,0,0,0,1,1,-1.4648579140526232
100100100,1,0,0,1,0,0,1,0,0,
100100101,1,0,0,1,0,0,1,0,1,-1.694809799420633
100100110,1,0,0,1,0,0,1,1,0,
100100111,1,0,0,1,0,0,1,1,1,
100101000,1,0,0,1,0,1,0,0,0,
100101001,1,0,0,1,0,1,0,0,1,
100101010,1,0,0,1,0,1,0,1,0,
100101011,1,0,0,1,0,1,0,1,1,-2.91539026651595
100101100,1,0,0,1,0,1,1,0,0,
100101101,1,0,0,1,0,1,1,0,1,
100101110,1,0,0,1,0,1,1,1,0,
100101111,1,0,0,1,0,1,1,1,1,
100110000,1,0,0,1,1,0,0,0,0,0.0586371104856562
100110001,1,0,0,1,1,0,0,0,1,-1.104844366720327
100110010,1,0,0,1,1,0,0,1,0,-2.533651263783164
100110011,1,0,0,1,1,0,0,1,1,
100110100,1,0,0,1,1,0,1,0,0,-1.6927457113793514
100110101,1,0,0,1,1,0,1,0,1,-1.084699033696574
100110110,1,0,0,1,1,0,1,1,0,
100110111,1,0,0,1,1,0,1,1,1,
100111000,1,0,0,1,1,1,0,0,0,
100111001,1,0,0,1,1,1,0,0,1,
100111010,1,0,0,1,1,1,0,1,0,-3.9867387284772633
100111011,1,0,0,1,1,1,0,1,1,-4.132513748758518
100111100,1,0,0,1,1,1,1,0,0,-1.0373468436009148
100111101,1,0,0,1,1,1,1,0,1,
100111110,1,0,0,1,1,1,1,1,0,
100111111,1,0,0,1,1,1,1,1,1,
101000000,1,0,1,0,0,0,0,0,0,5.233799582296905
101000001,1,0,1,0,0,0,0,0,1,8.506485915830323
101000010,1,0,1,0,0,0,0,1,0,0.7177660316489447
101000011,1,0,1,0,0,0,0,1,1,5.173127330218759
101000100,1,0,1,0,0,0,1,0,0,3.7699167513763494
101000101,1,0,1,0,0,0,1,0,1,7.688464428931915
101000110,1,0,1,0,0,0,1,1,0,3.1809962797512146
101000111,1,0,1,0,0,0,1,1,1,1.872262921580264
101001000,1,0,1,0,0,1,0,0,0,2.188446324885947
101001001,1,0,1,0,0,1,0,0,1,1.952808241789692
101001010,1,0,1,0,0,1,0,1,0,2.7606929302560963
101001011,1,0,1,0,0,1,0,1,1,7.211605143604877
101001100,1,0,1,0,0,1,1,0,0,3.2748458191975094
101001101,1,0,1,0,0,1,1,0,1,7.92858155574423
101001110,1,0,1,0,0,1,1,1,0,2.067835148733063
101001111,1,0,1,0,0,1,1,1,1,6.868975047545436
101010000,1,0,1,0,1,0,0,0,0,4.919207202491564
101010001,1,0,1,0,1,0,0,0,1,8.249523568617978
101010010,1,0,1,0,1,0,0,1,0,0.2380448639884806
101010011,1,0,1,0,1,0,0,1,1,4.805812791973505
101010100,1,0,1,0,1,0,1,0,0,2.9283763010374684
101010101,1,0,1,0,1,0,1,0,1,7.137827706875053
101010110,1,0,1,0,1,0,1,1,0,3.0453082905532267
101010111,1,0,1,0,1,0,1,1,1,1.3135636828190975
101011000,1,0,1,0,1,1,0,0,0,2.7492305195241813
101011001,1,0,1,0,1,1,0,0,1,1.848470280348426
101011010,1,0,1,0,1,1,0,1,0,3.4457037966113955
101011011,1,0,1,0,1,1,0,1,1,7.761417012176683
101011100,1,0,1,0,1,1,1,0,0,2.37213571916835
101011101,1,0,1,0,1,1,1,0,1,7.863839987052451
101011110,1,0,1,0,1,1,1,1,0,1.782381732367459
101011111,1,0,1,0,1,1,1,1,1,6.36123744397602
101100000,1,0,1,1,0,0,0,0,0,0.2981196373388428
101100001,1,0,1,1,0,0,0,0,1,1.1201315934079603
101100010,1,0,1,1,0,0,0,1,0,
101100011,1,0,1,1,0,0,0,1,1,-0.170981983295646
101100100,1,0,1,1,0,0,1,0,0,-1.892913047459798
101100101,1,0,1,1,0,0,1,0,1,1.315738733390463
101100110,1,0,1,1,0,0,1,1,0,-0.2742894466706236
101100111,1,0,1,1,0,0,1,1,1,
101101000,1,0,1,1,0,1,0,0,0,
101101001,1,0,1,1,0,1,0,0,1,
101101010,1,0,1,1,0,1,0,1,0,
101101011,1,0,1,1,0,1,0,1,1,0.8911628146407783
101101100,1,0,1,1,0,1,1,0,0,
101101101,1,0,1,1,0,1,1,0,1,0.6645267450187304
101101110,1,0,1,1,0,1,1,1,0,
101101111,1,0,1,1,0,1,1,1,1,0.2874721012258141
101110000,1,0,1,1,1,0,0,0,0,0.4596644436156545
101110001,1,0,1,1,1,0,0,0,1,-0.3296637408834186
101110010,1,0,1,1,1,0,0,1,0,
101110011,1,0,1,1,1,0,0,1,1,
101110100,1,0,1,1,1,0,1,0,0,0.4285407587093672
101110101,1,0,1,1,1,0,1,0,1,0.1698976482957589
101110110,1,0,1,1,1,0,1,1,0,
101110111,1,0,1,1,1,0,1,1,1,
101111000,1,0,1,1,1,1,0,0,0,
101111001,1,0,1,1,1,1,0,0,1,
101111010,1,0,1,1,1,1,0,1,0,
101111011,1,0,1,1,1,1,0,1,1,
101111100,1,0,1,1,1,1,1,0,0,
101111101,1,0,1,1,1,1,1,0,1,-0.1931233880866827
101111110,1,0,1,1,1,1,1,1,0,
101111111,1,0,1,1,1,1,1,1,1,0.4376689232554174
110000000,1,1,0,0,0,0,0,0,0,5.123738970404875
110000001,1,1,0,0,0,0,0,0,1,8.360899561446642
110000010,1,1,0,0,0,0,0,1,0,0.3020250204938481
110000011,1,1,0,0,0,0,0,1,1,5.510683183550429
110000100,1,1,0,0,0,0,1,0,0,3.8861267600447817
110000101,1,1,0,0,0,0,1,0,1,7.694380237110725
110000110,1,1,0,0,0,0,1,1,0,2.986938183525751
110000111,1,1,0,0,0,0,1,1,1,2.0949560633521576
110001000,1,1,0,0,0,1,0,0,0,2.267058595133129
110001001,1,1,0,0,0,1,0,0,1,1.999384559395292
110001010,1,1,0,0,0,1,0,1,0,3.0842319737575945
110001011,1,1,0,0,0,1,0,1,1,7.206490855902825
110001100,1,1,0,0,0,1,1,0,0,3.4782952035236527
110001101,1,1,0,0,0,1,1,0,1,7.603395677042535
110001110,1,1,0,0,0,1,1,1,0,1.7801603120273952
110001111,1,1,0,0,0,1,1,1,1,6.640304836128922
110010000,1,1,0,0,1,0,0,0,0,4.97016720549825
110010001,1,1,0,0,1,0,0,0,1,8.20017086766863
110010010,1,1,0,0,1,0,0,1,0,0.1866770974961293
110010011,1,1,0,0,1,0,0,1,1,5.047183395916789
110010100,1,1,0,0,1,0,1,0,0,2.917258098167478
110010101,1,1,0,0,1,0,1,0,1,7.170202218628226
110010110,1,1,0,0,1,0,1,1,0,2.8770480963796583
110010111,1,1,0,0,1,0,1,1,1,1.1444252980136087
110011000,1,1,0,0,1,1,0,0,0,2.5321914472591533
110011001,1,1,0,0,1,1,0,0,1,1.690421029380005
110011010,1,1,0,0,1,1,0,1,0,3.6153107976722176
110011011,1,1,0,0,1,1,0,1,1,7.718141916065338
110011100,1,1,0,0,1,1,1,0,0,2.9270814926308546
110011101,1,1,0,0,1,1,1,0,1,8.102974910789007
110011110,1,1,0,0,1,1,1,1,0,1.7331558592550405
110011111,1,1,0,0,1,1,1,1,1,6.470631660076935
110100000,1,1,0,1,0,0,0,0,0,0.3657571211039115
110100001,1,1,0,1,0,0,0,0,1,1.4984196353006023
110100010,1,1,0,1,0,0,0,1,0,
110100011,1,1,0,1,0,0,0,1,1,
110100100,1,1,0,1,0,0,1,0,0,-1.2013328959191
110100101,1,1,0,1,0,0,1,0,1,1.8714907400195329
110100110,1,1,0,1,0,0,1,1,0,
110100111,1,1,0,1,0,0,1,1,1,
110101000,1,1,0,1,0,1,0,0,0,
110101001,1,1,0,1,0,1,0,0,1,
110101010,1,1,0,1,0,1,0,1,0,
110101011,1,1,0,1,0,1,0,1,1,1.1916682026246137
110101100,1,1,0,1,0,1,1,0,0,
110101101,1,1,0,1,0,1,1,0,1,1.10916913032095
110101110,1,1,0,1,0,1,1,1,0,
110101111,1,1,0,1,0,1,1,1,1,0.4506279130175992
110110000,1,1,0,1,1,0,0,0,0,
110110001,1,1,0,1,1,0,0,0,1,
110110010,1,1,0,1,1,0,0,1,0,
110110011,1,1,0,1,1,0,0,1,1,
110110100,1,1,0,1,1,0,1,0,0,
110110101,1,1,0,1,1,0,1,0,1,-0.0890850137329124
110110110,1,1,0,1,1,0,1,1,0,
110110111,1,1,0,1,1,0,1,1,1,
110111000,1,1,0,1,1,1,0,0,0,
110111001,1,1,0,1,1,1,0,0,1,
110111010,1,1,0,1,1,1,0,1,0,
110111011,1,1,0,1,1,1,0,1,1,0.2237022588250043
110111100,1,1,0,1,1,1,1,0,0,
110111101,1,1,0,1,1,1,1,0,1,0.1856908015015837
110111110,1,1,0,1,1,1,1,1,0,
110111111,1,1,0,1,1,1,1,1,1,-0.5216881626492524
111000000,1,1,1,0,0,0,0,0,0,5.154899489686482
111000001,1,1,1,0,0,0,0,0,1,8.25987679592364
111000010,1,1,1,0,0,0,0,1,0,0.463496028925255
111000011,1,1,1,0,0,0,0,1,1,5.30311557582841
111000100,1,1,1,0,0,0,1,0,0,3.742642826063088
111000101,1,1,1,0,0,0,1,0,1,7.678676748034339
111000110,1,1,1,0,0,0,1,1,0,2.8176195568153504
111000111,1,1,1,0,0,0,1,1,1,1.7338686229162972
111001000,1,1,1,0,0,1,0,0,0,2.168038441326453
111001001,1,1,1,0,0,1,0,0,1,1.627784343264916
111001010,1,1,1,0,0,1,0,1,0,2.724831371081691
111001011,1,1,1,0,0,1,0,1,1,7.149650355784442
111001100,1,1,1,0,0,1,1,0,0,3.1791926888236017
111001101,1,1,1,0,0,1,1,0,1,7.627590442494005
111001110,1,1,1,0,0,1,1,1,0,1.61067315585075
111001111,1,1,1,0,0,1,1,1,1,6.647219342430873
111010000,1,1,1,0,1,0,0,0,0,4.952437118071511
111010001,1,1,1,0,1,0,0,0,1,8.280481912934327
111010010,1,1,1,0,1,0,0,1,0,-0.1436741757955095
111010011,1,1,1,0,1,0,0,1,1,4.723032206896678
111010100,1,1,1,0,1,0,1,0,0,3.0823130176604745
111010101,1,1,1,0,1,0,1,0,1,7.103919410310195
111010110,1,1,1,0,1,0,1,1,0,2.9831065872826534
111010111,1,1,1,0,1,0,1,1,1,1.3524596399033026
111011000,1,1,1,0,1,1,0,0,0,2.381108808714727
111011001,1,1,1,0,1,1,0,0,1,2.178651755844219
111011010,1,1,1,0,1,1,0,1,0,3.391967204626801
111011011,1,1,1,0,1,1,0,1,1,7.642523106397912
111011100,1,1,1,0,1,1,1,0,0,2.6941190936753716
111011101,1,1,1,0,1,1,1,0,1,7.922687245719864
111011110,1,1,1,0,1,1,1,1,0,1.99451722566564
111011111,1,1,1,0,1,1,1,1,1,6.579632537544175
111100000,1,1,1,1,0,0,0,0,0,0.3231753908142956
111100001,1,1,1,1,0,0,0,0,1,1.1616905378061508
111100010,1,1,1,1,0,0,0,1,0,
111100011,1,1,1,1,0,0,0,1,1,0.045070012751097
111100100,1,1,1,1,0,0,1,0,0,-1.415433831203103
111100101,1,1,1,1,0,0,1,0,1,1.5247783996304358
111100110,1,1,1,1,0,0,1,1,0,
111100111,1,1,1,1,0,0,1,1,1,
111101000,1,1,1,1,0,1,0,0,0,
111101001,1,1,1,1,0,1,0,0,1,0.107431908943604
111101010,1,1,1,1,0,1,0,1,0,
111101011,1,1,1,1,0,1,0,1,1,1.0186802389047376
111101100,1,1,1,1,0,1,1,0,0,0.0711671925905705
111101101,1,1,1,1,0,1,1,0,1,1.0515983690431416
111101110,1,1,1,1,0,1,1,1,0,
111101111,1,1,1,1,0,1,1,1,1,0.993015980220509
111110000,1,1,1,1,1,0,0,0,0,
111110001,1,1,1,1,1,0,0,0,1,0.2997540956112964
111110010,1,1,1,1,1,0,0,1,0,
111110011,1,1,1,1,1,0,0,1,1,
111110100,1,1,1,1,1,0,1,0,0,-0.2803487134890519
111110101,1,1,1,1,1,0,1,0,1,-0.1812673502052714
111110110,1,1,1,1,1,0,1,1,0,
111110111,1,1,1,1,1,0,1,1,1,
111111000,1,1,1,1,1,1,0,0,0,
111111001,1,1,1,1,1,1,0,0,1,
111111010,1,1,1,1,1,1,0,1,0,
111111011,1,1,1,1,1,1,0,1,1,-0.7350197871512458
111111100,1,1,1,1,1,1,1,0,0,
111111101,1,1,1,1,1,1,1,0,1,0.2086100742455032
111111110,1,1,1,1,1,1,1,1,0,
111111111,1,1,1,1,1,1,1,1,1,
