concentration_M,temperature_C,flow_rate_mL_min,residence_time_s,current_efficiency_pct,selectivity_cis_stilbene_pct,integrated_index_pct
1,30,1.00,6,95,92,87
1,30,0.50,12,97,92,89
1,30,0.25,24,>99,92,92
1,40,1.00,6,86,95,82
1,40,0.50,12,90,94,85
1,40,0.25,24,99,93,92
1,50,1.00,6,86,95,82
1,50,0.50,12,91,95,86
1,50,0.25,24,>99,95,95
1,60,1.00,6,92,95,87
1,60,0.50,12,99,95,94
1,60,0.25,24,>99,92,92
1,70,1.00,6,94,96,90
1,70,0.50,12,>99,96,96
1,70,0.25,24,>99,96,96
1,80,1.00,6,87,95,83
1,80,0.50,12,93,95,88
1,80,0.25,24,99,96,95
0.5,30,1.00,6,64,93,60
0.5,30,0.50,12,74,92,68
0.5,30,0.25,24,91,92,84
0.5,40,1.00,6,86,86,74
0.5,40,0.50,12,79,94,74
0.5,40,0.25,24,91,94,86
0.5,50,1.00,6,65,94,61
0.5,50,0.50,12,77,95,73
0.5,50,0.25,24,83,95,79
0.5,60,1.00,6,71,94,67
0.5,60,0.50,12,87,94,82
0.5,60,0.25,24,>99,94,94
0.5,70,1.00,6,73,96,70
0.5,70,0.50,12,89,95,85
0.5,70,0.25,24,>99,95,95
0.5,80,1.00,6,76,96,73
0.5,80,0.50,12,92,95,87
0.5,80,0.25,24,>99,95,95
0.25,30,1.00,6,65,89,58
0.25,30,0.50,12,75,87,65
0.25,30,0.25,24,95,84,80
0.25,40,1.00,6,64,92,59
0.25,40,0.50,12,74,91,67
0.25,40,0.25,24,87,86,75
0.25,50,1.00,6,50,93,47
0.25,50,0.50,12,61,92,56
0.25,50,0.25,24,69,91,63
0.25,60,1.00,6,47,94,44
0.25,60,0.50,12,58,93,54
0.25,60,0.25,24,70,91,64
0.25,70,1.00,6,54,93,50
0.25,70,0.50,12,65,89,58
0.25,70,0.25,24,76,82,62
0.25,80,1.00,6,61,91,56
0.25,80,0.50,12,72,86,64
0.25,80,0.25,24,86,87,75
