Reaction_No,reactant_1,reactant_2,ligand,base,solvent,response_uv_pct
1,6-chloroquinoline,"2a, Boronic Acid",P(tBu)3,NaOH,MeCN,4.76410921845962
2,6-chloroquinoline,"2a, Boronic Acid",P(Ph)3,NaOH,MeCN,4.12096203597114
3,6-chloroquinoline,"2a, Boronic Acid",AmPhos,NaOH,MeCN,2.58383665286105
4,6-chloroquinoline,"2a, Boronic Acid",P(Cy)3,NaOH,MeCN,4.44317065372505
5,6-chloroquinoline,"2a, Boronic Acid",P(o-Tol)3,NaOH,MeCN,1.94987400815928
6,6-chloroquinoline,"2a, Boronic Acid",CataCXium A,NaOH,MeCN,3.25080927899943
7,6-chloroquinoline,"2a, Boronic Acid",SPhos,NaOH,MeCN,86.2621224841378
8,6-chloroquinoline,"2a, Boronic Acid",dtbpf,NaOH,MeCN,7.54607987344501
9,6-chloroquinoline,"2a, Boronic Acid",XPhos,NaOH,MeCN,93.6745145376158
10,6-chloroquinoline,"2a, Boronic Acid",dppf,NaOH,MeCN,14.3214354734956
11,6-chloroquinoline,"2a, Boronic Acid",Xantphos,NaOH,MeCN,2.10830716745609
12,6-chloroquinoline,"2a, Boronic Acid",None,NaOH,MeCN,17.0852310620033
13,6-chloroquinoline,"2a, Boronic Acid",P(tBu)3,NaHCO3,MeCN,3.15768624811382
14,6-chloroquinoline,"2a, Boronic Acid",P(Ph)3,NaHCO3,MeCN,4.75379053091498
15,6-chloroquinoline,"2a, Boronic Acid",AmPhos,NaHCO3,MeCN,2.46181658212302
16,6-chloroquinoline,"2a, Boronic Acid",P(Cy)3,NaHCO3,MeCN,5.26714086508017
17,6-chloroquinoline,"2a, Boronic Acid",P(o-Tol)3,NaHCO3,MeCN,1.95634116073256
18,6-chloroquinoline,"2a, Boronic Acid",CataCXium A,NaHCO3,MeCN,3.34705214713383
19,6-chloroquinoline,"2a, Boronic Acid",SPhos,NaHCO3,MeCN,69.22093433688
20,6-chloroquinoline,"2a, Boronic Acid",dtbpf,NaHCO3,MeCN,5.10255242912967
21,6-chloroquinoline,"2a, Boronic Acid",XPhos,NaHCO3,MeCN,83.1906321409627
22,6-chloroquinoline,"2a, Boronic Acid",dppf,NaHCO3,MeCN,13.6803816727274
23,6-chloroquinoline,"2a, Boronic Acid",Xantphos,NaHCO3,MeCN,1.82471592243866
24,6-chloroquinoline,"2a, Boronic Acid",None,NaHCO3,MeCN,10.994082002904
25,6-chloroquinoline,"2a, Boronic Acid",P(tBu)3,CsF,MeCN,1.78675303928125
26,6-chloroquinoline,"2a, Boronic Acid",P(Ph)3,CsF,MeCN,4.35920116829955
27,6-chloroquinoline,"2a, Boronic Acid",AmPhos,CsF,MeCN,2.70970319261194
28,6-chloroquinoline,"2a, Boronic Acid",P(Cy)3,CsF,MeCN,6.48652823683892
29,6-chloroquinoline,"2a, Boronic Acid",P(o-Tol)3,CsF,MeCN,2.10068590036068
30,6-chloroquinoline,"2a, Boronic Acid",CataCXium A,CsF,MeCN,3.32272956618858
31,6-chloroquinoline,"2a, Boronic Acid",SPhos,CsF,MeCN,68.4440016475539
32,6-chloroquinoline,"2a, Boronic Acid",dtbpf,CsF,MeCN,5.83810017338261
33,6-chloroquinoline,"2a, Boronic Acid",XPhos,CsF,MeCN,73.0197105076637
34,6-chloroquinoline,"2a, Boronic Acid",dppf,CsF,MeCN,13.1958561281243
35,6-chloroquinoline,"2a, Boronic Acid",Xantphos,CsF,MeCN,2.10098201074023
36,6-chloroquinoline,"2a, Boronic Acid",None,CsF,MeCN,10.218888659788
37,6-chloroquinoline,"2a, Boronic Acid",P(tBu)3,K3PO4,MeCN,3.00400388935548
38,6-chloroquinoline,"2a, Boronic Acid",P(Ph)3,K3PO4,MeCN,4.7313701172475
39,6-chloroquinoline,"2a, Boronic Acid",AmPhos,K3PO4,MeCN,2.5779797728445
40,6-chloroquinoline,"2a, Boronic Acid",P(Cy)3,K3PO4,MeCN,5.8267255162714
41,6-chloroquinoline,"2a, Boronic Acid",P(o-Tol)3,K3PO4,MeCN,1.88178466778928
42,6-chloroquinoline,"2a, Boronic Acid",CataCXium A,K3PO4,MeCN,3.68610190848114
43,6-chloroquinoline,"2a, Boronic Acid",SPhos,K3PO4,MeCN,53.3442477399675
44,6-chloroquinoline,"2a, Boronic Acid",dtbpf,K3PO4,MeCN,5.80499299101468
45,6-chloroquinoline,"2a, Boronic Acid",XPhos,K3PO4,MeCN,60.6695362355924
46,6-chloroquinoline,"2a, Boronic Acid",dppf,K3PO4,MeCN,14.3933392770758
47,6-chloroquinoline,"2a, Boronic Acid",Xantphos,K3PO4,MeCN,2.26866296700559
48,6-chloroquinoline,"2a, Boronic Acid",None,K3PO4,MeCN,10.0003095895518
49,6-chloroquinoline,"2a, Boronic Acid",P(tBu)3,KOH,MeCN,5.5969019412474
50,6-chloroquinoline,"2a, Boronic Acid",P(Ph)3,KOH,MeCN,4.82196101450088
51,6-chloroquinoline,"2a, Boronic Acid",AmPhos,KOH,MeCN,2.48590898286748
52,6-chloroquinoline,"2a, Boronic Acid",P(Cy)3,KOH,MeCN,6.45624672939622
53,6-chloroquinoline,"2a, Boronic Acid",P(o-Tol)3,KOH,MeCN,2.05952841211658
54,6-chloroquinoline,"2a, Boronic Acid",CataCXium A,KOH,MeCN,3.21864784308256
55,6-chloroquinoline,"2a, Boronic Acid",SPhos,KOH,MeCN,78.4174228193668
56,6-chloroquinoline,"2a, Boronic Acid",dtbpf,KOH,MeCN,8.93977444085733
57,6-chloroquinoline,"2a, Boronic Acid",XPhos,KOH,MeCN,92.2242386465952
58,6-chloroquinoline,"2a, Boronic Acid",dppf,KOH,MeCN,14.2206754932286
59,6-chloroquinoline,"2a, Boronic Acid",Xantphos,KOH,MeCN,2.3455596596732
60,6-chloroquinoline,"2a, Boronic Acid",None,KOH,MeCN,18.1597678162321
61,6-chloroquinoline,"2a, Boronic Acid",P(tBu)3,LiOtBu,MeCN,7.0788779533304
62,6-chloroquinoline,"2a, Boronic Acid",P(Ph)3,LiOtBu,MeCN,5.4483808696152
63,6-chloroquinoline,"2a, Boronic Acid",AmPhos,LiOtBu,MeCN,1.99054888114825
64,6-chloroquinoline,"2a, Boronic Acid",P(Cy)3,LiOtBu,MeCN,6.08313547812363
65,6-chloroquinoline,"2a, Boronic Acid",P(o-Tol)3,LiOtBu,MeCN,2.45280550760324
66,6-chloroquinoline,"2a, Boronic Acid",CataCXium A,LiOtBu,MeCN,3.56636244233208
67,6-chloroquinoline,"2a, Boronic Acid",SPhos,LiOtBu,MeCN,85.7734226150222
68,6-chloroquinoline,"2a, Boronic Acid",dtbpf,LiOtBu,MeCN,9.78109907191012
69,6-chloroquinoline,"2a, Boronic Acid",XPhos,LiOtBu,MeCN,92.8344072930483
70,6-chloroquinoline,"2a, Boronic Acid",dppf,LiOtBu,MeCN,15.410461843799
71,6-chloroquinoline,"2a, Boronic Acid",Xantphos,LiOtBu,MeCN,2.42654830002009
72,6-chloroquinoline,"2a, Boronic Acid",None,LiOtBu,MeCN,17.1759038844819
73,6-chloroquinoline,"2a, Boronic Acid",P(tBu)3,Et3N,MeCN,7.82316946168684
74,6-chloroquinoline,"2a, Boronic Acid",P(Ph)3,Et3N,MeCN,6.14029657993896
75,6-chloroquinoline,"2a, Boronic Acid",AmPhos,Et3N,MeCN,2.13374309510393
76,6-chloroquinoline,"2a, Boronic Acid",P(Cy)3,Et3N,MeCN,5.05213723181808
77,6-chloroquinoline,"2a, Boronic Acid",P(o-Tol)3,Et3N,MeCN,1.98028622008522
78,6-chloroquinoline,"2a, Boronic Acid",CataCXium A,Et3N,MeCN,4.46807824701397
79,6-chloroquinoline,"2a, Boronic Acid",SPhos,Et3N,MeCN,78.957919561643
80,6-chloroquinoline,"2a, Boronic Acid",dtbpf,Et3N,MeCN,6.99621084980946
81,6-chloroquinoline,"2a, Boronic Acid",XPhos,Et3N,MeCN,90.3017535211921
82,6-chloroquinoline,"2a, Boronic Acid",dppf,Et3N,MeCN,15.3607442237364
83,6-chloroquinoline,"2a, Boronic Acid",Xantphos,Et3N,MeCN,2.50927994144339
84,6-chloroquinoline,"2a, Boronic Acid",None,Et3N,MeCN,19.5108844387778
85,6-chloroquinoline,"2a, Boronic Acid",P(tBu)3,None,MeCN,9.75908286686094
86,6-chloroquinoline,"2a, Boronic Acid",P(Ph)3,None,MeCN,4.15312486926772
87,6-chloroquinoline,"2a, Boronic Acid",AmPhos,None,MeCN,1.53223611769088
88,6-chloroquinoline,"2a, Boronic Acid",P(Cy)3,None,MeCN,5.79692311337673
89,6-chloroquinoline,"2a, Boronic Acid",P(o-Tol)3,None,MeCN,2.64661537803254
90,6-chloroquinoline,"2a, Boronic Acid",CataCXium A,None,MeCN,4.42903768983828
91,6-chloroquinoline,"2a, Boronic Acid",SPhos,None,MeCN,66.8041426775335
92,6-chloroquinoline,"2a, Boronic Acid",dtbpf,None,MeCN,6.42130859194569
93,6-chloroquinoline,"2a, Boronic Acid",XPhos,None,MeCN,78.2264541946686
94,6-chloroquinoline,"2a, Boronic Acid",dppf,None,MeCN,13.9540113252438
95,6-chloroquinoline,"2a, Boronic Acid",Xantphos,None,MeCN,2.1103931503683
96,6-chloroquinoline,"2a, Boronic Acid",None,None,MeCN,8.28740356846637
97,6-chloroquinoline,"2a, Boronic Acid",P(tBu)3,NaOH,THF,33.7884226000348
98,6-chloroquinoline,"2a, Boronic Acid",P(Ph)3,NaOH,THF,8.08389406174481
99,6-chloroquinoline,"2a, Boronic Acid",AmPhos,NaOH,THF,61.2000810462792
100,6-chloroquinoline,"2a, Boronic Acid",P(Cy)3,NaOH,THF,69.9420492553848
101,6-chloroquinoline,"2a, Boronic Acid",P(o-Tol)3,NaOH,THF,7.2041205533469
102,6-chloroquinoline,"2a, Boronic Acid",CataCXium A,NaOH,THF,79.46758861973
103,6-chloroquinoline,"2a, Boronic Acid",SPhos,NaOH,THF,87.0599138552419
104,6-chloroquinoline,"2a, Boronic Acid",dtbpf,NaOH,THF,12.7035086532037
105,6-chloroquinoline,"2a, Boronic Acid",XPhos,NaOH,THF,88.966679030845
106,6-chloroquinoline,"2a, Boronic Acid",dppf,NaOH,THF,27.9254607314512
107,6-chloroquinoline,"2a, Boronic Acid",Xantphos,NaOH,THF,6.1056671566937
108,6-chloroquinoline,"2a, Boronic Acid",None,NaOH,THF,19.9964908124804
109,6-chloroquinoline,"2a, Boronic Acid",P(tBu)3,NaHCO3,THF,66.7358043675789
110,6-chloroquinoline,"2a, Boronic Acid",P(Ph)3,NaHCO3,THF,8.11170620285451
111,6-chloroquinoline,"2a, Boronic Acid",AmPhos,NaHCO3,THF,57.4844178119219
112,6-chloroquinoline,"2a, Boronic Acid",P(Cy)3,NaHCO3,THF,61.8864221022104
113,6-chloroquinoline,"2a, Boronic Acid",P(o-Tol)3,NaHCO3,THF,2.22984552488196
114,6-chloroquinoline,"2a, Boronic Acid",CataCXium A,NaHCO3,THF,70.4548780030343
115,6-chloroquinoline,"2a, Boronic Acid",SPhos,NaHCO3,THF,79.8467095458273
116,6-chloroquinoline,"2a, Boronic Acid",dtbpf,NaHCO3,THF,9.59942646989435
117,6-chloroquinoline,"2a, Boronic Acid",XPhos,NaHCO3,THF,80.76770744439
118,6-chloroquinoline,"2a, Boronic Acid",dppf,NaHCO3,THF,19.2431786290427
119,6-chloroquinoline,"2a, Boronic Acid",Xantphos,NaHCO3,THF,5.19691979065473
120,6-chloroquinoline,"2a, Boronic Acid",None,NaHCO3,THF,8.33159713932573
121,6-chloroquinoline,"2a, Boronic Acid",P(tBu)3,CsF,THF,39.1692242242229
122,6-chloroquinoline,"2a, Boronic Acid",P(Ph)3,CsF,THF,7.24196612769955
123,6-chloroquinoline,"2a, Boronic Acid",AmPhos,CsF,THF,44.9830827378729
124,6-chloroquinoline,"2a, Boronic Acid",P(Cy)3,CsF,THF,50.9504664551199
125,6-chloroquinoline,"2a, Boronic Acid",P(o-Tol)3,CsF,THF,2.22798897357048
126,6-chloroquinoline,"2a, Boronic Acid",CataCXium A,CsF,THF,61.2922927162518
127,6-chloroquinoline,"2a, Boronic Acid",SPhos,CsF,THF,60.8255886967309
128,6-chloroquinoline,"2a, Boronic Acid",dtbpf,CsF,THF,9.94355662711232
129,6-chloroquinoline,"2a, Boronic Acid",XPhos,CsF,THF,53.5151293766415
130,6-chloroquinoline,"2a, Boronic Acid",dppf,CsF,THF,18.1815583251708
131,6-chloroquinoline,"2a, Boronic Acid",Xantphos,CsF,THF,3.68200738399539
132,6-chloroquinoline,"2a, Boronic Acid",None,CsF,THF,8.41663218738277
133,6-chloroquinoline,"2a, Boronic Acid",P(tBu)3,K3PO4,THF,41.2342188004141
134,6-chloroquinoline,"2a, Boronic Acid",P(Ph)3,K3PO4,THF,6.65750525584473
135,6-chloroquinoline,"2a, Boronic Acid",AmPhos,K3PO4,THF,33.0190433761406
136,6-chloroquinoline,"2a, Boronic Acid",P(Cy)3,K3PO4,THF,50.0570187984233
137,6-chloroquinoline,"2a, Boronic Acid",P(o-Tol)3,K3PO4,THF,2.67563431152105
138,6-chloroquinoline,"2a, Boronic Acid",CataCXium A,K3PO4,THF,55.8517248007788
139,6-chloroquinoline,"2a, Boronic Acid",SPhos,K3PO4,THF,47.9422368676178
140,6-chloroquinoline,"2a, Boronic Acid",dtbpf,K3PO4,THF,9.3691441148368
141,6-chloroquinoline,"2a, Boronic Acid",XPhos,K3PO4,THF,52.3254982462699
142,6-chloroquinoline,"2a, Boronic Acid",dppf,K3PO4,THF,20.1771290379512
143,6-chloroquinoline,"2a, Boronic Acid",Xantphos,K3PO4,THF,4.24818416198782
144,6-chloroquinoline,"2a, Boronic Acid",None,K3PO4,THF,7.97581747645899
145,6-chloroquinoline,"2a, Boronic Acid",P(tBu)3,KOH,THF,48.5611407266501
146,6-chloroquinoline,"2a, Boronic Acid",P(Ph)3,KOH,THF,7.7717477094714
147,6-chloroquinoline,"2a, Boronic Acid",AmPhos,KOH,THF,42.7329765527711
148,6-chloroquinoline,"2a, Boronic Acid",P(Cy)3,KOH,THF,55.0785260954863
149,6-chloroquinoline,"2a, Boronic Acid",P(o-Tol)3,KOH,THF,3.03273678853182
150,6-chloroquinoline,"2a, Boronic Acid",CataCXium A,KOH,THF,62.3266043134165
151,6-chloroquinoline,"2a, Boronic Acid",SPhos,KOH,THF,73.3055406932652
152,6-chloroquinoline,"2a, Boronic Acid",dtbpf,KOH,THF,12.3022393545058
153,6-chloroquinoline,"2a, Boronic Acid",XPhos,KOH,THF,72.0008032847844
154,6-chloroquinoline,"2a, Boronic Acid",dppf,KOH,THF,26.1379482896069
155,6-chloroquinoline,"2a, Boronic Acid",Xantphos,KOH,THF,4.54255057271249
156,6-chloroquinoline,"2a, Boronic Acid",None,KOH,THF,17.8334601652192
157,6-chloroquinoline,"2a, Boronic Acid",P(tBu)3,LiOtBu,THF,66.1567482939123
158,6-chloroquinoline,"2a, Boronic Acid",P(Ph)3,LiOtBu,THF,9.91938795360429
159,6-chloroquinoline,"2a, Boronic Acid",AmPhos,LiOtBu,THF,58.5147171501637
160,6-chloroquinoline,"2a, Boronic Acid",P(Cy)3,LiOtBu,THF,78.151358455536
161,6-chloroquinoline,"2a, Boronic Acid",P(o-Tol)3,LiOtBu,THF,5.12136157916158
162,6-chloroquinoline,"2a, Boronic Acid",CataCXium A,LiOtBu,THF,62.0179115853534
163,6-chloroquinoline,"2a, Boronic Acid",SPhos,LiOtBu,THF,85.9474312367647
164,6-chloroquinoline,"2a, Boronic Acid",dtbpf,LiOtBu,THF,13.9143476624983
165,6-chloroquinoline,"2a, Boronic Acid",XPhos,LiOtBu,THF,85.2124687491059
166,6-chloroquinoline,"2a, Boronic Acid",dppf,LiOtBu,THF,26.8267891505492
167,6-chloroquinoline,"2a, Boronic Acid",Xantphos,LiOtBu,THF,0.0
168,6-chloroquinoline,"2a, Boronic Acid",None,LiOtBu,THF,35.3664697718892
169,6-chloroquinoline,"2a, Boronic Acid",P(tBu)3,Et3N,THF,68.7222976760338
170,6-chloroquinoline,"2a, Boronic Acid",P(Ph)3,Et3N,THF,10.1595027610281
171,6-chloroquinoline,"2a, Boronic Acid",AmPhos,Et3N,THF,48.8032043067135
172,6-chloroquinoline,"2a, Boronic Acid",P(Cy)3,Et3N,THF,82.6474738914186
173,6-chloroquinoline,"2a, Boronic Acid",P(o-Tol)3,Et3N,THF,5.9704378754713
174,6-chloroquinoline,"2a, Boronic Acid",CataCXium A,Et3N,THF,80.7441453073069
175,6-chloroquinoline,"2a, Boronic Acid",SPhos,Et3N,THF,87.8200709579917
176,6-chloroquinoline,"2a, Boronic Acid",dtbpf,Et3N,THF,13.5554979726139
177,6-chloroquinoline,"2a, Boronic Acid",XPhos,Et3N,THF,88.9252912767351
178,6-chloroquinoline,"2a, Boronic Acid",dppf,Et3N,THF,21.6492415106935
179,6-chloroquinoline,"2a, Boronic Acid",Xantphos,Et3N,THF,3.63674229125296
180,6-chloroquinoline,"2a, Boronic Acid",None,Et3N,THF,14.6678415787048
181,6-chloroquinoline,"2a, Boronic Acid",P(tBu)3,None,THF,67.5734596649153
182,6-chloroquinoline,"2a, Boronic Acid",P(Ph)3,None,THF,9.43637372825409
183,6-chloroquinoline,"2a, Boronic Acid",AmPhos,None,THF,64.558328683964
184,6-chloroquinoline,"2a, Boronic Acid",P(Cy)3,None,THF,73.9667254408659
185,6-chloroquinoline,"2a, Boronic Acid",P(o-Tol)3,None,THF,4.81262088058821
186,6-chloroquinoline,"2a, Boronic Acid",CataCXium A,None,THF,83.6189452391671
187,6-chloroquinoline,"2a, Boronic Acid",SPhos,None,THF,89.1672083813658
188,6-chloroquinoline,"2a, Boronic Acid",dtbpf,None,THF,10.9695470256029
189,6-chloroquinoline,"2a, Boronic Acid",XPhos,None,THF,91.3485106189053
190,6-chloroquinoline,"2a, Boronic Acid",dppf,None,THF,21.872895631487
191,6-chloroquinoline,"2a, Boronic Acid",Xantphos,None,THF,4.57266154042595
192,6-chloroquinoline,"2a, Boronic Acid",None,None,THF,11.5267206773054
193,6-chloroquinoline,"2a, Boronic Acid",P(tBu)3,NaOH,DMF,17.3301256176142
194,6-chloroquinoline,"2a, Boronic Acid",P(Ph)3,NaOH,DMF,6.27155688817173
195,6-chloroquinoline,"2a, Boronic Acid",AmPhos,NaOH,DMF,5.33782869968364
196,6-chloroquinoline,"2a, Boronic Acid",P(Cy)3,NaOH,DMF,12.7404449315301
197,6-chloroquinoline,"2a, Boronic Acid",P(o-Tol)3,NaOH,DMF,5.37201523252886
198,6-chloroquinoline,"2a, Boronic Acid",CataCXium A,NaOH,DMF,8.59920402539801
199,6-chloroquinoline,"2a, Boronic Acid",SPhos,NaOH,DMF,77.8488912544994
200,6-chloroquinoline,"2a, Boronic Acid",dtbpf,NaOH,DMF,10.0341310578617
201,6-chloroquinoline,"2a, Boronic Acid",XPhos,NaOH,DMF,88.2753685705748
202,6-chloroquinoline,"2a, Boronic Acid",dppf,NaOH,DMF,13.8715355750171
203,6-chloroquinoline,"2a, Boronic Acid",Xantphos,NaOH,DMF,4.79652923515851
204,6-chloroquinoline,"2a, Boronic Acid",None,NaOH,DMF,8.31483573997866
205,6-chloroquinoline,"2a, Boronic Acid",P(tBu)3,NaHCO3,DMF,3.49558510672879
206,6-chloroquinoline,"2a, Boronic Acid",P(Ph)3,NaHCO3,DMF,6.83848609348724
207,6-chloroquinoline,"2a, Boronic Acid",AmPhos,NaHCO3,DMF,2.53680423569808
208,6-chloroquinoline,"2a, Boronic Acid",P(Cy)3,NaHCO3,DMF,10.591735254912
209,6-chloroquinoline,"2a, Boronic Acid",P(o-Tol)3,NaHCO3,DMF,1.18744561040868
210,6-chloroquinoline,"2a, Boronic Acid",CataCXium A,NaHCO3,DMF,7.85287792876654
211,6-chloroquinoline,"2a, Boronic Acid",SPhos,NaHCO3,DMF,42.1325982495637
212,6-chloroquinoline,"2a, Boronic Acid",dtbpf,NaHCO3,DMF,6.81416606240708
213,6-chloroquinoline,"2a, Boronic Acid",XPhos,NaHCO3,DMF,37.0149598879938
214,6-chloroquinoline,"2a, Boronic Acid",dppf,NaHCO3,DMF,16.2395448252491
215,6-chloroquinoline,"2a, Boronic Acid",Xantphos,NaHCO3,DMF,0.0
216,6-chloroquinoline,"2a, Boronic Acid",None,NaHCO3,DMF,5.29566936703616
217,6-chloroquinoline,"2a, Boronic Acid",P(tBu)3,CsF,DMF,1.22082393118261
218,6-chloroquinoline,"2a, Boronic Acid",P(Ph)3,CsF,DMF,6.23649990796415
219,6-chloroquinoline,"2a, Boronic Acid",AmPhos,CsF,DMF,4.24741026607013
220,6-chloroquinoline,"2a, Boronic Acid",P(Cy)3,CsF,DMF,42.5433025739575
221,6-chloroquinoline,"2a, Boronic Acid",P(o-Tol)3,CsF,DMF,1.0494159569144
222,6-chloroquinoline,"2a, Boronic Acid",CataCXium A,CsF,DMF,12.8923037782901
223,6-chloroquinoline,"2a, Boronic Acid",SPhos,CsF,DMF,63.8780654995044
224,6-chloroquinoline,"2a, Boronic Acid",dtbpf,CsF,DMF,8.6697734089286
225,6-chloroquinoline,"2a, Boronic Acid",XPhos,CsF,DMF,60.8803891772562
226,6-chloroquinoline,"2a, Boronic Acid",dppf,CsF,DMF,8.6697734089286
227,6-chloroquinoline,"2a, Boronic Acid",Xantphos,CsF,DMF,5.14533327418496
228,6-chloroquinoline,"2a, Boronic Acid",None,CsF,DMF,18.7347029866182
229,6-chloroquinoline,"2a, Boronic Acid",P(tBu)3,K3PO4,DMF,3.69254079562934
230,6-chloroquinoline,"2a, Boronic Acid",P(Ph)3,K3PO4,DMF,5.29918108178033
231,6-chloroquinoline,"2a, Boronic Acid",AmPhos,K3PO4,DMF,5.07709453930326
232,6-chloroquinoline,"2a, Boronic Acid",P(Cy)3,K3PO4,DMF,6.96579609147833
233,6-chloroquinoline,"2a, Boronic Acid",P(o-Tol)3,K3PO4,DMF,0.988129766326499
234,6-chloroquinoline,"2a, Boronic Acid",CataCXium A,K3PO4,DMF,11.9091592748023
235,6-chloroquinoline,"2a, Boronic Acid",SPhos,K3PO4,DMF,39.8296539843221
236,6-chloroquinoline,"2a, Boronic Acid",dtbpf,K3PO4,DMF,7.57878835945558
237,6-chloroquinoline,"2a, Boronic Acid",XPhos,K3PO4,DMF,39.4896466660449
238,6-chloroquinoline,"2a, Boronic Acid",dppf,K3PO4,DMF,9.03276836431198
239,6-chloroquinoline,"2a, Boronic Acid",Xantphos,K3PO4,DMF,0.0
240,6-chloroquinoline,"2a, Boronic Acid",None,K3PO4,DMF,14.0786736549013
241,6-chloroquinoline,"2a, Boronic Acid",P(tBu)3,KOH,DMF,13.5475398975478
242,6-chloroquinoline,"2a, Boronic Acid",P(Ph)3,KOH,DMF,4.35998536352889
243,6-chloroquinoline,"2a, Boronic Acid",AmPhos,KOH,DMF,3.2970915716778
244,6-chloroquinoline,"2a, Boronic Acid",P(Cy)3,KOH,DMF,7.47024695482382
245,6-chloroquinoline,"2a, Boronic Acid",P(o-Tol)3,KOH,DMF,3.54390034048101
246,6-chloroquinoline,"2a, Boronic Acid",CataCXium A,KOH,DMF,10.6667507465437
247,6-chloroquinoline,"2a, Boronic Acid",SPhos,KOH,DMF,62.7748205525383
248,6-chloroquinoline,"2a, Boronic Acid",dtbpf,KOH,DMF,8.83069339666964
249,6-chloroquinoline,"2a, Boronic Acid",XPhos,KOH,DMF,79.1448787933051
250,6-chloroquinoline,"2a, Boronic Acid",dppf,KOH,DMF,10.0736710415608
251,6-chloroquinoline,"2a, Boronic Acid",Xantphos,KOH,DMF,4.45873996881102
252,6-chloroquinoline,"2a, Boronic Acid",None,KOH,DMF,15.8812147205277
253,6-chloroquinoline,"2a, Boronic Acid",P(tBu)3,LiOtBu,DMF,23.0725794554218
254,6-chloroquinoline,"2a, Boronic Acid",P(Ph)3,LiOtBu,DMF,7.06662929503855
255,6-chloroquinoline,"2a, Boronic Acid",AmPhos,LiOtBu,DMF,4.12097046908743
256,6-chloroquinoline,"2a, Boronic Acid",P(Cy)3,LiOtBu,DMF,6.70759985076743
257,6-chloroquinoline,"2a, Boronic Acid",P(o-Tol)3,LiOtBu,DMF,2.66690196995924
258,6-chloroquinoline,"2a, Boronic Acid",CataCXium A,LiOtBu,DMF,6.26688976583805
259,6-chloroquinoline,"2a, Boronic Acid",SPhos,LiOtBu,DMF,71.5426743156485
260,6-chloroquinoline,"2a, Boronic Acid",dtbpf,LiOtBu,DMF,10.0123867012383
261,6-chloroquinoline,"2a, Boronic Acid",XPhos,LiOtBu,DMF,61.4736557075014
262,6-chloroquinoline,"2a, Boronic Acid",dppf,LiOtBu,DMF,9.53958263011332
263,6-chloroquinoline,"2a, Boronic Acid",Xantphos,LiOtBu,DMF,0.0
264,6-chloroquinoline,"2a, Boronic Acid",None,LiOtBu,DMF,15.8867821005092
265,6-chloroquinoline,"2a, Boronic Acid",P(tBu)3,Et3N,DMF,17.90385630688
266,6-chloroquinoline,"2a, Boronic Acid",P(Ph)3,Et3N,DMF,4.61300437773432
267,6-chloroquinoline,"2a, Boronic Acid",AmPhos,Et3N,DMF,4.59642896981618
268,6-chloroquinoline,"2a, Boronic Acid",P(Cy)3,Et3N,DMF,7.56429582547112
269,6-chloroquinoline,"2a, Boronic Acid",P(o-Tol)3,Et3N,DMF,2.55668127054664
270,6-chloroquinoline,"2a, Boronic Acid",CataCXium A,Et3N,DMF,6.26426095027396
271,6-chloroquinoline,"2a, Boronic Acid",SPhos,Et3N,DMF,72.8355518057598
272,6-chloroquinoline,"2a, Boronic Acid",dtbpf,Et3N,DMF,10.1667402091094
273,6-chloroquinoline,"2a, Boronic Acid",XPhos,Et3N,DMF,67.4843767651673
274,6-chloroquinoline,"2a, Boronic Acid",dppf,Et3N,DMF,9.64307010994259
275,6-chloroquinoline,"2a, Boronic Acid",Xantphos,Et3N,DMF,0.0
276,6-chloroquinoline,"2a, Boronic Acid",None,Et3N,DMF,15.0524628547964
277,6-chloroquinoline,"2a, Boronic Acid",P(tBu)3,None,DMF,19.0765245632751
278,6-chloroquinoline,"2a, Boronic Acid",P(Ph)3,None,DMF,4.8825316301071
279,6-chloroquinoline,"2a, Boronic Acid",AmPhos,None,DMF,5.4275666476843
280,6-chloroquinoline,"2a, Boronic Acid",P(Cy)3,None,DMF,7.06177507228769
281,6-chloroquinoline,"2a, Boronic Acid",P(o-Tol)3,None,DMF,1.21874963064015
282,6-chloroquinoline,"2a, Boronic Acid",CataCXium A,None,DMF,8.88760394948024
283,6-chloroquinoline,"2a, Boronic Acid",SPhos,None,DMF,49.1231313338811
284,6-chloroquinoline,"2a, Boronic Acid",dtbpf,None,DMF,11.1450714863157
285,6-chloroquinoline,"2a, Boronic Acid",XPhos,None,DMF,43.5209625584725
286,6-chloroquinoline,"2a, Boronic Acid",dppf,None,DMF,8.85908616746079
287,6-chloroquinoline,"2a, Boronic Acid",Xantphos,None,DMF,0.0
288,6-chloroquinoline,"2a, Boronic Acid",None,None,DMF,15.1234882786008
289,6-chloroquinoline,"2a, Boronic Acid",P(tBu)3,NaOH,MeOH,33.3686246020695
290,6-chloroquinoline,"2a, Boronic Acid",P(Ph)3,NaOH,MeOH,15.3450097553135
291,6-chloroquinoline,"2a, Boronic Acid",AmPhos,NaOH,MeOH,30.95888171549
292,6-chloroquinoline,"2a, Boronic Acid",P(Cy)3,NaOH,MeOH,32.7228107743226
293,6-chloroquinoline,"2a, Boronic Acid",P(o-Tol)3,NaOH,MeOH,34.2365736501709
294,6-chloroquinoline,"2a, Boronic Acid",CataCXium A,NaOH,MeOH,14.9072004805931
295,6-chloroquinoline,"2a, Boronic Acid",SPhos,NaOH,MeOH,43.2999917758306
296,6-chloroquinoline,"2a, Boronic Acid",dtbpf,NaOH,MeOH,17.5681639214071
297,6-chloroquinoline,"2a, Boronic Acid",XPhos,NaOH,MeOH,37.6451431377011
298,6-chloroquinoline,"2a, Boronic Acid",dppf,NaOH,MeOH,14.5861369323008
299,6-chloroquinoline,"2a, Boronic Acid",Xantphos,NaOH,MeOH,13.0965528838726
300,6-chloroquinoline,"2a, Boronic Acid",None,NaOH,MeOH,15.3287751335987
301,6-chloroquinoline,"2a, Boronic Acid",P(tBu)3,NaHCO3,MeOH,27.2988732434407
302,6-chloroquinoline,"2a, Boronic Acid",P(Ph)3,NaHCO3,MeOH,37.4724646797757
303,6-chloroquinoline,"2a, Boronic Acid",AmPhos,NaHCO3,MeOH,13.0775640329684
304,6-chloroquinoline,"2a, Boronic Acid",P(Cy)3,NaHCO3,MeOH,27.8870043258673
305,6-chloroquinoline,"2a, Boronic Acid",P(o-Tol)3,NaHCO3,MeOH,14.4047483719651
306,6-chloroquinoline,"2a, Boronic Acid",CataCXium A,NaHCO3,MeOH,25.151362606933
307,6-chloroquinoline,"2a, Boronic Acid",SPhos,NaHCO3,MeOH,16.5132712003237
308,6-chloroquinoline,"2a, Boronic Acid",dtbpf,NaHCO3,MeOH,27.5595545053442
309,6-chloroquinoline,"2a, Boronic Acid",XPhos,NaHCO3,MeOH,30.9778179622142
310,6-chloroquinoline,"2a, Boronic Acid",dppf,NaHCO3,MeOH,20.1635057853027
311,6-chloroquinoline,"2a, Boronic Acid",Xantphos,NaHCO3,MeOH,25.8984372557193
312,6-chloroquinoline,"2a, Boronic Acid",None,NaHCO3,MeOH,12.6453446261064
313,6-chloroquinoline,"2a, Boronic Acid",P(tBu)3,CsF,MeOH,28.4479307780546
314,6-chloroquinoline,"2a, Boronic Acid",P(Ph)3,CsF,MeOH,13.6437201709157
315,6-chloroquinoline,"2a, Boronic Acid",AmPhos,CsF,MeOH,31.8161138612688
316,6-chloroquinoline,"2a, Boronic Acid",P(Cy)3,CsF,MeOH,30.9443734111355
317,6-chloroquinoline,"2a, Boronic Acid",P(o-Tol)3,CsF,MeOH,31.9778129957951
318,6-chloroquinoline,"2a, Boronic Acid",CataCXium A,CsF,MeOH,28.1257991939562
319,6-chloroquinoline,"2a, Boronic Acid",SPhos,CsF,MeOH,18.416637401632
320,6-chloroquinoline,"2a, Boronic Acid",dtbpf,CsF,MeOH,15.4551816393562
321,6-chloroquinoline,"2a, Boronic Acid",XPhos,CsF,MeOH,35.0038934121785
322,6-chloroquinoline,"2a, Boronic Acid",dppf,CsF,MeOH,20.7051019464025
323,6-chloroquinoline,"2a, Boronic Acid",Xantphos,CsF,MeOH,32.2370735366268
324,6-chloroquinoline,"2a, Boronic Acid",None,CsF,MeOH,33.681629409575
325,6-chloroquinoline,"2a, Boronic Acid",P(tBu)3,K3PO4,MeOH,26.8502682369668
326,6-chloroquinoline,"2a, Boronic Acid",P(Ph)3,K3PO4,MeOH,15.4977983662797
327,6-chloroquinoline,"2a, Boronic Acid",AmPhos,K3PO4,MeOH,12.5657929576163
328,6-chloroquinoline,"2a, Boronic Acid",P(Cy)3,K3PO4,MeOH,14.3965448980969
329,6-chloroquinoline,"2a, Boronic Acid",P(o-Tol)3,K3PO4,MeOH,13.0393494127328
330,6-chloroquinoline,"2a, Boronic Acid",CataCXium A,K3PO4,MeOH,15.2281211654499
331,6-chloroquinoline,"2a, Boronic Acid",SPhos,K3PO4,MeOH,22.2538143040283
332,6-chloroquinoline,"2a, Boronic Acid",dtbpf,K3PO4,MeOH,17.2841815723781
333,6-chloroquinoline,"2a, Boronic Acid",XPhos,K3PO4,MeOH,22.2397467111818
334,6-chloroquinoline,"2a, Boronic Acid",dppf,K3PO4,MeOH,15.8290195173318
335,6-chloroquinoline,"2a, Boronic Acid",Xantphos,K3PO4,MeOH,14.9743801158487
336,6-chloroquinoline,"2a, Boronic Acid",None,K3PO4,MeOH,13.7673419168311
337,6-chloroquinoline,"2a, Boronic Acid",P(tBu)3,KOH,MeOH,14.9066264798925
338,6-chloroquinoline,"2a, Boronic Acid",P(Ph)3,KOH,MeOH,18.3726199510341
339,6-chloroquinoline,"2a, Boronic Acid",AmPhos,KOH,MeOH,22.5196257527756
340,6-chloroquinoline,"2a, Boronic Acid",P(Cy)3,KOH,MeOH,39.3059281212376
341,6-chloroquinoline,"2a, Boronic Acid",P(o-Tol)3,KOH,MeOH,18.2419588944286
342,6-chloroquinoline,"2a, Boronic Acid",CataCXium A,KOH,MeOH,30.7733784438108
343,6-chloroquinoline,"2a, Boronic Acid",SPhos,KOH,MeOH,19.0166173545135
344,6-chloroquinoline,"2a, Boronic Acid",dtbpf,KOH,MeOH,16.0317911160499
345,6-chloroquinoline,"2a, Boronic Acid",XPhos,KOH,MeOH,40.249292419005
346,6-chloroquinoline,"2a, Boronic Acid",dppf,KOH,MeOH,17.6788364487885
347,6-chloroquinoline,"2a, Boronic Acid",Xantphos,KOH,MeOH,15.6421247051227
348,6-chloroquinoline,"2a, Boronic Acid",None,KOH,MeOH,26.2732573639549
349,6-chloroquinoline,"2a, Boronic Acid",P(tBu)3,LiOtBu,MeOH,12.8483834861798
350,6-chloroquinoline,"2a, Boronic Acid",P(Ph)3,LiOtBu,MeOH,22.9308714939199
351,6-chloroquinoline,"2a, Boronic Acid",AmPhos,LiOtBu,MeOH,12.7863872944682
352,6-chloroquinoline,"2a, Boronic Acid",P(Cy)3,LiOtBu,MeOH,13.3134959058639
353,6-chloroquinoline,"2a, Boronic Acid",P(o-Tol)3,LiOtBu,MeOH,11.6387643881743
354,6-chloroquinoline,"2a, Boronic Acid",CataCXium A,LiOtBu,MeOH,13.562445184587
355,6-chloroquinoline,"2a, Boronic Acid",SPhos,LiOtBu,MeOH,16.8303425941005
356,6-chloroquinoline,"2a, Boronic Acid",dtbpf,LiOtBu,MeOH,21.5478088287407
357,6-chloroquinoline,"2a, Boronic Acid",XPhos,LiOtBu,MeOH,27.3315804937304
358,6-chloroquinoline,"2a, Boronic Acid",dppf,LiOtBu,MeOH,26.9660172151336
359,6-chloroquinoline,"2a, Boronic Acid",Xantphos,LiOtBu,MeOH,25.5475487427508
360,6-chloroquinoline,"2a, Boronic Acid",None,LiOtBu,MeOH,15.4193357422559
361,6-chloroquinoline,"2a, Boronic Acid",P(tBu)3,Et3N,MeOH,12.6211260525753
362,6-chloroquinoline,"2a, Boronic Acid",P(Ph)3,Et3N,MeOH,17.4322145602985
363,6-chloroquinoline,"2a, Boronic Acid",AmPhos,Et3N,MeOH,13.3461992881114
364,6-chloroquinoline,"2a, Boronic Acid",P(Cy)3,Et3N,MeOH,27.8880804699825
365,6-chloroquinoline,"2a, Boronic Acid",P(o-Tol)3,Et3N,MeOH,14.6491021576651
366,6-chloroquinoline,"2a, Boronic Acid",CataCXium A,Et3N,MeOH,31.023366249855
367,6-chloroquinoline,"2a, Boronic Acid",SPhos,Et3N,MeOH,18.0202351501091
368,6-chloroquinoline,"2a, Boronic Acid",dtbpf,Et3N,MeOH,16.245242834377
369,6-chloroquinoline,"2a, Boronic Acid",XPhos,Et3N,MeOH,32.8601183833549
370,6-chloroquinoline,"2a, Boronic Acid",dppf,Et3N,MeOH,37.8531778947501
371,6-chloroquinoline,"2a, Boronic Acid",Xantphos,Et3N,MeOH,15.1811923219777
372,6-chloroquinoline,"2a, Boronic Acid",None,Et3N,MeOH,15.3646328869685
373,6-chloroquinoline,"2a, Boronic Acid",P(tBu)3,None,MeOH,13.8795032738065
374,6-chloroquinoline,"2a, Boronic Acid",P(Ph)3,None,MeOH,14.6994500838519
375,6-chloroquinoline,"2a, Boronic Acid",AmPhos,None,MeOH,32.2546483838239
376,6-chloroquinoline,"2a, Boronic Acid",P(Cy)3,None,MeOH,17.6510887581189
377,6-chloroquinoline,"2a, Boronic Acid",P(o-Tol)3,None,MeOH,16.9869857765644
378,6-chloroquinoline,"2a, Boronic Acid",CataCXium A,None,MeOH,41.5918731867168
379,6-chloroquinoline,"2a, Boronic Acid",SPhos,None,MeOH,21.4729131753127
380,6-chloroquinoline,"2a, Boronic Acid",dtbpf,None,MeOH,18.2506178025478
381,6-chloroquinoline,"2a, Boronic Acid",XPhos,None,MeOH,37.8712785830679
382,6-chloroquinoline,"2a, Boronic Acid",dppf,None,MeOH,30.355572946107
383,6-chloroquinoline,"2a, Boronic Acid",Xantphos,None,MeOH,35.3158860812902
384,6-chloroquinoline,"2a, Boronic Acid",None,None,MeOH,13.9066953068002
