sequences,pos1,pos2,pos3,pos4,pos5,pos6,pos7,pos8,pos9,pos10,fitness
0000000010,0,0,0,0,0,0,0,0,1,0,0.0
0000000011,0,0,0,0,0,0,0,0,1,1,0.0
0000000100,0,0,0,0,0,0,0,1,0,0,-0.0451418925442895
0000000101,0,0,0,0,0,0,0,1,0,1,-0.0036643847603386
0000000110,0,0,0,0,0,0,0,1,1,0,0.0
0000000111,0,0,0,0,0,0,0,1,1,1,0.0
0000001000,0,0,0,0,0,0,1,0,0,0,-0.0047013027324357
0000001001,0,0,0,0,0,0,1,0,0,1,0.0
0000001010,0,0,0,0,0,0,1,0,1,0,0.0
0000001011,0,0,0,0,0,0,1,0,1,1,0.0
0000001100,0,0,0,0,0,0,1,1,0,0,-0.0012443937492418
0000001101,0,0,0,0,0,0,1,1,0,1,0.0
0000001110,0,0,0,0,0,0,1,1,1,0,0.0
0000001111,0,0,0,0,0,0,1,1,1,1,0.0
0000010000,0,0,0,0,0,1,0,0,0,0,-0.0168562027689626
0000010001,0,0,0,0,0,1,0,0,0,1,-0.0008572570092443
0000010010,0,0,0,0,0,1,0,0,1,0,6.71842825864704e-05
0000010011,0,0,0,0,0,1,0,0,1,1,0.0
0000010100,0,0,0,0,0,1,0,1,0,0,-0.0136432241559429
0000010101,0,0,0,0,0,1,0,1,0,1,0.0
0000010110,0,0,0,0,0,1,0,1,1,0,0.0
0000010111,0,0,0,0,0,1,0,1,1,1,0.0
0000011000,0,0,0,0,0,1,1,0,0,0,-0.0004589106578477
0000011001,0,0,0,0,0,1,1,0,0,1,5.58287497032603e-05
0000011010,0,0,0,0,0,1,1,0,1,0,-2.67873840499884e-05
0000011011,0,0,0,0,0,1,1,0,1,1,-2.83702516990611e-05
0000011100,0,0,0,0,0,1,1,1,0,0,0.0009354177049435
0000011101,0,0,0,0,0,1,1,1,0,1,0.0
0000011110,0,0,0,0,0,1,1,1,1,0,-0.0001546812357836
0000011111,0,0,0,0,0,1,1,1,1,1,-0.0002058703345133
0000100000,0,0,0,0,1,0,0,0,0,0,-0.009107676479545
0000100001,0,0,0,0,1,0,0,0,0,1,0.0
0000100010,0,0,0,0,1,0,0,0,1,0,0.0
0000100011,0,0,0,0,1,0,0,0,1,1,0.0
0000100100,0,0,0,0,1,0,0,1,0,0,0.0180114617748638
0000100101,0,0,0,0,1,0,0,1,0,1,0.0
0000100110,0,0,0,0,1,0,0,1,1,0,0.0
0000100111,0,0,0,0,1,0,0,1,1,1,0.0
0000101000,0,0,0,0,1,0,1,0,0,0,6.14290184519208e-06
0000101001,0,0,0,0,1,0,1,0,0,1,0.0
0000101010,0,0,0,0,1,0,1,0,1,0,0.0
0000101011,0,0,0,0,1,0,1,0,1,1,0.0
0000101100,0,0,0,0,1,0,1,1,0,0,0.0003471439455057
0000101101,0,0,0,0,1,0,1,1,0,1,0.0
0000101110,0,0,0,0,1,0,1,1,1,0,0.0
0000101111,0,0,0,0,1,0,1,1,1,1,0.0
0000110000,0,0,0,0,1,1,0,0,0,0,0.0002400737368578
0000110001,0,0,0,0,1,1,0,0,0,1,0.0
0000110010,0,0,0,0,1,1,0,0,1,0,0.0
0000110011,0,0,0,0,1,1,0,0,1,1,0.0
0000110100,0,0,0,0,1,1,0,1,0,0,0.0
0000110101,0,0,0,0,1,1,0,1,0,1,0.0
0000110110,0,0,0,0,1,1,0,1,1,0,0.0
0000110111,0,0,0,0,1,1,0,1,1,1,0.0
0000111000,0,0,0,0,1,1,1,0,0,0,0.0
0000111001,0,0,0,0,1,1,1,0,0,1,0.0
0000111010,0,0,0,0,1,1,1,0,1,0,0.0
0000111011,0,0,0,0,1,1,1,0,1,1,0.0
0000111100,0,0,0,0,1,1,1,1,0,0,0.0
0000111101,0,0,0,0,1,1,1,1,0,1,0.0
0000111110,0,0,0,0,1,1,1,1,1,0,0.0
0000111111,0,0,0,0,1,1,1,1,1,1,0.0
0001000000,0,0,0,1,0,0,0,0,0,0,0.0
0001000001,0,0,0,1,0,0,0,0,0,1,0.0
0001000010,0,0,0,1,0,0,0,0,1,0,0.0
0001000011,0,0,0,1,0,0,0,0,1,1,0.0
0001000100,0,0,0,1,0,0,0,1,0,0,0.0
0001000101,0,0,0,1,0,0,0,1,0,1,0.0
0001000110,0,0,0,1,0,0,0,1,1,0,0.0
0001000111,0,0,0,1,0,0,0,1,1,1,0.0
0001001000,0,0,0,1,0,0,1,0,0,0,0.0
0001001001,0,0,0,1,0,0,1,0,0,1,0.0003043016270446
0001001010,0,0,0,1,0,0,1,0,1,0,0.0
0001001011,0,0,0,1,0,0,1,0,1,1,0.0
0001001100,0,0,0,1,0,0,1,1,0,0,0.0001967835578441
0001001101,0,0,0,1,0,0,1,1,0,1,0.0003290439234457
0001001110,0,0,0,1,0,0,1,1,1,0,0.0
0001001111,0,0,0,1,0,0,1,1,1,1,0.0
0001010000,0,0,0,1,0,1,0,0,0,0,0.0
0001010001,0,0,0,1,0,1,0,0,0,1,0.0
0001010010,0,0,0,1,0,1,0,0,1,0,0.0
0001010011,0,0,0,1,0,1,0,0,1,1,0.0
0001010100,0,0,0,1,0,1,0,1,0,0,0.0
0001010101,0,0,0,1,0,1,0,1,0,1,0.0
0001010110,0,0,0,1,0,1,0,1,1,0,0.0
0001010111,0,0,0,1,0,1,0,1,1,1,0.0
0001011000,0,0,0,1,0,1,1,0,0,0,0.0
0001011001,0,0,0,1,0,1,1,0,0,1,0.0007547879081424
0001011010,0,0,0,1,0,1,1,0,1,0,0.0
0001011011,0,0,0,1,0,1,1,0,1,1,0.0
0001011100,0,0,0,1,0,1,1,1,0,0,0.0
0001011101,0,0,0,1,0,1,1,1,0,1,0.0005666582416011
0001011110,0,0,0,1,0,1,1,1,1,0,0.0
0001011111,0,0,0,1,0,1,1,1,1,1,0.0
0001100000,0,0,0,1,1,0,0,0,0,0,0.0
0001100001,0,0,0,1,1,0,0,0,0,1,0.0
0001100010,0,0,0,1,1,0,0,0,1,0,0.0
0001100011,0,0,0,1,1,0,0,0,1,1,0.0
0001100100,0,0,0,1,1,0,0,1,0,0,0.0
0001100101,0,0,0,1,1,0,0,1,0,1,0.0
0001100110,0,0,0,1,1,0,0,1,1,0,0.0
0001100111,0,0,0,1,1,0,0,1,1,1,0.0
0001101000,0,0,0,1,1,0,1,0,0,0,0.0
0001101001,0,0,0,1,1,0,1,0,0,1,-7.66722851570314e-05
0001101010,0,0,0,1,1,0,1,0,1,0,0.0
0001101011,0,0,0,1,1,0,1,0,1,1,0.0
0001101100,0,0,0,1,1,0,1,1,0,0,0.0
0001101101,0,0,0,1,1,0,1,1,0,1,0.0
0001101110,0,0,0,1,1,0,1,1,1,0,0.0
0001101111,0,0,0,1,1,0,1,1,1,1,0.0
0001110000,0,0,0,1,1,1,0,0,0,0,0.0
0001110001,0,0,0,1,1,1,0,0,0,1,0.0
0001110010,0,0,0,1,1,1,0,0,1,0,0.0
0001110011,0,0,0,1,1,1,0,0,1,1,0.0
0001110100,0,0,0,1,1,1,0,1,0,0,0.0
0001110101,0,0,0,1,1,1,0,1,0,1,0.0
0001110110,0,0,0,1,1,1,0,1,1,0,0.0
0001110111,0,0,0,1,1,1,0,1,1,1,0.0
0001111000,0,0,0,1,1,1,1,0,0,0,0.0
0001111001,0,0,0,1,1,1,1,0,0,1,-0.0001893939141279
0001111010,0,0,0,1,1,1,1,0,1,0,0.0
0001111011,0,0,0,1,1,1,1,0,1,1,0.0
0001111100,0,0,0,1,1,1,1,1,0,0,0.0
0001111101,0,0,0,1,1,1,1,1,0,1,0.0
0001111110,0,0,0,1,1,1,1,1,1,0,0.0
0001111111,0,0,0,1,1,1,1,1,1,1,0.0
0010000000,0,0,1,0,0,0,0,0,0,0,0.0265347959013049
0010000001,0,0,1,0,0,0,0,0,0,1,0.0019710293800161
0010000010,0,0,1,0,0,0,0,0,1,0,0.0
0010000011,0,0,1,0,0,0,0,0,1,1,0.0
0010000100,0,0,1,0,0,0,0,1,0,0,0.0129352580256652
0010000101,0,0,1,0,0,0,0,1,0,1,0.0014643151088005
0010000110,0,0,1,0,0,0,0,1,1,0,0.0
0010000111,0,0,1,0,0,0,0,1,1,1,0.0
0010001000,0,0,1,0,0,0,1,0,0,0,0.0
0010001001,0,0,1,0,0,0,1,0,0,1,-1.00902338894528e-05
0010001010,0,0,1,0,0,0,1,0,1,0,0.0
0010001011,0,0,1,0,0,0,1,0,1,1,0.0
0010001100,0,0,1,0,0,0,1,1,0,0,0.0
0010001101,0,0,1,0,0,0,1,1,0,1,0.0
0010001110,0,0,1,0,0,0,1,1,1,0,0.0
0010001111,0,0,1,0,0,0,1,1,1,1,0.0
0010010000,0,0,1,0,0,1,0,0,0,0,0.0089920594674467
0010010001,0,0,1,0,0,1,0,0,0,1,0.0
0010010010,0,0,1,0,0,1,0,0,1,0,0.0
0010010011,0,0,1,0,0,1,0,0,1,1,0.0
0010010100,0,0,1,0,0,1,0,1,0,0,0.0075728868203391
0010010101,0,0,1,0,0,1,0,1,0,1,0.0
0010010110,0,0,1,0,0,1,0,1,1,0,0.0
0010010111,0,0,1,0,0,1,0,1,1,1,0.0
0010011000,0,0,1,0,0,1,1,0,0,0,-1.51357671237776e-05
0010011001,0,0,1,0,0,1,1,0,0,1,0.0
0010011010,0,0,1,0,0,1,1,0,1,0,0.0
0010011011,0,0,1,0,0,1,1,0,1,1,0.0
0010011100,0,0,1,0,0,1,1,1,0,0,-0.000212262851712
0010011101,0,0,1,0,0,1,1,1,0,1,0.0
0010011110,0,0,1,0,0,1,1,1,1,0,0.0
0010011111,0,0,1,0,0,1,1,1,1,1,0.0
0010100000,0,0,1,0,1,0,0,0,0,0,-0.0001885061726397
0010100001,0,0,1,0,1,0,0,0,0,1,0.0
0010100010,0,0,1,0,1,0,0,0,1,0,0.0
0010100011,0,0,1,0,1,0,0,0,1,1,0.0
0010100100,0,0,1,0,1,0,0,1,0,0,0.0011615035510288
0010100101,0,0,1,0,1,0,0,1,0,1,0.0
0010100110,0,0,1,0,1,0,0,1,1,0,0.0
0010100111,0,0,1,0,1,0,0,1,1,1,0.0
0010101000,0,0,1,0,1,0,1,0,0,0,0.0
0010101001,0,0,1,0,1,0,1,0,0,1,0.0
0010101010,0,0,1,0,1,0,1,0,1,0,0.0
0010101011,0,0,1,0,1,0,1,0,1,1,0.0
0010101100,0,0,1,0,1,0,1,1,0,0,0.0
0010101101,0,0,1,0,1,0,1,1,0,1,0.0
0010101110,0,0,1,0,1,0,1,1,1,0,0.0
0010101111,0,0,1,0,1,0,1,1,1,1,0.0
0010110000,0,0,1,0,1,1,0,0,0,0,0.0001090837097627
0010110001,0,0,1,0,1,1,0,0,0,1,0.0
0010110010,0,0,1,0,1,1,0,0,1,0,0.0
0010110011,0,0,1,0,1,1,0,0,1,1,0.0
0010110100,0,0,1,0,1,1,0,1,0,0,0.0
0010110101,0,0,1,0,1,1,0,1,0,1,0.0
0010110110,0,0,1,0,1,1,0,1,1,0,0.0
0010110111,0,0,1,0,1,1,0,1,1,1,0.0
0010111000,0,0,1,0,1,1,1,0,0,0,0.0
0010111001,0,0,1,0,1,1,1,0,0,1,0.0
0010111010,0,0,1,0,1,1,1,0,1,0,0.0
0010111011,0,0,1,0,1,1,1,0,1,1,0.0
0010111100,0,0,1,0,1,1,1,1,0,0,6.31803178605601e-05
0010111101,0,0,1,0,1,1,1,1,0,1,0.0
0010111110,0,0,1,0,1,1,1,1,1,0,0.0
0010111111,0,0,1,0,1,1,1,1,1,1,0.0
0011000000,0,0,1,1,0,0,0,0,0,0,0.0
0011000001,0,0,1,1,0,0,0,0,0,1,0.0
0011000010,0,0,1,1,0,0,0,0,1,0,0.0
0011000011,0,0,1,1,0,0,0,0,1,1,0.0
0011000100,0,0,1,1,0,0,0,1,0,0,0.0
0011000101,0,0,1,1,0,0,0,1,0,1,-3.22813651413884e-05
0011000110,0,0,1,1,0,0,0,1,1,0,0.0
0011000111,0,0,1,1,0,0,0,1,1,1,0.0
0011001000,0,0,1,1,0,0,1,0,0,0,0.0
0011001001,0,0,1,1,0,0,1,0,0,1,0.0
0011001010,0,0,1,1,0,0,1,0,1,0,0.0
0011001011,0,0,1,1,0,0,1,0,1,1,0.0
0011001100,0,0,1,1,0,0,1,1,0,0,0.0
0011001101,0,0,1,1,0,0,1,1,0,1,0.0
0011001110,0,0,1,1,0,0,1,1,1,0,0.0
0011001111,0,0,1,1,0,0,1,1,1,1,-0.0001481920846427
0011010000,0,0,1,1,0,1,0,0,0,0,0.0
0011010001,0,0,1,1,0,1,0,0,0,1,0.0
0011010010,0,0,1,1,0,1,0,0,1,0,0.0
0011010011,0,0,1,1,0,1,0,0,1,1,0.0
0011010100,0,0,1,1,0,1,0,1,0,0,0.0
0011010101,0,0,1,1,0,1,0,1,0,1,0.0
0011010110,0,0,1,1,0,1,0,1,1,0,0.0
0011010111,0,0,1,1,0,1,0,1,1,1,0.0
0011011000,0,0,1,1,0,1,1,0,0,0,0.0
0011011001,0,0,1,1,0,1,1,0,0,1,0.0
0011011010,0,0,1,1,0,1,1,0,1,0,0.0
0011011011,0,0,1,1,0,1,1,0,1,1,0.0
0011011100,0,0,1,1,0,1,1,1,0,0,-1.46698953980424e-05
0011011101,0,0,1,1,0,1,1,1,0,1,0.0
0011011110,0,0,1,1,0,1,1,1,1,0,0.0
0011011111,0,0,1,1,0,1,1,1,1,1,0.0
0011100000,0,0,1,1,1,0,0,0,0,0,0.0002250183811847
0011100001,0,0,1,1,1,0,0,0,0,1,7.79093891645433e-05
0011100010,0,0,1,1,1,0,0,0,1,0,0.0
0011100011,0,0,1,1,1,0,0,0,1,1,0.0
0011100100,0,0,1,1,1,0,0,1,0,0,0.0
0011100101,0,0,1,1,1,0,0,1,0,1,0.0
0011100110,0,0,1,1,1,0,0,1,1,0,0.0
0011100111,0,0,1,1,1,0,0,1,1,1,0.0
0011101000,0,0,1,1,1,0,1,0,0,0,0.0
0011101001,0,0,1,1,1,0,1,0,0,1,0.0
0011101010,0,0,1,1,1,0,1,0,1,0,0.0
0011101011,0,0,1,1,1,0,1,0,1,1,0.0002801366029046
0011101100,0,0,1,1,1,0,1,1,0,0,0.0
0011101101,0,0,1,1,1,0,1,1,0,1,0.0
0011101110,0,0,1,1,1,0,1,1,1,0,0.0
0011101111,0,0,1,1,1,0,1,1,1,1,0.0002447705728667
0011110000,0,0,1,1,1,1,0,0,0,0,0.0
0011110001,0,0,1,1,1,1,0,0,0,1,0.0
0011110010,0,0,1,1,1,1,0,0,1,0,0.0
0011110011,0,0,1,1,1,1,0,0,1,1,0.0
0011110100,0,0,1,1,1,1,0,1,0,0,0.0
0011110101,0,0,1,1,1,1,0,1,0,1,0.0
0011110110,0,0,1,1,1,1,0,1,1,0,0.0
0011110111,0,0,1,1,1,1,0,1,1,1,0.0
0011111000,0,0,1,1,1,1,1,0,0,0,0.0
0011111001,0,0,1,1,1,1,1,0,0,1,7.37951788421604e-05
0011111010,0,0,1,1,1,1,1,0,1,0,0.0
0011111011,0,0,1,1,1,1,1,0,1,1,0.0
0011111100,0,0,1,1,1,1,1,1,0,0,0.0002308464516192
0011111101,0,0,1,1,1,1,1,1,0,1,0.0
0011111110,0,0,1,1,1,1,1,1,1,0,0.0
0011111111,0,0,1,1,1,1,1,1,1,1,0.0
0100000000,0,1,0,0,0,0,0,0,0,0,0.0018711048552335
0100000001,0,1,0,0,0,0,0,0,0,1,0.0
0100000010,0,1,0,0,0,0,0,0,1,0,0.0
0100000011,0,1,0,0,0,0,0,0,1,1,0.0
0100000100,0,1,0,0,0,0,0,1,0,0,0.0
0100000101,0,1,0,0,0,0,0,1,0,1,0.0
0100000110,0,1,0,0,0,0,0,1,1,0,0.0002570108569485
0100000111,0,1,0,0,0,0,0,1,1,1,0.0
0100001000,0,1,0,0,0,0,1,0,0,0,0.0
0100001001,0,1,0,0,0,0,1,0,0,1,0.0
0100001010,0,1,0,0,0,0,1,0,1,0,0.0
0100001011,0,1,0,0,0,0,1,0,1,1,0.0
0100001100,0,1,0,0,0,0,1,1,0,0,0.0
0100001101,0,1,0,0,0,0,1,1,0,1,0.0
0100001110,0,1,0,0,0,0,1,1,1,0,0.0
0100001111,0,1,0,0,0,0,1,1,1,1,0.0
0100010000,0,1,0,0,0,1,0,0,0,0,0.0008044695854003
0100010001,0,1,0,0,0,1,0,0,0,1,0.0
0100010010,0,1,0,0,0,1,0,0,1,0,0.0
0100010011,0,1,0,0,0,1,0,0,1,1,-0.0002668543082439
0100010100,0,1,0,0,0,1,0,1,0,0,0.0
0100010101,0,1,0,0,0,1,0,1,0,1,0.0
0100010110,0,1,0,0,0,1,0,1,1,0,0.0
0100010111,0,1,0,0,0,1,0,1,1,1,-0.000131092909625
0100011000,0,1,0,0,0,1,1,0,0,0,0.0
0100011001,0,1,0,0,0,1,1,0,0,1,0.0
0100011010,0,1,0,0,0,1,1,0,1,0,0.0
0100011011,0,1,0,0,0,1,1,0,1,1,0.0
0100011100,0,1,0,0,0,1,1,1,0,0,0.0
0100011101,0,1,0,0,0,1,1,1,0,1,0.0
0100011110,0,1,0,0,0,1,1,1,1,0,0.0
0100011111,0,1,0,0,0,1,1,1,1,1,0.0
0100100000,0,1,0,0,1,0,0,0,0,0,0.0
0100100001,0,1,0,0,1,0,0,0,0,1,0.0
0100100010,0,1,0,0,1,0,0,0,1,0,0.0
0100100011,0,1,0,0,1,0,0,0,1,1,0.0
0100100100,0,1,0,0,1,0,0,1,0,0,0.0
0100100101,0,1,0,0,1,0,0,1,0,1,0.0
0100100110,0,1,0,0,1,0,0,1,1,0,0.0
0100100111,0,1,0,0,1,0,0,1,1,1,0.0
0100101000,0,1,0,0,1,0,1,0,0,0,0.0
0100101001,0,1,0,0,1,0,1,0,0,1,0.0
0100101010,0,1,0,0,1,0,1,0,1,0,2.67523338853879e-05
0100101011,0,1,0,0,1,0,1,0,1,1,0.0
0100101100,0,1,0,0,1,0,1,1,0,0,0.0
0100101101,0,1,0,0,1,0,1,1,0,1,0.0
0100101110,0,1,0,0,1,0,1,1,1,0,0.0
0100101111,0,1,0,0,1,0,1,1,1,1,0.0
0100110000,0,1,0,0,1,1,0,0,0,0,0.0
0100110001,0,1,0,0,1,1,0,0,0,1,0.0
0100110010,0,1,0,0,1,1,0,0,1,0,0.0
0100110011,0,1,0,0,1,1,0,0,1,1,0.0
0100110100,0,1,0,0,1,1,0,1,0,0,0.0
0100110101,0,1,0,0,1,1,0,1,0,1,0.0
0100110110,0,1,0,0,1,1,0,1,1,0,0.0
0100110111,0,1,0,0,1,1,0,1,1,1,0.0
0100111000,0,1,0,0,1,1,1,0,0,0,0.0
0100111001,0,1,0,0,1,1,1,0,0,1,0.0
0100111010,0,1,0,0,1,1,1,0,1,0,0.0
0100111011,0,1,0,0,1,1,1,0,1,1,0.0
0100111100,0,1,0,0,1,1,1,1,0,0,6.04056902126956e-05
0100111101,0,1,0,0,1,1,1,1,0,1,0.0
0100111110,0,1,0,0,1,1,1,1,1,0,0.0
0100111111,0,1,0,0,1,1,1,1,1,1,0.0
0101000000,0,1,0,1,0,0,0,0,0,0,0.0
0101000001,0,1,0,1,0,0,0,0,0,1,0.0
0101000010,0,1,0,1,0,0,0,0,1,0,0.0
0101000011,0,1,0,1,0,0,0,0,1,1,0.0
0101000100,0,1,0,1,0,0,0,1,0,0,0.0
0101000101,0,1,0,1,0,0,0,1,0,1,0.0
0101000110,0,1,0,1,0,0,0,1,1,0,0.0
0101000111,0,1,0,1,0,0,0,1,1,1,0.0
0101001000,0,1,0,1,0,0,1,0,0,0,0.0
0101001001,0,1,0,1,0,0,1,0,0,1,0.0
0101001010,0,1,0,1,0,0,1,0,1,0,0.0
0101001011,0,1,0,1,0,0,1,0,1,1,0.0
0101001100,0,1,0,1,0,0,1,1,0,0,0.0
0101001101,0,1,0,1,0,0,1,1,0,1,0.0
0101001110,0,1,0,1,0,0,1,1,1,0,0.0
0101001111,0,1,0,1,0,0,1,1,1,1,0.0
0101010000,0,1,0,1,0,1,0,0,0,0,0.0001400831228116
0101010001,0,1,0,1,0,1,0,0,0,1,0.0
0101010010,0,1,0,1,0,1,0,0,1,0,0.0
0101010011,0,1,0,1,0,1,0,0,1,1,0.0
0101010100,0,1,0,1,0,1,0,1,0,0,0.0
0101010101,0,1,0,1,0,1,0,1,0,1,0.0
0101010110,0,1,0,1,0,1,0,1,1,0,0.0
0101010111,0,1,0,1,0,1,0,1,1,1,0.0
0101011000,0,1,0,1,0,1,1,0,0,0,0.0001999764262137
0101011001,0,1,0,1,0,1,1,0,0,1,0.0
0101011010,0,1,0,1,0,1,1,0,1,0,0.0
0101011011,0,1,0,1,0,1,1,0,1,1,0.0
0101011100,0,1,0,1,0,1,1,1,0,0,0.0
0101011101,0,1,0,1,0,1,1,1,0,1,0.0
0101011110,0,1,0,1,0,1,1,1,1,0,0.0
0101011111,0,1,0,1,0,1,1,1,1,1,0.0
0101100000,0,1,0,1,1,0,0,0,0,0,0.0
0101100001,0,1,0,1,1,0,0,0,0,1,0.0
0101100010,0,1,0,1,1,0,0,0,1,0,0.0
0101100011,0,1,0,1,1,0,0,0,1,1,0.0
0101100100,0,1,0,1,1,0,0,1,0,0,0.0
0101100101,0,1,0,1,1,0,0,1,0,1,0.0
0101100110,0,1,0,1,1,0,0,1,1,0,0.0
0101100111,0,1,0,1,1,0,0,1,1,1,0.0
0101101000,0,1,0,1,1,0,1,0,0,0,0.0
0101101001,0,1,0,1,1,0,1,0,0,1,0.0
0101101010,0,1,0,1,1,0,1,0,1,0,0.0
0101101011,0,1,0,1,1,0,1,0,1,1,0.0
0101101100,0,1,0,1,1,0,1,1,0,0,0.0
0101101101,0,1,0,1,1,0,1,1,0,1,0.0
0101101110,0,1,0,1,1,0,1,1,1,0,0.0
0101101111,0,1,0,1,1,0,1,1,1,1,0.0
0101110000,0,1,0,1,1,1,0,0,0,0,0.0
0101110001,0,1,0,1,1,1,0,0,0,1,0.0
0101110010,0,1,0,1,1,1,0,0,1,0,0.0
0101110011,0,1,0,1,1,1,0,0,1,1,0.0
0101110100,0,1,0,1,1,1,0,1,0,0,0.0
0101110101,0,1,0,1,1,1,0,1,0,1,0.0
0101110110,0,1,0,1,1,1,0,1,1,0,0.0
0101110111,0,1,0,1,1,1,0,1,1,1,0.0
0101111000,0,1,0,1,1,1,1,0,0,0,0.0
0101111001,0,1,0,1,1,1,1,0,0,1,0.0
0101111010,0,1,0,1,1,1,1,0,1,0,0.0
0101111011,0,1,0,1,1,1,1,0,1,1,0.0
0101111100,0,1,0,1,1,1,1,1,0,0,0.0
0101111101,0,1,0,1,1,1,1,1,0,1,0.0
0101111110,0,1,0,1,1,1,1,1,1,0,0.0
0101111111,0,1,0,1,1,1,1,1,1,1,0.0
0110000000,0,1,1,0,0,0,0,0,0,0,0.0
0110000001,0,1,1,0,0,0,0,0,0,1,0.0
0110000010,0,1,1,0,0,0,0,0,1,0,0.0
0110000011,0,1,1,0,0,0,0,0,1,1,0.0002742302139353
0110000100,0,1,1,0,0,0,0,1,0,0,0.0
0110000101,0,1,1,0,0,0,0,1,0,1,0.0
0110000110,0,1,1,0,0,0,0,1,1,0,0.0
0110000111,0,1,1,0,0,0,0,1,1,1,0.0002042163374881
0110001000,0,1,1,0,0,0,1,0,0,0,0.0
0110001001,0,1,1,0,0,0,1,0,0,1,0.0
0110001010,0,1,1,0,0,0,1,0,1,0,0.0
0110001011,0,1,1,0,0,0,1,0,1,1,0.0
0110001100,0,1,1,0,0,0,1,1,0,0,0.0
0110001101,0,1,1,0,0,0,1,1,0,1,0.0
0110001110,0,1,1,0,0,0,1,1,1,0,0.0
0110001111,0,1,1,0,0,0,1,1,1,1,0.0
0110010000,0,1,1,0,0,1,0,0,0,0,0.0
0110010001,0,1,1,0,0,1,0,0,0,1,0.0
0110010010,0,1,1,0,0,1,0,0,1,0,0.0
0110010011,0,1,1,0,0,1,0,0,1,1,0.0
0110010100,0,1,1,0,0,1,0,1,0,0,0.0
0110010101,0,1,1,0,0,1,0,1,0,1,0.0
0110010110,0,1,1,0,0,1,0,1,1,0,0.0
0110010111,0,1,1,0,0,1,0,1,1,1,0.0
0110011000,0,1,1,0,0,1,1,0,0,0,0.0
0110011001,0,1,1,0,0,1,1,0,0,1,0.0
0110011010,0,1,1,0,0,1,1,0,1,0,0.0
0110011011,0,1,1,0,0,1,1,0,1,1,0.0
0110011100,0,1,1,0,0,1,1,1,0,0,0.0003176888535387
0110011101,0,1,1,0,0,1,1,1,0,1,0.0
0110011110,0,1,1,0,0,1,1,1,1,0,8.02534969579106e-05
0110011111,0,1,1,0,0,1,1,1,1,1,0.0
0110100000,0,1,1,0,1,0,0,0,0,0,0.0
0110100001,0,1,1,0,1,0,0,0,0,1,0.0
0110100010,0,1,1,0,1,0,0,0,1,0,0.0
0110100011,0,1,1,0,1,0,0,0,1,1,0.0
0110100100,0,1,1,0,1,0,0,1,0,0,0.0
0110100101,0,1,1,0,1,0,0,1,0,1,0.0
0110100110,0,1,1,0,1,0,0,1,1,0,0.0
0110100111,0,1,1,0,1,0,0,1,1,1,-0.0004764884704646
0110101000,0,1,1,0,1,0,1,0,0,0,0.0
0110101001,0,1,1,0,1,0,1,0,0,1,0.0
0110101010,0,1,1,0,1,0,1,0,1,0,0.0
0110101011,0,1,1,0,1,0,1,0,1,1,0.0
0110101100,0,1,1,0,1,0,1,1,0,0,0.0
0110101101,0,1,1,0,1,0,1,1,0,1,0.0
0110101110,0,1,1,0,1,0,1,1,1,0,0.0
0110101111,0,1,1,0,1,0,1,1,1,1,0.0
0110110000,0,1,1,0,1,1,0,0,0,0,0.0
0110110001,0,1,1,0,1,1,0,0,0,1,0.0
0110110010,0,1,1,0,1,1,0,0,1,0,0.0
0110110011,0,1,1,0,1,1,0,0,1,1,0.0
0110110100,0,1,1,0,1,1,0,1,0,0,0.0
0110110101,0,1,1,0,1,1,0,1,0,1,0.0
0110110110,0,1,1,0,1,1,0,1,1,0,0.0
0110110111,0,1,1,0,1,1,0,1,1,1,0.0
0110111000,0,1,1,0,1,1,1,0,0,0,-7.12073010544684e-05
0110111001,0,1,1,0,1,1,1,0,0,1,0.0
0110111010,0,1,1,0,1,1,1,0,1,0,-0.0010548220512851
0110111011,0,1,1,0,1,1,1,0,1,1,0.0
0110111100,0,1,1,0,1,1,1,1,0,0,0.0
0110111101,0,1,1,0,1,1,1,1,0,1,0.0
0110111110,0,1,1,0,1,1,1,1,1,0,-0.0008013813957434
0110111111,0,1,1,0,1,1,1,1,1,1,0.0
0111000000,0,1,1,1,0,0,0,0,0,0,0.0
0111000001,0,1,1,1,0,0,0,0,0,1,0.0
0111000010,0,1,1,1,0,0,0,0,1,0,0.0
0111000011,0,1,1,1,0,0,0,0,1,1,0.0
0111000100,0,1,1,1,0,0,0,1,0,0,0.0
0111000101,0,1,1,1,0,0,0,1,0,1,0.0
0111000110,0,1,1,1,0,0,0,1,1,0,0.0
0111000111,0,1,1,1,0,0,0,1,1,1,0.0
0111001000,0,1,1,1,0,0,1,0,0,0,0.0
0111001001,0,1,1,1,0,0,1,0,0,1,0.0
0111001010,0,1,1,1,0,0,1,0,1,0,0.0
0111001011,0,1,1,1,0,0,1,0,1,1,0.0
0111001100,0,1,1,1,0,0,1,1,0,0,0.0
0111001101,0,1,1,1,0,0,1,1,0,1,0.0
0111001110,0,1,1,1,0,0,1,1,1,0,0.0
0111001111,0,1,1,1,0,0,1,1,1,1,0.0
0111010000,0,1,1,1,0,1,0,0,0,0,0.0
0111010001,0,1,1,1,0,1,0,0,0,1,0.0
0111010010,0,1,1,1,0,1,0,0,1,0,0.0
0111010011,0,1,1,1,0,1,0,0,1,1,0.0
0111010100,0,1,1,1,0,1,0,1,0,0,0.0
0111010101,0,1,1,1,0,1,0,1,0,1,0.0
0111010110,0,1,1,1,0,1,0,1,1,0,0.0
0111010111,0,1,1,1,0,1,0,1,1,1,0.0
0111011000,0,1,1,1,0,1,1,0,0,0,0.0
0111011001,0,1,1,1,0,1,1,0,0,1,0.0
0111011010,0,1,1,1,0,1,1,0,1,0,0.0
0111011011,0,1,1,1,0,1,1,0,1,1,0.0
0111011100,0,1,1,1,0,1,1,1,0,0,0.0
0111011101,0,1,1,1,0,1,1,1,0,1,0.0
0111011110,0,1,1,1,0,1,1,1,1,0,0.0
0111011111,0,1,1,1,0,1,1,1,1,1,0.0
0111100000,0,1,1,1,1,0,0,0,0,0,0.0
0111100001,0,1,1,1,1,0,0,0,0,1,0.0
0111100010,0,1,1,1,1,0,0,0,1,0,0.0
0111100011,0,1,1,1,1,0,0,0,1,1,0.0
0111100100,0,1,1,1,1,0,0,1,0,0,0.0
0111100101,0,1,1,1,1,0,0,1,0,1,0.0
0111100110,0,1,1,1,1,0,0,1,1,0,0.0
0111100111,0,1,1,1,1,0,0,1,1,1,0.0
0111101000,0,1,1,1,1,0,1,0,0,0,0.0
0111101001,0,1,1,1,1,0,1,0,0,1,0.0
0111101010,0,1,1,1,1,0,1,0,1,0,0.0
0111101011,0,1,1,1,1,0,1,0,1,1,0.0
0111101100,0,1,1,1,1,0,1,1,0,0,0.0
0111101101,0,1,1,1,1,0,1,1,0,1,0.0
0111101110,0,1,1,1,1,0,1,1,1,0,0.0
0111101111,0,1,1,1,1,0,1,1,1,1,0.0
0111110000,0,1,1,1,1,1,0,0,0,0,0.0003019030929592
0111110001,0,1,1,1,1,1,0,0,0,1,0.0
0111110010,0,1,1,1,1,1,0,0,1,0,0.0
0111110011,0,1,1,1,1,1,0,0,1,1,0.0
0111110100,0,1,1,1,1,1,0,1,0,0,0.0001233045856727
0111110101,0,1,1,1,1,1,0,1,0,1,0.0
0111110110,0,1,1,1,1,1,0,1,1,0,0.0
0111110111,0,1,1,1,1,1,0,1,1,1,0.0
0111111000,0,1,1,1,1,1,1,0,0,0,0.0
0111111001,0,1,1,1,1,1,1,0,0,1,0.0
0111111010,0,1,1,1,1,1,1,0,1,0,0.0
0111111011,0,1,1,1,1,1,1,0,1,1,0.0
0111111100,0,1,1,1,1,1,1,1,0,0,0.0
0111111101,0,1,1,1,1,1,1,1,0,1,0.0
0111111110,0,1,1,1,1,1,1,1,1,0,0.0
0111111111,0,1,1,1,1,1,1,1,1,1,0.0
1000000000,1,0,0,0,0,0,0,0,0,0,-0.0113923251251932
1000000001,1,0,0,0,0,0,0,0,0,1,0.0
1000000010,1,0,0,0,0,0,0,0,1,0,0.0
1000000011,1,0,0,0,0,0,0,0,1,1,0.0
1000000100,1,0,0,0,0,0,0,1,0,0,-0.0125177191805931
1000000101,1,0,0,0,0,0,0,1,0,1,0.0
1000000110,1,0,0,0,0,0,0,1,1,0,0.0
1000000111,1,0,0,0,0,0,0,1,1,1,-0.0002402993896482
1000001000,1,0,0,0,0,0,1,0,0,0,0.0
1000001001,1,0,0,0,0,0,1,0,0,1,0.0
1000001010,1,0,0,0,0,0,1,0,1,0,-5.25541381546643e-05
1000001011,1,0,0,0,0,0,1,0,1,1,0.0
1000001100,1,0,0,0,0,0,1,1,0,0,-0.0002905058666287
1000001101,1,0,0,0,0,0,1,1,0,1,0.0
1000001110,1,0,0,0,0,0,1,1,1,0,-0.0003191235301251
1000001111,1,0,0,0,0,0,1,1,1,1,0.0
1000010000,1,0,0,0,0,1,0,0,0,0,-0.0032105891778779
1000010001,1,0,0,0,0,1,0,0,0,1,0.0
1000010010,1,0,0,0,0,1,0,0,1,0,0.0
1000010011,1,0,0,0,0,1,0,0,1,1,0.0
1000010100,1,0,0,0,0,1,0,1,0,0,-0.0034088178330353
1000010101,1,0,0,0,0,1,0,1,0,1,0.0
1000010110,1,0,0,0,0,1,0,1,1,0,0.0
1000010111,1,0,0,0,0,1,0,1,1,1,0.0
1000011000,1,0,0,0,0,1,1,0,0,0,0.0
1000011001,1,0,0,0,0,1,1,0,0,1,0.0
1000011010,1,0,0,0,0,1,1,0,1,0,-0.0009905093342273
1000011011,1,0,0,0,0,1,1,0,1,1,0.0
1000011100,1,0,0,0,0,1,1,1,0,0,0.0
1000011101,1,0,0,0,0,1,1,1,0,1,0.0
1000011110,1,0,0,0,0,1,1,1,1,0,-0.0005001103936746
1000011111,1,0,0,0,0,1,1,1,1,1,0.0
1000100000,1,0,0,0,1,0,0,0,0,0,-0.0001878688124329
1000100001,1,0,0,0,1,0,0,0,0,1,0.0
1000100010,1,0,0,0,1,0,0,0,1,0,0.0
1000100011,1,0,0,0,1,0,0,0,1,1,0.0
1000100100,1,0,0,0,1,0,0,1,0,0,0.0016583691448899
1000100101,1,0,0,0,1,0,0,1,0,1,0.0
1000100110,1,0,0,0,1,0,0,1,1,0,0.0
1000100111,1,0,0,0,1,0,0,1,1,1,0.0
1000101000,1,0,0,0,1,0,1,0,0,0,0.0
1000101001,1,0,0,0,1,0,1,0,0,1,0.0
1000101010,1,0,0,0,1,0,1,0,1,0,0.0
1000101011,1,0,0,0,1,0,1,0,1,1,0.0
1000101100,1,0,0,0,1,0,1,1,0,0,0.0001459868890956
1000101101,1,0,0,0,1,0,1,1,0,1,0.0
1000101110,1,0,0,0,1,0,1,1,1,0,0.0
1000101111,1,0,0,0,1,0,1,1,1,1,0.0
1000110000,1,0,0,0,1,1,0,0,0,0,0.0
1000110001,1,0,0,0,1,1,0,0,0,1,0.0
1000110010,1,0,0,0,1,1,0,0,1,0,0.0
1000110011,1,0,0,0,1,1,0,0,1,1,0.0
1000110100,1,0,0,0,1,1,0,1,0,0,0.000232064696941
1000110101,1,0,0,0,1,1,0,1,0,1,0.0
1000110110,1,0,0,0,1,1,0,1,1,0,0.0
1000110111,1,0,0,0,1,1,0,1,1,1,0.0
1000111000,1,0,0,0,1,1,1,0,0,0,0.0
1000111001,1,0,0,0,1,1,1,0,0,1,0.0
1000111010,1,0,0,0,1,1,1,0,1,0,2.96067031328359e-06
1000111011,1,0,0,0,1,1,1,0,1,1,0.0
1000111100,1,0,0,0,1,1,1,1,0,0,0.0
1000111101,1,0,0,0,1,1,1,1,0,1,0.0
1000111110,1,0,0,0,1,1,1,1,1,0,0.0001446848740654
1000111111,1,0,0,0,1,1,1,1,1,1,0.0
1001000000,1,0,0,1,0,0,0,0,0,0,0.0
1001000001,1,0,0,1,0,0,0,0,0,1,0.0
1001000010,1,0,0,1,0,0,0,0,1,0,7.32157884141901e-05
1001000011,1,0,0,1,0,0,0,0,1,1,0.0
1001000100,1,0,0,1,0,0,0,1,0,0,0.0
1001000101,1,0,0,1,0,0,0,1,0,1,0.0
1001000110,1,0,0,1,0,0,0,1,1,0,0.0
1001000111,1,0,0,1,0,0,0,1,1,1,0.0
1001001000,1,0,0,1,0,0,1,0,0,0,0.0
1001001001,1,0,0,1,0,0,1,0,0,1,0.0
1001001010,1,0,0,1,0,0,1,0,1,0,0.0
1001001011,1,0,0,1,0,0,1,0,1,1,0.0
1001001100,1,0,0,1,0,0,1,1,0,0,0.0
1001001101,1,0,0,1,0,0,1,1,0,1,0.0
1001001110,1,0,0,1,0,0,1,1,1,0,0.0
1001001111,1,0,0,1,0,0,1,1,1,1,0.0
1001010000,1,0,0,1,0,1,0,0,0,0,0.0
1001010001,1,0,0,1,0,1,0,0,0,1,0.0
1001010010,1,0,0,1,0,1,0,0,1,0,0.0
1001010011,1,0,0,1,0,1,0,0,1,1,0.0
1001010100,1,0,0,1,0,1,0,1,0,0,0.0
1001010101,1,0,0,1,0,1,0,1,0,1,0.0
1001010110,1,0,0,1,0,1,0,1,1,0,0.0
1001010111,1,0,0,1,0,1,0,1,1,1,0.0
1001011000,1,0,0,1,0,1,1,0,0,0,0.0
1001011001,1,0,0,1,0,1,1,0,0,1,0.0
1001011010,1,0,0,1,0,1,1,0,1,0,0.0
1001011011,1,0,0,1,0,1,1,0,1,1,0.0
1001011100,1,0,0,1,0,1,1,1,0,0,0.0
1001011101,1,0,0,1,0,1,1,1,0,1,0.0
1001011110,1,0,0,1,0,1,1,1,1,0,0.0
1001011111,1,0,0,1,0,1,1,1,1,1,0.0
1001100000,1,0,0,1,1,0,0,0,0,0,0.0
1001100001,1,0,0,1,1,0,0,0,0,1,0.0
1001100010,1,0,0,1,1,0,0,0,1,0,0.0
1001100011,1,0,0,1,1,0,0,0,1,1,0.0
1001100100,1,0,0,1,1,0,0,1,0,0,0.0
1001100101,1,0,0,1,1,0,0,1,0,1,0.0
1001100110,1,0,0,1,1,0,0,1,1,0,0.0
1001100111,1,0,0,1,1,0,0,1,1,1,0.0
1001101000,1,0,0,1,1,0,1,0,0,0,0.0
1001101001,1,0,0,1,1,0,1,0,0,1,0.0
1001101010,1,0,0,1,1,0,1,0,1,0,0.0
1001101011,1,0,0,1,1,0,1,0,1,1,0.0
1001101100,1,0,0,1,1,0,1,1,0,0,0.0
1001101101,1,0,0,1,1,0,1,1,0,1,0.0
1001101110,1,0,0,1,1,0,1,1,1,0,0.0
1001101111,1,0,0,1,1,0,1,1,1,1,0.0
1001110000,1,0,0,1,1,1,0,0,0,0,0.0
1001110001,1,0,0,1,1,1,0,0,0,1,0.0
1001110010,1,0,0,1,1,1,0,0,1,0,0.0
1001110011,1,0,0,1,1,1,0,0,1,1,0.0
1001110100,1,0,0,1,1,1,0,1,0,0,0.0
1001110101,1,0,0,1,1,1,0,1,0,1,0.0
1001110110,1,0,0,1,1,1,0,1,1,0,0.0
1001110111,1,0,0,1,1,1,0,1,1,1,0.0
1001111000,1,0,0,1,1,1,1,0,0,0,0.0
1001111001,1,0,0,1,1,1,1,0,0,1,0.0
1001111010,1,0,0,1,1,1,1,0,1,0,0.0
1001111011,1,0,0,1,1,1,1,0,1,1,0.0
1001111100,1,0,0,1,1,1,1,1,0,0,0.0
1001111101,1,0,0,1,1,1,1,1,0,1,0.0
1001111110,1,0,0,1,1,1,1,1,1,0,0.0
1001111111,1,0,0,1,1,1,1,1,1,1,0.0
1010000000,1,0,1,0,0,0,0,0,0,0,0.0041536735625502
1010000001,1,0,1,0,0,0,0,0,0,1,0.0
1010000010,1,0,1,0,0,0,0,0,1,0,0.0
1010000011,1,0,1,0,0,0,0,0,1,1,0.0
1010000100,1,0,1,0,0,0,0,1,0,0,0.0034187966010446
1010000101,1,0,1,0,0,0,0,1,0,1,0.0
1010000110,1,0,1,0,0,0,0,1,1,0,0.0
1010000111,1,0,1,0,0,0,0,1,1,1,0.0
1010001000,1,0,1,0,0,0,1,0,0,0,0.0
1010001001,1,0,1,0,0,0,1,0,0,1,0.0
1010001010,1,0,1,0,0,0,1,0,1,0,0.0008007549643036
1010001011,1,0,1,0,0,0,1,0,1,1,0.0
1010001100,1,0,1,0,0,0,1,1,0,0,0.0
1010001101,1,0,1,0,0,0,1,1,0,1,0.0
1010001110,1,0,1,0,0,0,1,1,1,0,0.0004942102707681
1010001111,1,0,1,0,0,0,1,1,1,1,0.0
1010010000,1,0,1,0,0,1,0,0,0,0,0.000549705407938
1010010001,1,0,1,0,0,1,0,0,0,1,0.0
1010010010,1,0,1,0,0,1,0,0,1,0,-9.01242308397165e-05
1010010011,1,0,1,0,0,1,0,0,1,1,0.0
1010010100,1,0,1,0,0,1,0,1,0,0,0.0007625624427183
1010010101,1,0,1,0,0,1,0,1,0,1,0.0
1010010110,1,0,1,0,0,1,0,1,1,0,-4.26665753075617e-05
1010010111,1,0,1,0,0,1,0,1,1,1,0.0
1010011000,1,0,1,0,0,1,1,0,0,0,-9.22506283959963e-05
1010011001,1,0,1,0,0,1,1,0,0,1,0.0
1010011010,1,0,1,0,0,1,1,0,1,0,0.0011560743551073
1010011011,1,0,1,0,0,1,1,0,1,1,0.0001649626672563
1010011100,1,0,1,0,0,1,1,1,0,0,-4.80972195058047e-05
1010011101,1,0,1,0,0,1,1,1,0,1,0.0
1010011110,1,0,1,0,0,1,1,1,1,0,0.0010519631641981
1010011111,1,0,1,0,0,1,1,1,1,1,0.0
1010100000,1,0,1,0,1,0,0,0,0,0,0.0002576887242518
1010100001,1,0,1,0,1,0,0,0,0,1,0.0
1010100010,1,0,1,0,1,0,0,0,1,0,0.0
1010100011,1,0,1,0,1,0,0,0,1,1,0.0
1010100100,1,0,1,0,1,0,0,1,0,0,0.0
1010100101,1,0,1,0,1,0,0,1,0,1,0.0
1010100110,1,0,1,0,1,0,0,1,1,0,0.0
1010100111,1,0,1,0,1,0,0,1,1,1,0.0
1010101000,1,0,1,0,1,0,1,0,0,0,0.0
1010101001,1,0,1,0,1,0,1,0,0,1,0.0
1010101010,1,0,1,0,1,0,1,0,1,0,0.0
1010101011,1,0,1,0,1,0,1,0,1,1,0.0
1010101100,1,0,1,0,1,0,1,1,0,0,0.0
1010101101,1,0,1,0,1,0,1,1,0,1,0.0
1010101110,1,0,1,0,1,0,1,1,1,0,0.0
1010101111,1,0,1,0,1,0,1,1,1,1,0.0
1010110000,1,0,1,0,1,1,0,0,0,0,0.0
1010110001,1,0,1,0,1,1,0,0,0,1,0.0
1010110010,1,0,1,0,1,1,0,0,1,0,0.0
1010110011,1,0,1,0,1,1,0,0,1,1,0.0
1010110100,1,0,1,0,1,1,0,1,0,0,0.0
1010110101,1,0,1,0,1,1,0,1,0,1,0.0
1010110110,1,0,1,0,1,1,0,1,1,0,0.0
1010110111,1,0,1,0,1,1,0,1,1,1,0.0
1010111000,1,0,1,0,1,1,1,0,0,0,0.0
1010111001,1,0,1,0,1,1,1,0,0,1,0.0
1010111010,1,0,1,0,1,1,1,0,1,0,-0.0002108889420975
1010111011,1,0,1,0,1,1,1,0,1,1,0.0
1010111100,1,0,1,0,1,1,1,1,0,0,0.0
1010111101,1,0,1,0,1,1,1,1,0,1,0.0
1010111110,1,0,1,0,1,1,1,1,1,0,0.0
1010111111,1,0,1,0,1,1,1,1,1,1,0.0
1011000000,1,0,1,1,0,0,0,0,0,0,0.0
1011000001,1,0,1,1,0,0,0,0,0,1,0.0
1011000010,1,0,1,1,0,0,0,0,1,0,0.0
1011000011,1,0,1,1,0,0,0,0,1,1,0.0
1011000100,1,0,1,1,0,0,0,1,0,0,0.0
1011000101,1,0,1,1,0,0,0,1,0,1,0.0
1011000110,1,0,1,1,0,0,0,1,1,0,0.0
1011000111,1,0,1,1,0,0,0,1,1,1,0.0
1011001000,1,0,1,1,0,0,1,0,0,0,0.0
1011001001,1,0,1,1,0,0,1,0,0,1,0.0
1011001010,1,0,1,1,0,0,1,0,1,0,0.0
1011001011,1,0,1,1,0,0,1,0,1,1,-4.50775822945244e-05
1011001100,1,0,1,1,0,0,1,1,0,0,0.0
1011001101,1,0,1,1,0,0,1,1,0,1,0.0
1011001110,1,0,1,1,0,0,1,1,1,0,0.0
1011001111,1,0,1,1,0,0,1,1,1,1,0.0
1011010000,1,0,1,1,0,1,0,0,0,0,0.0
1011010001,1,0,1,1,0,1,0,0,0,1,0.0
1011010010,1,0,1,1,0,1,0,0,1,0,0.0
1011010011,1,0,1,1,0,1,0,0,1,1,0.0
1011010100,1,0,1,1,0,1,0,1,0,0,0.0
1011010101,1,0,1,1,0,1,0,1,0,1,0.0
1011010110,1,0,1,1,0,1,0,1,1,0,0.0
1011010111,1,0,1,1,0,1,0,1,1,1,0.0
1011011000,1,0,1,1,0,1,1,0,0,0,-0.0003987274758703
1011011001,1,0,1,1,0,1,1,0,0,1,-0.0001725311090756
1011011010,1,0,1,1,0,1,1,0,1,0,0.0
1011011011,1,0,1,1,0,1,1,0,1,1,0.0
1011011100,1,0,1,1,0,1,1,1,0,0,-9.08424195102355e-05
1011011101,1,0,1,1,0,1,1,1,0,1,-0.0006958320509163
1011011110,1,0,1,1,0,1,1,1,1,0,0.0
1011011111,1,0,1,1,0,1,1,1,1,1,0.0
1011100000,1,0,1,1,1,0,0,0,0,0,0.0
1011100001,1,0,1,1,1,0,0,0,0,1,0.0
1011100010,1,0,1,1,1,0,0,0,1,0,0.0
1011100011,1,0,1,1,1,0,0,0,1,1,0.0
1011100100,1,0,1,1,1,0,0,1,0,0,0.0
1011100101,1,0,1,1,1,0,0,1,0,1,0.0
1011100110,1,0,1,1,1,0,0,1,1,0,0.0
1011100111,1,0,1,1,1,0,0,1,1,1,0.0
1011101000,1,0,1,1,1,0,1,0,0,0,0.0
1011101001,1,0,1,1,1,0,1,0,0,1,0.0
1011101010,1,0,1,1,1,0,1,0,1,0,0.0
1011101011,1,0,1,1,1,0,1,0,1,1,0.0001559323233272
1011101100,1,0,1,1,1,0,1,1,0,0,0.0
1011101101,1,0,1,1,1,0,1,1,0,1,0.0
1011101110,1,0,1,1,1,0,1,1,1,0,0.0
1011101111,1,0,1,1,1,0,1,1,1,1,0.000185090440322
1011110000,1,0,1,1,1,1,0,0,0,0,0.0
1011110001,1,0,1,1,1,1,0,0,0,1,0.0
1011110010,1,0,1,1,1,1,0,0,1,0,0.0
1011110011,1,0,1,1,1,1,0,0,1,1,0.0
1011110100,1,0,1,1,1,1,0,1,0,0,0.0
1011110101,1,0,1,1,1,1,0,1,0,1,0.0
1011110110,1,0,1,1,1,1,0,1,1,0,0.0
1011110111,1,0,1,1,1,1,0,1,1,1,0.0
1011111000,1,0,1,1,1,1,1,0,0,0,0.0
1011111001,1,0,1,1,1,1,1,0,0,1,0.0
1011111010,1,0,1,1,1,1,1,0,1,0,0.0
1011111011,1,0,1,1,1,1,1,0,1,1,0.0
1011111100,1,0,1,1,1,1,1,1,0,0,9.54063305047369e-05
1011111101,1,0,1,1,1,1,1,1,0,1,0.0
1011111110,1,0,1,1,1,1,1,1,1,0,0.0
1011111111,1,0,1,1,1,1,1,1,1,1,0.0
1100000000,1,1,0,0,0,0,0,0,0,0,0.0
1100000001,1,1,0,0,0,0,0,0,0,1,0.0
1100000010,1,1,0,0,0,0,0,0,1,0,0.0
1100000011,1,1,0,0,0,0,0,0,1,1,0.0
1100000100,1,1,0,0,0,0,0,1,0,0,0.0
1100000101,1,1,0,0,0,0,0,1,0,1,0.0
1100000110,1,1,0,0,0,0,0,1,1,0,0.0
1100000111,1,1,0,0,0,0,0,1,1,1,0.0
1100001000,1,1,0,0,0,0,1,0,0,0,0.0
1100001001,1,1,0,0,0,0,1,0,0,1,0.0
1100001010,1,1,0,0,0,0,1,0,1,0,0.0
1100001011,1,1,0,0,0,0,1,0,1,1,0.0
1100001100,1,1,0,0,0,0,1,1,0,0,0.0
1100001101,1,1,0,0,0,0,1,1,0,1,0.0
1100001110,1,1,0,0,0,0,1,1,1,0,0.0
1100001111,1,1,0,0,0,0,1,1,1,1,0.0
1100010000,1,1,0,0,0,1,0,0,0,0,0.0
1100010001,1,1,0,0,0,1,0,0,0,1,0.0
1100010010,1,1,0,0,0,1,0,0,1,0,0.0
1100010011,1,1,0,0,0,1,0,0,1,1,0.0
1100010100,1,1,0,0,0,1,0,1,0,0,0.0
1100010101,1,1,0,0,0,1,0,1,0,1,0.0
1100010110,1,1,0,0,0,1,0,1,1,0,0.0
1100010111,1,1,0,0,0,1,0,1,1,1,0.0
1100011000,1,1,0,0,0,1,1,0,0,0,0.0
1100011001,1,1,0,0,0,1,1,0,0,1,0.0
1100011010,1,1,0,0,0,1,1,0,1,0,0.0
1100011011,1,1,0,0,0,1,1,0,1,1,0.0
1100011100,1,1,0,0,0,1,1,1,0,0,0.0
1100011101,1,1,0,0,0,1,1,1,0,1,0.0
1100011110,1,1,0,0,0,1,1,1,1,0,0.0
1100011111,1,1,0,0,0,1,1,1,1,1,0.0
1100100000,1,1,0,0,1,0,0,0,0,0,0.0
1100100001,1,1,0,0,1,0,0,0,0,1,0.0
1100100010,1,1,0,0,1,0,0,0,1,0,0.0
1100100011,1,1,0,0,1,0,0,0,1,1,0.0
1100100100,1,1,0,0,1,0,0,1,0,0,0.0
1100100101,1,1,0,0,1,0,0,1,0,1,0.0
1100100110,1,1,0,0,1,0,0,1,1,0,0.0
1100100111,1,1,0,0,1,0,0,1,1,1,-0.0001693663893711
1100101000,1,1,0,0,1,0,1,0,0,0,0.0
1100101001,1,1,0,0,1,0,1,0,0,1,0.0
1100101010,1,1,0,0,1,0,1,0,1,0,0.0
1100101011,1,1,0,0,1,0,1,0,1,1,0.0
1100101100,1,1,0,0,1,0,1,1,0,0,0.0
1100101101,1,1,0,0,1,0,1,1,0,1,0.0
1100101110,1,1,0,0,1,0,1,1,1,0,0.0
1100101111,1,1,0,0,1,0,1,1,1,1,0.0
1100110000,1,1,0,0,1,1,0,0,0,0,0.0
1100110001,1,1,0,0,1,1,0,0,0,1,0.0
1100110010,1,1,0,0,1,1,0,0,1,0,0.0
1100110011,1,1,0,0,1,1,0,0,1,1,0.0
1100110100,1,1,0,0,1,1,0,1,0,0,0.0
1100110101,1,1,0,0,1,1,0,1,0,1,0.0
1100110110,1,1,0,0,1,1,0,1,1,0,0.0
1100110111,1,1,0,0,1,1,0,1,1,1,0.0
1100111000,1,1,0,0,1,1,1,0,0,0,0.0
1100111001,1,1,0,0,1,1,1,0,0,1,0.0
1100111010,1,1,0,0,1,1,1,0,1,0,0.0
1100111011,1,1,0,0,1,1,1,0,1,1,0.0
1100111100,1,1,0,0,1,1,1,1,0,0,0.0
1100111101,1,1,0,0,1,1,1,1,0,1,0.0
1100111110,1,1,0,0,1,1,1,1,1,0,0.0
1100111111,1,1,0,0,1,1,1,1,1,1,0.0
1101000000,1,1,0,1,0,0,0,0,0,0,0.0
1101000001,1,1,0,1,0,0,0,0,0,1,0.0
1101000010,1,1,0,1,0,0,0,0,1,0,0.0
1101000011,1,1,0,1,0,0,0,0,1,1,0.0
1101000100,1,1,0,1,0,0,0,1,0,0,0.0
1101000101,1,1,0,1,0,0,0,1,0,1,0.0
1101000110,1,1,0,1,0,0,0,1,1,0,0.0
1101000111,1,1,0,1,0,0,0,1,1,1,0.0
1101001000,1,1,0,1,0,0,1,0,0,0,0.0
1101001001,1,1,0,1,0,0,1,0,0,1,0.0
1101001010,1,1,0,1,0,0,1,0,1,0,0.0
1101001011,1,1,0,1,0,0,1,0,1,1,0.0
1101001100,1,1,0,1,0,0,1,1,0,0,0.0
1101001101,1,1,0,1,0,0,1,1,0,1,0.0
1101001110,1,1,0,1,0,0,1,1,1,0,0.0
1101001111,1,1,0,1,0,0,1,1,1,1,0.0
1101010000,1,1,0,1,0,1,0,0,0,0,0.0
1101010001,1,1,0,1,0,1,0,0,0,1,0.0
1101010010,1,1,0,1,0,1,0,0,1,0,0.0
1101010011,1,1,0,1,0,1,0,0,1,1,0.0
1101010100,1,1,0,1,0,1,0,1,0,0,0.0
1101010101,1,1,0,1,0,1,0,1,0,1,0.0
1101010110,1,1,0,1,0,1,0,1,1,0,0.0
1101010111,1,1,0,1,0,1,0,1,1,1,0.0
1101011000,1,1,0,1,0,1,1,0,0,0,0.0
1101011001,1,1,0,1,0,1,1,0,0,1,0.0
1101011010,1,1,0,1,0,1,1,0,1,0,0.0001994306456329
1101011011,1,1,0,1,0,1,1,0,1,1,0.0
1101011100,1,1,0,1,0,1,1,1,0,0,0.0
1101011101,1,1,0,1,0,1,1,1,0,1,0.0
1101011110,1,1,0,1,0,1,1,1,1,0,0.0
1101011111,1,1,0,1,0,1,1,1,1,1,0.0
1101100000,1,1,0,1,1,0,0,0,0,0,0.0
1101100001,1,1,0,1,1,0,0,0,0,1,0.0
1101100010,1,1,0,1,1,0,0,0,1,0,0.0
1101100011,1,1,0,1,1,0,0,0,1,1,0.0
1101100100,1,1,0,1,1,0,0,1,0,0,0.0
1101100101,1,1,0,1,1,0,0,1,0,1,0.0
1101100110,1,1,0,1,1,0,0,1,1,0,0.0
1101100111,1,1,0,1,1,0,0,1,1,1,0.0
1101101000,1,1,0,1,1,0,1,0,0,0,0.0
1101101001,1,1,0,1,1,0,1,0,0,1,0.0
1101101010,1,1,0,1,1,0,1,0,1,0,0.0
1101101011,1,1,0,1,1,0,1,0,1,1,0.0
1101101100,1,1,0,1,1,0,1,1,0,0,0.0
1101101101,1,1,0,1,1,0,1,1,0,1,0.0
1101101110,1,1,0,1,1,0,1,1,1,0,0.0
1101101111,1,1,0,1,1,0,1,1,1,1,0.0
1101110000,1,1,0,1,1,1,0,0,0,0,0.0
1101110001,1,1,0,1,1,1,0,0,0,1,0.0
1101110010,1,1,0,1,1,1,0,0,1,0,0.0
1101110011,1,1,0,1,1,1,0,0,1,1,0.0
1101110100,1,1,0,1,1,1,0,1,0,0,0.0
1101110101,1,1,0,1,1,1,0,1,0,1,0.0
1101110110,1,1,0,1,1,1,0,1,1,0,0.0
1101110111,1,1,0,1,1,1,0,1,1,1,0.0
1101111000,1,1,0,1,1,1,1,0,0,0,0.0
1101111001,1,1,0,1,1,1,1,0,0,1,0.0
1101111010,1,1,0,1,1,1,1,0,1,0,0.0
1101111011,1,1,0,1,1,1,1,0,1,1,0.0
1101111100,1,1,0,1,1,1,1,1,0,0,0.0
1101111101,1,1,0,1,1,1,1,1,0,1,0.0
1101111110,1,1,0,1,1,1,1,1,1,0,0.0
1101111111,1,1,0,1,1,1,1,1,1,1,0.0
1110000000,1,1,1,0,0,0,0,0,0,0,0.0
1110000001,1,1,1,0,0,0,0,0,0,1,0.0
1110000010,1,1,1,0,0,0,0,0,1,0,0.0
1110000011,1,1,1,0,0,0,0,0,1,1,0.0
1110000100,1,1,1,0,0,0,0,1,0,0,0.0
1110000101,1,1,1,0,0,0,0,1,0,1,0.0
1110000110,1,1,1,0,0,0,0,1,1,0,0.0
1110000111,1,1,1,0,0,0,0,1,1,1,0.0
1110001000,1,1,1,0,0,0,1,0,0,0,0.0
1110001001,1,1,1,0,0,0,1,0,0,1,0.0
1110001010,1,1,1,0,0,0,1,0,1,0,0.0
1110001011,1,1,1,0,0,0,1,0,1,1,0.0
1110001100,1,1,1,0,0,0,1,1,0,0,0.0
1110001101,1,1,1,0,0,0,1,1,0,1,0.0
1110001110,1,1,1,0,0,0,1,1,1,0,0.0
1110001111,1,1,1,0,0,0,1,1,1,1,0.0
1110010000,1,1,1,0,0,1,0,0,0,0,0.0
1110010001,1,1,1,0,0,1,0,0,0,1,0.0
1110010010,1,1,1,0,0,1,0,0,1,0,0.0
1110010011,1,1,1,0,0,1,0,0,1,1,0.0
1110010100,1,1,1,0,0,1,0,1,0,0,0.0
1110010101,1,1,1,0,0,1,0,1,0,1,0.0
1110010110,1,1,1,0,0,1,0,1,1,0,0.0
1110010111,1,1,1,0,0,1,0,1,1,1,0.0
1110011000,1,1,1,0,0,1,1,0,0,0,0.0
1110011001,1,1,1,0,0,1,1,0,0,1,2.69480824837873e-06
1110011010,1,1,1,0,0,1,1,0,1,0,0.0
1110011011,1,1,1,0,0,1,1,0,1,1,0.0
1110011100,1,1,1,0,0,1,1,1,0,0,0.0
1110011101,1,1,1,0,0,1,1,1,0,1,4.10823508083167e-05
1110011110,1,1,1,0,0,1,1,1,1,0,0.0
1110011111,1,1,1,0,0,1,1,1,1,1,0.0
1110100000,1,1,1,0,1,0,0,0,0,0,0.0
1110100001,1,1,1,0,1,0,0,0,0,1,0.0
1110100010,1,1,1,0,1,0,0,0,1,0,0.0
1110100011,1,1,1,0,1,0,0,0,1,1,0.0
1110100100,1,1,1,0,1,0,0,1,0,0,0.0
1110100101,1,1,1,0,1,0,0,1,0,1,0.0
1110100110,1,1,1,0,1,0,0,1,1,0,0.0
1110100111,1,1,1,0,1,0,0,1,1,1,0.0
1110101000,1,1,1,0,1,0,1,0,0,0,0.0
1110101001,1,1,1,0,1,0,1,0,0,1,0.0
1110101010,1,1,1,0,1,0,1,0,1,0,0.0
1110101011,1,1,1,0,1,0,1,0,1,1,0.0
1110101100,1,1,1,0,1,0,1,1,0,0,0.0
1110101101,1,1,1,0,1,0,1,1,0,1,0.0
1110101110,1,1,1,0,1,0,1,1,1,0,0.0
1110101111,1,1,1,0,1,0,1,1,1,1,0.0
1110110000,1,1,1,0,1,1,0,0,0,0,0.0
1110110001,1,1,1,0,1,1,0,0,0,1,0.0
1110110010,1,1,1,0,1,1,0,0,1,0,0.0
1110110011,1,1,1,0,1,1,0,0,1,1,0.0
1110110100,1,1,1,0,1,1,0,1,0,0,0.0
1110110101,1,1,1,0,1,1,0,1,0,1,0.0
1110110110,1,1,1,0,1,1,0,1,1,0,0.0
1110110111,1,1,1,0,1,1,0,1,1,1,0.0
1110111000,1,1,1,0,1,1,1,0,0,0,-0.0002632303095415
1110111001,1,1,1,0,1,1,1,0,0,1,0.0
1110111010,1,1,1,0,1,1,1,0,1,0,0.0
1110111011,1,1,1,0,1,1,1,0,1,1,0.0
1110111100,1,1,1,0,1,1,1,1,0,0,-0.0003732186517966
1110111101,1,1,1,0,1,1,1,1,0,1,-0.0001627732285069
1110111110,1,1,1,0,1,1,1,1,1,0,0.0
1110111111,1,1,1,0,1,1,1,1,1,1,0.0
1111000000,1,1,1,1,0,0,0,0,0,0,0.0
1111000001,1,1,1,1,0,0,0,0,0,1,0.0
1111000010,1,1,1,1,0,0,0,0,1,0,0.0
1111000011,1,1,1,1,0,0,0,0,1,1,0.0
1111000100,1,1,1,1,0,0,0,1,0,0,0.0
1111000101,1,1,1,1,0,0,0,1,0,1,0.0
1111000110,1,1,1,1,0,0,0,1,1,0,0.0
1111000111,1,1,1,1,0,0,0,1,1,1,0.0
1111001000,1,1,1,1,0,0,1,0,0,0,0.0
1111001001,1,1,1,1,0,0,1,0,0,1,0.0
1111001010,1,1,1,1,0,0,1,0,1,0,0.0
1111001011,1,1,1,1,0,0,1,0,1,1,0.0
1111001100,1,1,1,1,0,0,1,1,0,0,0.0
1111001101,1,1,1,1,0,0,1,1,0,1,0.0
1111001110,1,1,1,1,0,0,1,1,1,0,0.0
1111001111,1,1,1,1,0,0,1,1,1,1,0.0
1111010000,1,1,1,1,0,1,0,0,0,0,0.0
1111010001,1,1,1,1,0,1,0,0,0,1,0.0
1111010010,1,1,1,1,0,1,0,0,1,0,0.0
1111010011,1,1,1,1,0,1,0,0,1,1,0.0
1111010100,1,1,1,1,0,1,0,1,0,0,0.0
1111010101,1,1,1,1,0,1,0,1,0,1,0.0
1111010110,1,1,1,1,0,1,0,1,1,0,0.0
1111010111,1,1,1,1,0,1,0,1,1,1,0.0
1111011000,1,1,1,1,0,1,1,0,0,0,0.0
1111011001,1,1,1,1,0,1,1,0,0,1,0.0
1111011010,1,1,1,1,0,1,1,0,1,0,0.0
1111011011,1,1,1,1,0,1,1,0,1,1,0.0
1111011100,1,1,1,1,0,1,1,1,0,0,0.0
1111011101,1,1,1,1,0,1,1,1,0,1,0.0
1111011110,1,1,1,1,0,1,1,1,1,0,0.0
1111011111,1,1,1,1,0,1,1,1,1,1,0.0
1111100000,1,1,1,1,1,0,0,0,0,0,0.0
1111100001,1,1,1,1,1,0,0,0,0,1,-0.0001468136221014
1111100010,1,1,1,1,1,0,0,0,1,0,0.0
1111100011,1,1,1,1,1,0,0,0,1,1,0.0
1111100100,1,1,1,1,1,0,0,1,0,0,0.0
1111100101,1,1,1,1,1,0,0,1,0,1,-1.40477356938718e-05
1111100110,1,1,1,1,1,0,0,1,1,0,0.0
1111100111,1,1,1,1,1,0,0,1,1,1,0.0
1111101000,1,1,1,1,1,0,1,0,0,0,0.0
1111101001,1,1,1,1,1,0,1,0,0,1,0.0
1111101010,1,1,1,1,1,0,1,0,1,0,0.0
1111101011,1,1,1,1,1,0,1,0,1,1,0.0
1111101100,1,1,1,1,1,0,1,1,0,0,0.0
1111101101,1,1,1,1,1,0,1,1,0,1,0.0
1111101110,1,1,1,1,1,0,1,1,1,0,0.0
1111101111,1,1,1,1,1,0,1,1,1,1,0.0
1111110000,1,1,1,1,1,1,0,0,0,0,0.0
1111110001,1,1,1,1,1,1,0,0,0,1,0.0
1111110010,1,1,1,1,1,1,0,0,1,0,0.0
1111110011,1,1,1,1,1,1,0,0,1,1,0.0
1111110100,1,1,1,1,1,1,0,1,0,0,0.0
1111110101,1,1,1,1,1,1,0,1,0,1,0.0
1111110110,1,1,1,1,1,1,0,1,1,0,0.0
1111110111,1,1,1,1,1,1,0,1,1,1,0.0
1111111000,1,1,1,1,1,1,1,0,0,0,0.0
1111111001,1,1,1,1,1,1,1,0,0,1,0.0
1111111010,1,1,1,1,1,1,1,0,1,0,0.0
1111111011,1,1,1,1,1,1,1,0,1,1,0.0
1111111100,1,1,1,1,1,1,1,1,0,0,0.0
1111111101,1,1,1,1,1,1,1,1,0,1,0.0
1111111110,1,1,1,1,1,1,1,1,1,0,0.0
1111111111,1,1,1,1,1,1,1,1,1,1,0.0
