sequences,pos1,pos2,pos3,pos4,pos5,pos6,pos7,pos8,fitness
0,0,0,0,0,0,0,0,0,0
1,0,0,0,0,0,0,0,1,1.239966667
10,0,0,0,0,0,0,1,0,0.8897
11,0,0,0,0,0,0,1,1,1.178566667
100,0,0,0,0,0,1,0,0,0.7461
101,0,0,0,0,0,1,0,1,1.291966667
110,0,0,0,0,0,1,1,0,0.818933333
111,0,0,0,0,0,1,1,1,1.074366667
1000,0,0,0,0,1,0,0,0,0.545133333
1001,0,0,0,0,1,0,0,1,1.2698
1010,0,0,0,0,1,0,1,0,0.862366667
1011,0,0,0,0,1,0,1,1,1.145233333
1100,0,0,0,0,1,1,0,0,0.778133333
1101,0,0,0,0,1,1,0,1,1.2945
1110,0,0,0,0,1,1,1,0,0.9466
1111,0,0,0,0,1,1,1,1,1.178433333
10000,0,0,0,1,0,0,0,0,1.1122
10001,0,0,0,1,0,0,0,1,1.171866667
10010,0,0,0,1,0,0,1,0,0.9983
10011,0,0,0,1,0,0,1,1,1.091133333
10100,0,0,0,1,0,1,0,0,1.087433333
10101,0,0,0,1,0,1,0,1,1.170033333
10110,0,0,0,1,0,1,1,0,1.040833333
10111,0,0,0,1,0,1,1,1,1.088133333
11000,0,0,0,1,1,0,0,0,1.0821
11001,0,0,0,1,1,0,0,1,1.208833333
11010,0,0,0,1,1,0,1,0,1.1171
11011,0,0,0,1,1,0,1,1,0.97
11100,0,0,0,1,1,1,0,0,0.967233333
11101,0,0,0,1,1,1,0,1,1.084833333
11110,0,0,0,1,1,1,1,0,1.099
11111,0,0,0,1,1,1,1,1,1.0105
100000,0,0,1,0,0,0,0,0,0.896733333
100001,0,0,1,0,0,0,0,1,1.178266667
100010,0,0,1,0,0,0,1,0,0.8024
100011,0,0,1,0,0,0,1,1,1.065666667
100100,0,0,1,0,0,1,0,0,0.933533333
100101,0,0,1,0,0,1,0,1,1.2323
100110,0,0,1,0,0,1,1,0,0.8161
100111,0,0,1,0,0,1,1,1,1.129133333
101000,0,0,1,0,1,0,0,0,0.865433333
101001,0,0,1,0,1,0,0,1,1.2076
101010,0,0,1,0,1,0,1,0,0.779966667
101011,0,0,1,0,1,0,1,1,1.076766667
101100,0,0,1,0,1,1,0,0,0.6366
101101,0,0,1,0,1,1,0,1,1.1304
101110,0,0,1,0,1,1,1,0,0.8626
101111,0,0,1,0,1,1,1,1,1.094
110000,0,0,1,1,0,0,0,0,0.9495
110001,0,0,1,1,0,0,0,1,1.079633333
110010,0,0,1,1,0,0,1,0,0.8861
110011,0,0,1,1,0,0,1,1,1.0211
110100,0,0,1,1,0,1,0,0,0.838266667
110101,0,0,1,1,0,1,0,1,1.054466667
110110,0,0,1,1,0,1,1,0,0.8584
110111,0,0,1,1,0,1,1,1,1.0715
111000,0,0,1,1,1,0,0,0,1.0172
111001,0,0,1,1,1,0,0,1,1.097866667
111010,0,0,1,1,1,0,1,0,0.9433
111011,0,0,1,1,1,0,1,1,0.982066667
111100,0,0,1,1,1,1,0,0,0.8328
111101,0,0,1,1,1,1,0,1,1.074833333
111110,0,0,1,1,1,1,1,0,0.904866667
111111,0,0,1,1,1,1,1,1,0.9989
1000000,0,1,0,0,0,0,0,0,0.4771
1000001,0,1,0,0,0,0,0,1,1.1843
1000010,0,1,0,0,0,0,1,0,0.9095
1000011,0,1,0,0,0,0,1,1,0.923366667
1000100,0,1,0,0,0,1,0,0,0.8024
1000101,0,1,0,0,0,1,0,1,1.200833333
1000110,0,1,0,0,0,1,1,0,0.929466667
1000111,0,1,0,0,0,1,1,1,0.9801
1001000,0,1,0,0,1,0,0,0,0.596466667
1001001,0,1,0,0,1,0,0,1,1.244566667
1001010,0,1,0,0,1,0,1,0,0.880633333
1001011,0,1,0,0,1,0,1,1,1.098533333
1001100,0,1,0,0,1,1,0,0,0.744533333
1001101,0,1,0,0,1,1,0,1,1.215366667
1001110,0,1,0,0,1,1,1,0,0.886666667
1001111,0,1,0,0,1,1,1,1,1.097466667
1010000,0,1,0,1,0,0,0,0,1.186833333
1010001,0,1,0,1,0,0,0,1,1.2566
1010010,0,1,0,1,0,0,1,0,1.075733333
1010011,0,1,0,1,0,0,1,1,0.9897
1010100,0,1,0,1,0,1,0,0,0.878433333
1010101,0,1,0,1,0,1,0,1,1.266066667
1010110,0,1,0,1,0,1,1,0,1.059966667
1010111,0,1,0,1,0,1,1,1,0.880133333
1011000,0,1,0,1,1,0,0,0,0.906566667
1011001,0,1,0,1,1,0,0,1,1.115466667
1011010,0,1,0,1,1,0,1,0,1.2209
1011011,0,1,0,1,1,0,1,1,1.031466667
1011100,0,1,0,1,1,1,0,0,1.067633333
1011101,0,1,0,1,1,1,0,1,1.1212
1011110,0,1,0,1,1,1,1,0,1.134033333
1011111,0,1,0,1,1,1,1,1,0.934066667
1100000,0,1,1,0,0,0,0,0,1.099133333
1100001,0,1,1,0,0,0,0,1,1.260766667
1100010,0,1,1,0,0,0,1,0,0.8257
1100011,0,1,1,0,0,0,1,1,1.101
1100100,0,1,1,0,0,1,0,0,0.8022
1100101,0,1,1,0,0,1,0,1,1.289933333
1100110,0,1,1,0,0,1,1,0,1.054333333
1100111,0,1,1,0,0,1,1,1,0.929733333
1101000,0,1,1,0,1,0,0,0,0.974933333
1101001,0,1,1,0,1,0,0,1,1.253033333
1101010,0,1,1,0,1,0,1,0,0.799166667
1101011,0,1,1,0,1,0,1,1,1.1153
1101100,0,1,1,0,1,1,0,0,0.904066667
1101101,0,1,1,0,1,1,0,1,1.189933333
1101110,0,1,1,0,1,1,1,0,0.876366667
1101111,0,1,1,0,1,1,1,1,1.092466667
1110000,0,1,1,1,0,0,0,0,1.004033333
1110001,0,1,1,1,0,0,0,1,1.014933333
1110010,0,1,1,1,0,0,1,0,0.861566667
1110011,0,1,1,1,0,0,1,1,1.000766667
1110100,0,1,1,1,0,1,0,0,0.8925
1110101,0,1,1,1,0,1,0,1,1.1056
1110110,0,1,1,1,0,1,1,0,0.8696
1110111,0,1,1,1,0,1,1,1,0.955133333
1111000,0,1,1,1,1,0,0,0,0.801333333
1111001,0,1,1,1,1,0,0,1,1.015333333
1111010,0,1,1,1,1,0,1,0,0.844166667
1111011,0,1,1,1,1,0,1,1,1.030166667
1111100,0,1,1,1,1,1,0,0,0.836033333
1111101,0,1,1,1,1,1,0,1,1.099033333
1111110,0,1,1,1,1,1,1,0,0.973666667
1111111,0,1,1,1,1,1,1,1,1.075666667
10000000,1,0,0,0,0,0,0,0,0.3349
10000001,1,0,0,0,0,0,0,1,1.149133333
10000010,1,0,0,0,0,0,1,0,0.9407
10000011,1,0,0,0,0,0,1,1,1.0534
10000100,1,0,0,0,0,1,0,0,0.85
10000101,1,0,0,0,0,1,0,1,1.258366667
10000110,1,0,0,0,0,1,1,0,1.087
10000111,1,0,0,0,0,1,1,1,1.099566667
10001000,1,0,0,0,1,0,0,0,0.506533333
10001001,1,0,0,0,1,0,0,1,1.164466667
10001010,1,0,0,0,1,0,1,0,0.9876
10001011,1,0,0,0,1,0,1,1,1.1271
10001100,1,0,0,0,1,1,0,0,0.799833333
10001101,1,0,0,0,1,1,0,1,1.182566667
10001110,1,0,0,0,1,1,1,0,0.871266667
10001111,1,0,0,0,1,1,1,1,1.116833333
10010000,1,0,0,1,0,0,0,0,0.805333333
10010001,1,0,0,1,0,0,0,1,1.155466667
10010010,1,0,0,1,0,0,1,0,0.9261
10010011,1,0,0,1,0,0,1,1,1.012566667
10010100,1,0,0,1,0,1,0,0,1.047866667
10010101,1,0,0,1,0,1,0,1,1.161066667
10010110,1,0,0,1,0,1,1,0,1.079633333
10010111,1,0,0,1,0,1,1,1,0.908033333
10011000,1,0,0,1,1,0,0,0,0.996833333
10011001,1,0,0,1,1,0,0,1,1.019933333
10011010,1,0,0,1,1,0,1,0,0.9417
10011011,1,0,0,1,1,0,1,1,1.144566667
10011100,1,0,0,1,1,1,0,0,1.035133333
10011101,1,0,0,1,1,1,0,1,0.9792
10011110,1,0,0,1,1,1,1,0,1.009866667
10011111,1,0,0,1,1,1,1,1,0.989533333
10100000,1,0,1,0,0,0,0,0,0.899633333
10100001,1,0,1,0,0,0,0,1,1.0645
10100010,1,0,1,0,0,0,1,0,0.904533333
10100011,1,0,1,0,0,0,1,1,0.885166667
10100100,1,0,1,0,0,1,0,0,0.5538
10100101,1,0,1,0,0,1,0,1,1.229433333
10100110,1,0,1,0,0,1,1,0,0.893033333
10100111,1,0,1,0,0,1,1,1,1.0327
10101000,1,0,1,0,1,0,0,0,0.913666667
10101001,1,0,1,0,1,0,0,1,1.168533333
10101010,1,0,1,0,1,0,1,0,0.914966667
10101011,1,0,1,0,1,0,1,1,1.113433333
10101100,1,0,1,0,1,1,0,0,0.9404
10101101,1,0,1,0,1,1,0,1,1.184566667
10101110,1,0,1,0,1,1,1,0,0.8385
10101111,1,0,1,0,1,1,1,1,1.077133333
10110000,1,0,1,1,0,0,0,0,0.759066667
10110001,1,0,1,1,0,0,0,1,0.937533333
10110010,1,0,1,1,0,0,1,0,0.930933333
10110011,1,0,1,1,0,0,1,1,0.9947
10110100,1,0,1,1,0,1,0,0,0.92
10110101,1,0,1,1,0,1,0,1,0.9181
10110110,1,0,1,1,0,1,1,0,0.977066667
10110111,1,0,1,1,0,1,1,1,0.945433333
10111000,1,0,1,1,1,0,0,0,1.038
10111001,1,0,1,1,1,0,0,1,1.088533333
10111010,1,0,1,1,1,0,1,0,0.939166667
10111011,1,0,1,1,1,0,1,1,1.042066667
10111100,1,0,1,1,1,1,0,0,1.1202
10111101,1,0,1,1,1,1,0,1,1.0138
10111110,1,0,1,1,1,1,1,0,0.9388
10111111,1,0,1,1,1,1,1,1,0.9383
11000000,1,1,0,0,0,0,0,0,0.413133333
11000001,1,1,0,0,0,0,0,1,1.2337
11000010,1,1,0,0,0,0,1,0,0.8786
11000011,1,1,0,0,0,0,1,1,1.102733333
11000100,1,1,0,0,0,1,0,0,0.772966667
11000101,1,1,0,0,0,1,0,1,1.252433333
11000110,1,1,0,0,0,1,1,0,0.975566667
11000111,1,1,0,0,0,1,1,1,1.001666667
11001000,1,1,0,0,1,0,0,0,0.703
11001001,1,1,0,0,1,0,0,1,1.229666667
11001010,1,1,0,0,1,0,1,0,1.024133333
11001011,1,1,0,0,1,0,1,1,1.196333333
11001100,1,1,0,0,1,1,0,0,0.6958
11001101,1,1,0,0,1,1,0,1,1.2447
11001110,1,1,0,0,1,1,1,0,1.148266667
11001111,1,1,0,0,1,1,1,1,1.116033333
11010000,1,1,0,1,0,0,0,0,1.094233333
11010001,1,1,0,1,0,0,0,1,1.109933333
11010010,1,1,0,1,0,0,1,0,1.077766667
11010011,1,1,0,1,0,0,1,1,0.900933333
11010100,1,1,0,1,0,1,0,0,0.8826
11010101,1,1,0,1,0,1,0,1,1.084366667
11010110,1,1,0,1,0,1,1,0,1.1015
11010111,1,1,0,1,0,1,1,1,0.952566667
11011000,1,1,0,1,1,0,0,0,1.098633333
11011001,1,1,0,1,1,0,0,1,1.143933333
11011010,1,1,0,1,1,0,1,0,1.050533333
11011011,1,1,0,1,1,0,1,1,1.022466667
11011100,1,1,0,1,1,1,0,0,1.0594
11011101,1,1,0,1,1,1,0,1,1.121766667
11011110,1,1,0,1,1,1,1,0,1.283766667
11011111,1,1,0,1,1,1,1,1,1.091233333
11100000,1,1,1,0,0,0,0,0,0.8323
11100001,1,1,1,0,0,0,0,1,1.236466667
11100010,1,1,1,0,0,0,1,0,0.900933333
11100011,1,1,1,0,0,0,1,1,0.998466667
11100100,1,1,1,0,0,1,0,0,0.881233333
11100101,1,1,1,0,0,1,0,1,1.2571
11100110,1,1,1,0,0,1,1,0,0.938733333
11100111,1,1,1,0,0,1,1,1,1.1171
11101000,1,1,1,0,1,0,0,0,1.0077
11101001,1,1,1,0,1,0,0,1,1.111033333
11101010,1,1,1,0,1,0,1,0,0.847033333
11101011,1,1,1,0,1,0,1,1,0.986366667
11101100,1,1,1,0,1,1,0,0,0.836033333
11101101,1,1,1,0,1,1,0,1,1.232033333
11101110,1,1,1,0,1,1,1,0,1.046733333
11101111,1,1,1,0,1,1,1,1,0.839066667
11110000,1,1,1,1,0,0,0,0,1.032666667
11110001,1,1,1,1,0,0,0,1,0.8903
11110010,1,1,1,1,0,0,1,0,1.123066667
11110011,1,1,1,1,0,0,1,1,1.056466667
11110100,1,1,1,1,0,1,0,0,0.949766667
11110101,1,1,1,1,0,1,0,1,0.8646
11110110,1,1,1,1,0,1,1,0,0.988033333
11110111,1,1,1,1,0,1,1,1,1.018666667
11111000,1,1,1,1,1,0,0,0,0.952366667
11111001,1,1,1,1,1,0,0,1,0.999066667
11111010,1,1,1,1,1,0,1,0,1.0058
11111011,1,1,1,1,1,0,1,1,1.002666667
11111100,1,1,1,1,1,1,0,0,0.808633333
11111101,1,1,1,1,1,1,0,1,0.974266667
11111110,1,1,1,1,1,1,1,0,1.040866667
11111111,1,1,1,1,1,1,1,1,0.9323