sequences,pos1,pos2,pos3,pos4,pos5,pos6,pos7,pos8,pos9,pos10,pos11,fitness
01010100111,0,1,0,1,0,1,0,0,1,1,1,9.444671080603634
01011110011,0,1,0,1,1,1,1,0,0,1,1,9.429217814621484
01010100101,0,1,0,1,0,1,0,0,1,0,1,9.0990223636398
01000100110,0,1,0,0,0,1,0,0,1,1,0,9.322948507999383
01001100010,0,1,0,0,1,1,0,0,0,1,0,8.6120176436868
01010100110,0,1,0,1,0,1,0,0,1,1,0,9.387703550270016
01010100011,0,1,0,1,0,1,0,0,0,1,1,9.04492885511273
01011100010,0,1,0,1,1,1,0,0,0,1,0,8.825192266548845
01000100111,0,1,0,0,0,1,0,0,1,1,1,9.364477463682167
01010011100,0,1,0,1,0,0,1,1,1,0,0,9.020940487329923
01000100101,0,1,0,0,0,1,0,0,1,0,1,8.763419367585273
01100100111,0,1,1,0,0,1,0,0,1,1,1,9.36930539564864
01001011000,0,1,0,0,1,0,1,1,0,0,0,8.623674426240347
01011111100,0,1,0,1,1,1,1,1,1,0,0,9.416308594729212
00010100100,0,0,0,1,0,1,0,0,1,0,0,7.0
01000100100,0,1,0,0,0,1,0,0,1,0,0,8.774891749023656
01010011101,0,1,0,1,0,0,1,1,1,0,1,9.336201262477545
01001100011,0,1,0,0,1,1,0,0,0,1,1,8.7686953426838
01011111101,0,1,0,1,1,1,1,1,1,0,1,9.45196801060604
01011100011,0,1,0,1,1,1,0,0,0,1,1,9.102654961507625
01000100010,0,1,0,0,0,1,0,0,0,1,0,8.503507856571128
01110100100,0,1,1,1,0,1,0,0,1,0,0,9.105253617910956
01000111100,0,1,0,0,0,1,1,1,1,0,0,9.326390849609064
01010111100,0,1,0,1,0,1,1,1,1,0,0,9.400563141528712
01001100111,0,1,0,0,1,1,0,0,1,1,1,9.360087626310898
01001111111,0,1,0,0,1,1,1,1,1,1,1,9.392127856004134
01010111111,0,1,0,1,0,1,1,1,1,1,1,9.475050897870814
01010111101,0,1,0,1,0,1,1,1,1,0,1,9.483269077436663
00000100100,0,0,0,0,0,1,0,0,1,0,0,7.0
01010100100,0,1,0,1,0,1,0,0,1,0,0,9.071418298435622
01100100100,0,1,1,0,0,1,0,0,1,0,0,8.784043828101742
10000100110,1,0,0,0,0,1,0,0,1,1,0,8.980388559484263
01010010111,0,1,0,1,0,0,1,0,1,1,1,9.504652037245735
01000011111,0,1,0,0,0,0,1,1,1,1,1,9.290668812757373
01010110011,0,1,0,1,0,1,1,0,0,1,1,9.454710592307652
01110100101,0,1,1,1,0,1,0,0,1,0,1,9.147548068111975
01010000111,0,1,0,1,0,0,0,0,1,1,1,9.426352818384014
01010111000,0,1,0,1,0,1,1,1,0,0,0,9.41673920953918
01011110010,0,1,0,1,1,1,1,0,0,1,0,9.386127948344573
01011000000,0,1,0,1,1,0,0,0,0,0,0,7.765532942389958
11000100110,1,1,0,0,0,1,0,0,1,1,0,9.359923137963746
01000111101,0,1,0,0,0,1,1,1,1,0,1,9.398008628829889
01011011100,0,1,0,1,1,0,1,1,1,0,0,9.070633831013083
00100100111,0,0,1,0,0,1,0,0,1,1,1,8.066497054495784
01010011111,0,1,0,1,0,0,1,1,1,1,1,9.506624262279248
01000111111,0,1,0,0,0,1,1,1,1,1,1,9.46411945410628
01000000111,0,1,0,0,0,0,0,0,1,1,1,9.146978281152396
01001110011,0,1,0,0,1,1,1,0,0,1,1,9.36794004849592
01011111010,0,1,0,1,1,1,1,1,0,1,0,9.37235306836295
01001111100,0,1,0,0,1,1,1,1,1,0,0,9.35649620662388
00001100011,0,0,0,0,1,1,0,0,0,1,1,7.0
01100010111,0,1,1,0,0,0,1,0,1,1,1,9.32873014941591
01111100111,0,1,1,1,1,1,0,0,1,1,1,9.403140318229278
00001111110,0,0,0,0,1,1,1,1,1,1,0,8.879796939561533
01011100111,0,1,0,1,1,1,0,0,1,1,1,9.432525251660271
01001110010,0,1,0,0,1,1,1,0,0,1,0,9.356261525902497
01010100001,0,1,0,1,0,1,0,0,0,0,1,8.571893239718444
11001100010,1,1,0,0,1,1,0,0,0,1,0,9.348472585763306
00100100110,0,0,1,0,0,1,0,0,1,1,0,7.610786462712245
00000100110,0,0,0,0,0,1,0,0,1,1,0,7.758954659052073
01101100010,0,1,1,0,1,1,0,0,0,1,0,8.579251627970152
01011011101,0,1,0,1,1,0,1,1,1,0,1,9.274080150806656
01001100100,0,1,0,0,1,1,0,0,1,0,0,8.79498191315109
01101100111,0,1,1,0,1,1,0,0,1,1,1,9.349265416844128
10000100100,1,0,0,0,0,1,0,0,1,0,0,8.769333816455669
01001011001,0,1,0,0,1,0,1,1,0,0,1,8.878505885235487
01011011111,0,1,0,1,1,0,1,1,1,1,1,9.48763678154242
01001111110,0,1,0,0,1,1,1,1,1,1,0,9.33727175377758
01110111110,0,1,1,1,0,1,1,1,1,1,0,9.417831470969755
00010011101,0,0,0,1,0,0,1,1,1,0,1,8.897159190776398
01000101101,0,1,0,0,0,1,0,1,1,0,1,8.607867216835468
00000100111,0,0,0,0,0,1,0,0,1,1,1,8.037178308832384
01010000100,0,1,0,1,0,0,0,0,1,0,0,8.57975220031677
01001011110,0,1,0,0,1,0,1,1,1,1,0,9.263000493410992
01011000001,0,1,0,1,1,0,0,0,0,0,1,8.46617674972264
01010011110,0,1,0,1,0,0,1,1,1,1,0,9.325880942457196
00000111110,0,0,0,0,0,1,1,1,1,1,0,8.794214399656292
00000111100,0,0,0,0,0,1,1,1,1,0,0,8.75776240301573
01011011110,0,1,0,1,1,0,1,1,1,1,0,9.324919523729852
00011011100,0,0,0,1,1,0,1,1,1,0,0,8.684919339169541
00001111111,0,0,0,0,1,1,1,1,1,1,1,9.004220782158468
00010100101,0,0,0,1,0,1,0,0,1,0,1,7.0
11010100100,1,1,0,1,0,1,0,0,1,0,0,9.39667483212585
01111100110,0,1,1,1,1,1,0,0,1,1,0,9.384580756333854
01000011100,0,1,0,0,0,0,1,1,1,0,0,8.872782423642962
01010101110,0,1,0,1,0,1,0,1,1,1,0,9.091170832717172
10010100111,1,0,0,1,0,1,0,0,1,1,1,9.272207761649378
01101011011,0,1,1,0,1,0,1,1,0,1,1,9.024602280231912
01111111100,0,1,1,1,1,1,1,1,1,0,0,9.390781515511996
01011100000,0,1,0,1,1,1,0,0,0,0,0,8.33837228809797
01010101100,0,1,0,1,0,1,0,1,1,0,0,8.821399225846934
01100010110,0,1,1,0,0,0,1,0,1,1,0,9.326100081129594
00100111111,0,0,1,0,0,1,1,1,1,1,1,9.084753453954312
01001011101,0,1,0,0,1,0,1,1,1,0,1,8.970137079192495
10010111111,1,0,0,1,0,1,1,1,1,1,1,9.39950872187564
00000111111,0,0,0,0,0,1,1,1,1,1,1,9.008126653760804
01000000101,0,1,0,0,0,0,0,0,1,0,1,8.289750318791139
00101100010,0,0,1,0,1,1,0,0,0,1,0,7.0
00011011101,0,0,0,1,1,0,1,1,1,0,1,8.896510007935992
01100111011,0,1,1,0,0,1,1,1,0,1,1,9.34408386454136
00110111100,0,0,1,1,0,1,1,1,1,0,0,9.083071969462218
01000111110,0,1,0,0,0,1,1,1,1,1,0,9.353673866918562
01000100011,0,1,0,0,0,1,0,0,0,1,1,8.724927651670136
01011011010,0,1,0,1,1,0,1,1,0,1,0,9.056025653564356
01011111011,0,1,0,1,1,1,1,1,0,1,1,9.41959503295086
01001111011,0,1,0,0,1,1,1,1,0,1,1,9.36442278663774
01000101100,0,1,0,0,0,1,0,1,1,0,0,8.541073363306367
10001111100,1,0,0,0,1,1,1,1,1,0,0,9.271673242881688
01010101101,0,1,0,1,0,1,0,1,1,0,1,8.969482783650353
01100000111,0,1,1,0,0,0,0,0,1,1,1,9.16965820971324
01110111111,0,1,1,1,0,1,1,1,1,1,1,9.468554505189047
00010111111,0,0,0,1,0,1,1,1,1,1,1,9.248038984435384
10000111100,1,0,0,0,0,1,1,1,1,0,0,9.226719228449747
00101100011,0,0,1,0,1,1,0,0,0,1,1,7.0
01001100000,0,1,0,0,1,1,0,0,0,0,0,8.151058262662332
01110111101,0,1,1,1,0,1,1,1,1,0,1,9.447136471752229
01011100001,0,1,0,1,1,1,0,0,0,0,1,8.5576391071407
00100011100,0,0,1,0,0,0,1,1,1,0,0,8.6650005425639
01010100010,0,1,0,1,0,1,0,0,0,1,0,8.830764745369768
01001011011,0,1,0,0,1,0,1,1,0,1,1,9.01921685944685
00111111100,0,0,1,1,1,1,1,1,1,0,0,9.057846353948518
01110000100,0,1,1,1,0,0,0,0,1,0,0,8.460085729964335
01111011011,0,1,1,1,1,0,1,1,0,1,1,9.249491156571205
01011111111,0,1,0,1,1,1,1,1,1,1,1,9.462190963613052
01011000011,0,1,0,1,1,0,0,0,0,1,1,8.711402533286133
01000011110,0,1,0,0,0,0,1,1,1,1,0,9.162828523794133
11000100100,1,1,0,0,0,1,0,0,1,0,0,9.331244635466213
00011100010,0,0,0,1,1,1,0,0,0,1,0,7.0
01010010100,0,1,0,1,0,0,1,0,1,0,0,9.200772165706663
11000100111,1,1,0,0,0,1,0,0,1,1,1,9.388874741181883
10010000111,1,0,0,1,0,0,0,0,1,1,1,9.380728853708776
10000111101,1,0,0,0,0,1,1,1,1,0,1,9.30341442464934
11110100110,1,1,1,1,0,1,0,0,1,1,0,9.431251456518329
01110100110,0,1,1,1,0,1,0,0,1,1,0,9.410249619495625
00010100111,0,0,0,1,0,1,0,0,1,1,1,8.31835383193793
01001011111,0,1,0,0,1,0,1,1,1,1,1,9.31125602515011
01110100111,0,1,1,1,0,1,0,0,1,1,1,9.4092051365505
01001000011,0,1,0,0,1,0,0,0,0,1,1,8.515700697647892
00100111110,0,0,1,0,0,1,1,1,1,1,0,8.91017890778538
01100111111,0,1,1,0,0,1,1,1,1,1,1,9.38910720045609
00010100011,0,0,0,1,0,1,0,0,0,1,1,7.0
01011010111,0,1,0,1,1,0,1,0,1,1,1,9.5138014221649
01111100101,0,1,1,1,1,1,0,0,1,0,1,9.149238130152767
00001011000,0,0,0,0,1,0,1,1,0,0,0,8.686979429936322
00001100001,0,0,0,0,1,1,0,0,0,0,1,7.0
01011011000,0,1,0,1,1,0,1,1,0,0,0,8.7536778432977
10011110010,1,0,0,1,1,1,1,0,0,1,0,9.234321711834014
01011100101,0,1,0,1,1,1,0,0,1,0,1,9.28073079795374
01111110000,0,1,1,1,1,1,1,0,0,0,0,9.433064464477043
01010001111,0,1,0,1,0,0,0,1,1,1,1,8.624954366627533
01010000110,0,1,0,1,0,0,0,0,1,1,0,9.377569900937376
01000010111,0,1,0,0,0,0,1,0,1,1,1,9.304999126040656
00101100001,0,0,1,0,1,1,0,0,0,0,1,7.0
00011110011,0,0,0,1,1,1,1,0,0,1,1,8.419952351111874
01001111101,0,1,0,0,1,1,1,1,1,0,1,9.389309159117042
01010010101,0,1,0,1,0,0,1,0,1,0,1,9.312527562698786
00011111101,0,0,0,1,1,1,1,1,1,0,1,9.151706626645648
01001011010,0,1,0,0,1,0,1,1,0,1,0,8.840977806304616
11010100001,1,1,0,1,0,1,0,0,0,0,1,9.4749559909063
01001011100,0,1,0,0,1,0,1,1,1,0,0,8.863914397960585
10001100011,1,0,0,0,1,1,0,0,0,1,1,8.394389326717537
01010111110,0,1,0,1,0,1,1,1,1,1,0,9.394837242414203
01001100110,0,1,0,0,1,1,0,0,1,1,0,9.317218552946102
11010100101,1,1,0,1,0,1,0,0,1,0,1,9.434614217697504
01011000010,0,1,0,1,1,0,0,0,0,1,0,8.683111923756314
01010000101,0,1,0,1,0,0,0,0,1,0,1,8.55058563103396
10000100111,1,0,0,0,0,1,0,0,1,1,1,9.146565967770073
01011100110,0,1,0,1,1,1,0,0,1,1,0,9.42057401880235
01011011011,0,1,0,1,1,0,1,1,0,1,1,9.285594991968376
01101100000,0,1,1,0,1,1,0,0,0,0,0,8.201212124570079
01110101101,0,1,1,1,0,1,0,1,1,0,1,8.97811550070383
00000011111,0,0,0,0,0,0,1,1,1,1,1,8.489019879624086
10111111000,1,0,1,1,1,1,1,1,0,0,0,9.260544130021357
01010101010,0,1,0,1,0,1,0,1,0,1,0,8.587770051995514
10001111111,1,0,0,0,1,1,1,1,1,1,1,9.316602965974228
00110100111,0,0,1,1,0,1,0,0,1,1,1,8.218366184432126
00100111101,0,0,1,0,0,1,1,1,1,0,1,8.974469768067857
01100011100,0,1,1,0,0,0,1,1,1,0,0,8.898087039081013
01100100101,0,1,1,0,0,1,0,0,1,0,1,8.745494233005596
01011000101,0,1,0,1,1,0,0,0,1,0,1,8.541395728643735
01000110011,0,1,0,0,0,1,1,0,0,1,1,9.413875864430668
00100100100,0,0,1,0,0,1,0,0,1,0,0,7.0
00011111100,0,0,0,1,1,1,1,1,1,0,0,9.00296495628089
01101111110,0,1,1,0,1,1,1,1,1,1,0,9.355818570454035
01001000010,0,1,0,0,1,0,0,0,0,1,0,8.529288333619391
01000100001,0,1,0,0,0,1,0,0,0,0,1,8.426182220915427
00101011100,0,0,1,0,1,0,1,1,1,0,0,8.735488490739936
01111011100,0,1,1,1,1,0,1,1,1,0,0,9.1300711106993
00111011100,0,0,1,1,1,0,1,1,1,0,0,8.883099812747126
00000011101,0,0,0,0,0,0,1,1,1,0,1,8.543783938500829
01001101000,0,1,0,0,1,1,0,1,0,0,0,8.169565436921623
01000111001,0,1,0,0,0,1,1,1,0,0,1,9.422208915073387
11011111101,1,1,0,1,1,1,1,1,1,0,1,9.521480482352109
01000001011,0,1,0,0,0,0,0,1,0,1,1,7.704049511692693
01111000010,0,1,1,1,1,0,0,0,0,1,0,8.595146007730728
00010100110,0,0,0,1,0,1,0,0,1,1,0,8.258429094146992
01000000100,0,1,0,0,0,0,0,0,1,0,0,8.344885342650556
00101011101,0,0,1,0,1,0,1,1,1,0,1,8.699845376800335
10001111101,1,0,0,0,1,1,1,1,1,0,1,9.30508714668163
01010111011,0,1,0,1,0,1,1,1,0,1,1,9.477220127099123
01101000010,0,1,1,0,1,0,0,0,0,1,0,8.511618142116298
00011100110,0,0,0,1,1,1,0,0,1,1,0,8.31379813858999
01010110010,0,1,0,1,0,1,1,0,0,1,0,9.418707034029284
01101000011,0,1,1,0,1,0,0,0,0,1,1,8.463032934333214
01010001110,0,1,0,1,0,0,0,1,1,1,0,8.536674554815212
01011101000,0,1,0,1,1,1,0,1,0,0,0,8.382687592629749
10001100001,1,0,0,0,1,1,0,0,0,0,1,8.180985995555464
10001011011,1,0,0,0,1,0,1,1,0,1,1,9.430532697124502
11001011101,1,1,0,0,1,0,1,1,1,0,1,9.55135373606488
00010111100,0,0,0,1,0,1,1,1,1,0,0,8.97220033647123
00010010111,0,0,0,1,0,0,1,0,1,1,1,8.793525613580336
01010111001,0,1,0,1,0,1,1,1,0,0,1,9.48192070642392
00010111110,0,0,0,1,0,1,1,1,1,1,0,8.972240534291563
10010111101,1,0,0,1,0,1,1,1,1,0,1,9.398599157006789
01110011110,0,1,1,1,0,0,1,1,1,1,0,9.305517824246584
01011010110,0,1,0,1,1,0,1,0,1,1,0,9.445089176334395
00011101000,0,0,0,1,1,1,0,1,0,0,0,7.0
00010111101,0,0,0,1,0,1,1,1,1,0,1,9.165934390334828
00000100101,0,0,0,0,0,1,0,0,1,0,1,7.0
11010111101,1,1,0,1,0,1,1,1,1,0,1,9.52639520739546
01101011100,0,1,1,0,1,0,1,1,1,0,0,9.003256533483782
01000110010,0,1,0,0,0,1,1,0,0,1,0,9.363190064197813
00000000111,0,0,0,0,0,0,0,0,1,1,1,8.543072711756809
00111100100,0,0,1,1,1,1,0,0,1,0,0,7.0
00001011101,0,0,0,0,1,0,1,1,1,0,1,8.600318277015772
01111111101,0,1,1,1,1,1,1,1,1,0,1,9.432333079957036
01011110001,0,1,0,1,1,1,1,0,0,0,1,9.459144300115346
01000111011,0,1,0,0,0,1,1,1,0,1,1,9.355496349659438
00110111111,0,0,1,1,0,1,1,1,1,1,1,9.245902416346674
00001111100,0,0,0,0,1,1,1,1,1,0,0,8.775689965539947
01110100011,0,1,1,1,0,1,0,0,0,1,1,9.050229428407576
10010111100,1,0,0,1,0,1,1,1,1,0,0,9.31536325323462
01101110011,0,1,1,0,1,1,1,0,0,1,1,9.363088209999868
11000111001,1,1,0,0,0,1,1,1,0,0,1,9.426567724091903
01111100100,0,1,1,1,1,1,0,0,1,0,0,9.112834397337254
10010100101,1,0,0,1,0,1,0,0,1,0,1,9.1505699444399
01011011001,0,1,0,1,1,0,1,1,0,0,1,9.183545710375478
01000001101,0,1,0,0,0,0,0,1,1,0,1,7.69402679139576
01000000110,0,1,0,0,0,0,0,0,1,1,0,9.203935604545697
00101100110,0,0,1,0,1,1,0,0,1,1,0,8.292018764659185
10000100010,1,0,0,0,0,1,0,0,0,1,0,8.184269717740682
01111101111,0,1,1,1,1,1,0,1,1,1,1,9.253087739979344
01101100011,0,1,1,0,1,1,0,0,0,1,1,8.637009137946443
01100100000,0,1,1,0,0,1,0,0,0,0,0,8.111803496351198
11100111100,1,1,1,0,0,1,1,1,1,0,0,9.422299627833295
01011000100,0,1,0,1,1,0,0,0,1,0,0,8.544419219582094
01110111010,0,1,1,1,0,1,1,1,0,1,0,9.388944372691634
01001100101,0,1,0,0,1,1,0,0,1,0,1,8.828422419227488
00010101100,0,0,0,1,0,1,0,1,1,0,0,7.0
00001100111,0,0,0,0,1,1,0,0,1,1,1,8.306948328822758
00011100001,0,0,0,1,1,1,0,0,0,0,1,7.0
01000001110,0,1,0,0,0,0,0,1,1,1,0,8.179418384599153
00101110011,0,0,1,0,1,1,1,0,0,1,1,8.27975659872866
01011001011,0,1,0,1,1,0,0,1,0,1,1,8.436090543216812
10001100111,1,0,0,0,1,1,0,0,1,1,1,9.11862306160832
01111100011,0,1,1,1,1,1,0,0,0,1,1,8.97628830610465
01011101011,0,1,0,1,1,1,0,1,0,1,1,8.983821270198625
11110111111,1,1,1,1,0,1,1,1,1,1,1,9.520243822695363
01011010100,0,1,0,1,1,0,1,0,1,0,0,9.247675056332428
01011101010,0,1,0,1,1,1,0,1,0,1,0,8.602796114131282
10001100010,1,0,0,0,1,1,0,0,0,1,0,8.250022055889657
01000001010,0,1,0,0,0,0,0,1,0,1,0,7.382342442501422
01101100110,0,1,1,0,1,1,0,0,1,1,0,9.370625613878104
01110011100,0,1,1,1,0,0,1,1,1,0,0,9.137689879525745
01010100000,0,1,0,1,0,1,0,0,0,0,0,8.501895893847232
11010100110,1,1,0,1,0,1,0,0,1,1,0,9.41769428888766
00001111101,0,0,0,0,1,1,1,1,1,0,1,8.83951191330794
00111110000,0,0,1,1,1,1,1,0,0,0,0,8.124296073668301
01111111111,0,1,1,1,1,1,1,1,1,1,1,9.420286496679624
01010111010,0,1,0,1,0,1,1,1,0,1,0,9.38973443982385
01010010110,0,1,0,1,0,0,1,0,1,1,0,9.427342496752692
00110100110,0,0,1,1,0,1,0,0,1,1,0,8.222658954232946
10010100100,1,0,0,1,0,1,0,0,1,0,0,9.037161473310029
01111010111,0,1,1,1,1,0,1,0,1,1,1,9.454970509641392
10000100101,1,0,0,0,0,1,0,0,1,0,1,8.952802483410585
01011001100,0,1,0,1,1,0,0,1,1,0,0,7.981385218685765
00011100011,0,0,0,1,1,1,0,0,0,1,1,7.0
01001100001,0,1,0,0,1,1,0,0,0,0,1,8.399659725115312
00010111000,0,0,0,1,0,1,1,1,0,0,0,8.693713442743713
01111010110,0,1,1,1,1,0,1,0,1,1,0,9.49112265137215
10011111100,1,0,0,1,1,1,1,1,1,0,0,9.333499750201478
00011100111,0,0,0,1,1,1,0,0,1,1,1,8.334613188109143
01111011000,0,1,1,1,1,0,1,1,0,0,0,8.90326037740268
01010000000,0,1,0,1,0,0,0,0,0,0,0,7.637373035276469
01000011101,0,1,0,0,0,0,1,1,1,0,1,8.994683453652188
00000100010,0,0,0,0,0,1,0,0,0,1,0,7.0
00011100000,0,0,0,1,1,1,0,0,0,0,0,7.0
00010011100,0,0,0,1,0,0,1,1,1,0,0,8.69578701789889
01110011101,0,1,1,1,0,0,1,1,1,0,1,9.340612241547152
01011101101,0,1,0,1,1,1,0,1,1,0,1,9.08865621197053
10100100111,1,0,1,0,0,1,0,0,1,1,1,9.16056868650024
01011000111,0,1,0,1,1,0,0,0,1,1,1,9.396146952608516
00100101100,0,0,1,0,0,1,0,1,1,0,0,7.0
00100100101,0,0,1,0,0,1,0,0,1,0,1,7.0
10110100110,1,0,1,1,0,1,0,0,1,1,0,9.183552040016956
10010111110,1,0,0,1,0,1,1,1,1,1,0,9.34621804131753
00101100111,0,0,1,0,1,1,0,0,1,1,1,8.286998993455905
00010100000,0,0,0,1,0,1,0,0,0,0,0,7.0
00110101101,0,0,1,1,0,1,0,1,1,0,1,7.0
01100101100,0,1,1,0,0,1,0,1,1,0,0,8.653752427472657
01100101101,0,1,1,0,0,1,0,1,1,0,1,8.7205653638953
01100100110,0,1,1,0,0,1,0,0,1,1,0,9.312837084792838
00001100100,0,0,0,0,1,1,0,0,1,0,0,7.0
00001011100,0,0,0,0,1,0,1,1,1,0,0,8.531478451398288
00010111010,0,0,0,1,0,1,1,1,0,1,0,8.377596228930122
01001110000,0,1,0,0,1,1,1,0,0,0,0,9.330347553397436
11010111100,1,1,0,1,0,1,1,1,1,0,0,9.476954288312175
00111100110,0,0,1,1,1,1,0,0,1,1,0,8.397421271281734
00101100000,0,0,1,0,1,1,0,0,0,0,0,7.0
11110100111,1,1,1,1,0,1,0,0,1,1,1,9.447667588169551
11001111100,1,1,0,0,1,1,1,1,1,0,0,9.422977143362592
10100111101,1,0,1,0,0,1,1,1,1,0,1,9.296558939510597
00110101100,0,0,1,1,0,1,0,1,1,0,0,7.0
11101111101,1,1,1,0,1,1,1,1,1,0,1,9.464219236826706
10110111111,1,0,1,1,0,1,1,1,1,1,1,9.380726014134266
00010010110,0,0,0,1,0,0,1,0,1,1,0,8.705210322579175
10100111100,1,0,1,0,0,1,1,1,1,0,0,9.228160828517105
01001010111,0,1,0,0,1,0,1,0,1,1,1,9.32192249490228
10000010100,1,0,0,0,0,0,1,0,1,0,0,9.423951492028388
01010110000,0,1,0,1,0,1,1,0,0,0,0,9.424901193529829
01000111010,0,1,0,0,0,1,1,1,0,1,0,9.318364854253662
01111100001,0,1,1,1,1,1,0,0,0,0,1,8.500411738993092
00011011010,0,0,0,1,1,0,1,1,0,1,0,8.54753202598207
00100010111,0,0,1,0,0,0,1,0,1,1,1,8.741593092110085
01001000001,0,1,0,0,1,0,0,0,0,0,1,7.898687874265773
00000111011,0,0,0,0,0,1,1,1,0,1,1,8.59787999950579
10101100010,1,0,1,0,1,1,0,0,0,1,0,8.292023403155644
01001101101,0,1,0,0,1,1,0,1,1,0,1,8.6828351094055
00100111100,0,0,1,0,0,1,1,1,1,0,0,8.861016076340723
00011111110,0,0,0,1,1,1,1,1,1,1,0,9.039319494903978
00001100000,0,0,0,0,1,1,0,0,0,0,0,7.0
01100111101,0,1,1,0,0,1,1,1,1,0,1,9.351979112302978
00000011110,0,0,0,0,0,0,1,1,1,1,0,8.461481539241923
01000101111,0,1,0,0,0,1,0,1,1,1,1,9.12037096001164
01111001101,0,1,1,1,1,0,0,1,1,0,1,8.219894425914179
11010100111,1,1,0,1,0,1,0,0,1,1,1,9.462329519541706
00011111111,0,0,0,1,1,1,1,1,1,1,1,9.288871122218644
01101101111,0,1,1,0,1,1,0,1,1,1,1,9.106978163769751
10001011000,1,0,0,0,1,0,1,1,0,0,0,9.34842471008024
00000100011,0,0,0,0,0,1,0,0,0,1,1,7.0
11101100010,1,1,1,0,1,1,0,0,0,1,0,9.354508241530787
11100100100,1,1,1,0,0,1,0,0,1,0,0,9.308980022114008
01101111111,0,1,1,0,1,1,1,1,1,1,1,9.360763554108296
10110100100,1,0,1,1,0,1,0,0,1,0,0,9.092383662865892
01111011111,0,1,1,1,1,0,1,1,1,1,1,9.420315999554076
01001010100,0,1,0,0,1,0,1,0,1,0,0,9.022819126476158
00110111101,0,0,1,1,0,1,1,1,1,0,1,9.228308811187206
01000001111,0,1,0,0,0,0,0,1,1,1,1,8.425110086569793
10010100001,1,0,0,1,0,1,0,0,0,0,1,8.462414094350525
11001111111,1,1,0,0,1,1,1,1,1,1,1,9.48040362313322
01110000110,0,1,1,1,0,0,0,0,1,1,0,9.388816465114273
01001110001,0,1,0,0,1,1,1,0,0,0,1,9.400255330353897
01100101111,0,1,1,0,0,1,0,1,1,1,1,9.101960120640683
10000000111,1,0,0,0,0,0,0,0,1,1,1,9.256603522148223
01011111110,0,1,0,1,1,1,1,1,1,1,0,9.436154018753257
11000100101,1,1,0,0,0,1,0,0,1,0,1,9.365186812252537
10001000011,1,0,0,0,1,0,0,0,0,1,1,8.436078807122191
11001110011,1,1,0,0,1,1,1,0,0,1,1,9.422005692817116
00111111111,0,0,1,1,1,1,1,1,1,1,1,9.151441310603284
11001111110,1,1,0,0,1,1,1,1,1,1,0,9.440189145389567
01000010101,0,1,0,0,0,0,1,0,1,0,1,9.06434384777471
01011001111,0,1,0,1,1,0,0,1,1,1,1,8.713606283375197
01000110001,0,1,0,0,0,1,1,0,0,0,1,9.43218922168659
11011100110,1,1,0,1,1,1,0,0,1,1,0,9.43313573133117
00010000100,0,0,0,1,0,0,0,0,1,0,0,7.0
01101101000,0,1,1,0,1,1,0,1,0,0,0,8.095859789511872
01010101000,0,1,0,1,0,1,0,1,0,0,0,8.416895569108261
10011110011,1,0,0,1,1,1,1,0,0,1,1,9.313310462556784
01110101100,0,1,1,1,0,1,0,1,1,0,0,8.877072621468441
01000100000,0,1,0,0,0,1,0,0,0,0,0,8.158818177910737
10001110001,1,0,0,0,1,1,1,0,0,0,1,9.202303600988584
00001110011,0,0,0,0,1,1,1,0,0,1,1,8.194201046837879
11010100011,1,1,0,1,0,1,0,0,0,1,1,9.417867246770465
01000101110,0,1,0,0,0,1,0,1,1,1,0,8.98639818251741
00100000111,0,0,1,0,0,0,0,0,1,1,1,8.477388490454166
01010110001,0,1,0,1,0,1,1,0,0,0,1,9.500729752144451
00100011110,0,0,1,0,0,0,1,1,1,1,0,8.506944930885734
01111111110,0,1,1,1,1,1,1,1,1,1,0,9.395793890054444
11101100000,1,1,1,0,1,1,0,0,0,0,0,9.30697303722795
01000101000,0,1,0,0,0,1,0,1,0,0,0,8.07351851474952
01100110011,0,1,1,0,0,1,1,0,0,1,1,9.403243924616737
10101100011,1,0,1,0,1,1,0,0,0,1,1,8.470724376341531
00101000011,0,0,1,0,1,0,0,0,0,1,1,7.0
00111111101,0,0,1,1,1,1,1,1,1,0,1,9.170302700579668
01111100000,0,1,1,1,1,1,0,0,0,0,0,8.25953155932276
01011101100,0,1,0,1,1,1,0,1,1,0,0,8.86661247008511
01011001101,0,1,0,1,1,0,0,1,1,0,1,8.410670917966383
01001101111,0,1,0,0,1,1,0,1,1,1,1,9.127888899966296
10010100110,1,0,0,1,0,1,0,0,1,1,0,9.171531427811146
01100100011,0,1,1,0,0,1,0,0,0,1,1,8.700313986493258
01010011001,0,1,0,1,0,0,1,1,0,0,1,9.21756477133897
00111011011,0,0,1,1,1,0,1,1,0,1,1,8.864980710585316
00011101010,0,0,0,1,1,1,0,1,0,1,0,7.0
00110011100,0,0,1,1,0,0,1,1,1,0,0,8.91109541620182
00000011100,0,0,0,0,0,0,1,1,1,0,0,8.508625030797356
11111100011,1,1,1,1,1,1,0,0,0,1,1,9.409268580601609
01110111001,0,1,1,1,0,1,1,1,0,0,1,9.413600547360195
11011100011,1,1,0,1,1,1,0,0,0,1,1,9.414498410776844
10110100111,1,0,1,1,0,1,0,0,1,1,1,9.275300824508982
10011100010,1,0,0,1,1,1,0,0,0,1,0,8.49228549465162
00101011011,0,0,1,0,1,0,1,1,0,1,1,8.763505096959541
10000011111,1,0,0,0,0,0,1,1,1,1,1,9.439510981970455
01110111100,0,1,1,1,0,1,1,1,1,0,0,9.39632185262251
00111000000,0,0,1,1,1,0,0,0,0,0,0,7.0
00111100111,0,0,1,1,1,1,0,0,1,1,1,8.313875979730907
01100100001,0,1,1,0,0,1,0,0,0,0,1,8.365582706903902
00001100010,0,0,0,0,1,1,0,0,0,1,0,7.0
11000110011,1,1,0,0,0,1,1,0,0,1,1,9.397056190237596
11001110000,1,1,0,0,1,1,1,0,0,0,0,9.371593181337836
10000000110,1,0,0,0,0,0,0,0,1,1,0,9.170574329968304
01111101001,0,1,1,1,1,1,0,1,0,0,1,8.593099052319962
11000100000,1,1,0,0,0,1,0,0,0,0,0,9.45772930815638
00100101111,0,0,1,0,0,1,0,1,1,1,1,7.0
00100101110,0,0,1,0,0,1,0,1,1,1,0,7.0
11000000110,1,1,0,0,0,0,0,0,1,1,0,9.43658680823729
10001110011,1,0,0,0,1,1,1,0,0,1,1,9.24807574477101
10001100000,1,0,0,0,1,1,0,0,0,0,0,7.918855233981429
11001011111,1,1,0,0,1,0,1,1,1,1,1,9.547093071488968
00001000010,0,0,0,0,1,0,0,0,0,1,0,7.0
00011001100,0,0,0,1,1,0,0,1,1,0,0,7.0
00101110010,0,0,1,0,1,1,1,0,0,1,0,8.066327039701612
00011110010,0,0,0,1,1,1,1,0,0,1,0,8.334647624411053
10011111111,1,0,0,1,1,1,1,1,1,1,1,9.387457460197396
01010101011,0,1,0,1,0,1,0,1,0,1,1,8.979868574526938
00010000110,0,0,0,1,0,0,0,0,1,1,0,8.571805168488961
00000010100,0,0,0,0,0,0,1,0,1,0,0,8.702893591723258
10001011100,1,0,0,0,1,0,1,1,1,0,0,9.38330151860076
11000111100,1,1,0,0,0,1,1,1,1,0,0,9.43349452974365
00011011011,0,0,0,1,1,0,1,1,0,1,1,8.742122505053194
00000010111,0,0,0,0,0,0,1,0,1,1,1,8.633488527729758
11101100111,1,1,1,0,1,1,0,0,1,1,1,9.38402433797571
01101110000,0,1,1,0,1,1,1,0,0,0,0,9.332089428487002
11110100000,1,1,1,1,0,1,0,0,0,0,0,9.387277181589928
11011110011,1,1,0,1,1,1,1,0,0,1,1,9.4576492597711
01011001001,0,1,0,1,1,0,0,1,0,0,1,8.146880368214907
11111111100,1,1,1,1,1,1,1,1,1,0,0,9.492039628853332
11001110001,1,1,0,0,1,1,1,0,0,0,1,9.3948804229467
01110000111,0,1,1,1,0,0,0,0,1,1,1,9.34923551013318
00100100011,0,0,1,0,0,1,0,0,0,1,1,7.0
01011100100,0,1,0,1,1,1,0,0,1,0,0,9.11933006879498
01011110000,0,1,0,1,1,1,1,0,0,0,0,9.411324750635506
00101100100,0,0,1,0,1,1,0,0,1,0,0,7.0
00010100001,0,0,0,1,0,1,0,0,0,0,1,7.0
00001001100,0,0,0,0,1,0,0,1,1,0,0,7.0
01100111110,0,1,1,0,0,1,1,1,1,1,0,9.341500850749023
01001010110,0,1,0,0,1,0,1,0,1,1,0,9.316962083706132
11100100101,1,1,1,0,0,1,0,0,1,0,1,9.342408892098694
10000111110,1,0,0,0,0,1,1,1,1,1,0,9.267489180132214
01111101011,0,1,1,1,1,1,0,1,0,1,1,8.783174706294155
00001010101,0,0,0,0,1,0,1,0,1,0,1,8.646355667625679
00010011110,0,0,0,1,0,0,1,1,1,1,0,8.589319858651672
11110100100,1,1,1,1,0,1,0,0,1,0,0,9.397301485010564
10100100011,1,0,1,0,0,1,0,0,0,1,1,8.508993073116525
01001001111,0,1,0,0,1,0,0,1,1,1,1,8.559457358442812
01100010100,0,1,1,0,0,0,1,0,1,0,0,8.953141189091921
10001100101,1,0,0,0,1,1,0,0,1,0,1,8.899969826613363
01010001010,0,1,0,1,0,0,0,1,0,1,0,7.700227521567455
10100100110,1,0,1,0,0,1,0,0,1,1,0,9.092301014442205
01110101111,0,1,1,1,0,1,0,1,1,1,1,9.3070236108361
00100111000,0,0,1,0,0,1,1,1,0,0,0,8.563999325104879
00010110000,0,0,0,1,0,1,1,0,0,0,0,8.26175846935934
00000000110,0,0,0,0,0,0,0,0,1,1,0,8.549745180506626
00000111010,0,0,0,0,0,1,1,1,0,1,0,8.291897233198853
01001101100,0,1,0,0,1,1,0,1,1,0,0,8.616647232079155
00111110011,0,0,1,1,1,1,1,0,0,1,1,8.238805247488823
01000110000,0,1,0,0,0,1,1,0,0,0,0,9.356239206677616
00001011110,0,0,0,0,1,0,1,1,1,1,0,8.51558381142731
11000111110,1,1,0,0,0,1,1,1,1,1,0,9.425716648573788
00101111000,0,0,1,0,1,1,1,1,0,0,0,8.583203926781572
01101101011,0,1,1,0,1,1,0,1,0,1,1,8.588687631010947
01100010101,0,1,1,0,0,0,1,0,1,0,1,8.978809734960011
00001011111,0,0,0,0,1,0,1,1,1,1,1,8.472361302828935
11001011110,1,1,0,0,1,0,1,1,1,1,0,9.52481646223766
00011000011,0,0,0,1,1,0,0,0,0,1,1,7.0
01111111010,0,1,1,1,1,1,1,1,0,1,0,9.349953019248357
01101111101,0,1,1,0,1,1,1,1,1,0,1,9.331382263852952
01110100001,0,1,1,1,0,1,0,0,0,0,1,8.57561472055016
11110100101,1,1,1,1,0,1,0,0,1,0,1,9.42026129613515
00011010100,0,0,0,1,1,0,1,0,1,0,0,8.875056169660004
11100100011,1,1,1,0,0,1,0,0,0,1,1,9.377545002061083
00011110000,0,0,0,1,1,1,1,0,0,0,0,8.194353323730365
00010010101,0,0,0,1,0,0,1,0,1,0,1,8.840478685612407
00000010101,0,0,0,0,0,0,1,0,1,0,1,8.69355139576954
10111110001,1,0,1,1,1,1,1,0,0,0,1,9.290406768392812
01101100100,0,1,1,0,1,1,0,0,1,0,0,8.886038309219684
01000111000,0,1,0,0,0,1,1,1,0,0,0,9.36219280954824
00110100100,0,0,1,1,0,1,0,0,1,0,0,7.0
00101101011,0,0,1,0,1,1,0,1,0,1,1,7.0
00010000111,0,0,0,1,0,0,0,0,1,1,1,8.738611121308248
10111100111,1,0,1,1,1,1,0,0,1,1,1,9.273180612339516
01010011000,0,1,0,1,0,0,1,1,0,0,0,8.94573424421324
10100111111,1,0,1,0,0,1,1,1,1,1,1,9.30581764749025
10011101101,1,0,0,1,1,1,0,1,1,0,1,9.241711470015296
00000101100,0,0,0,0,0,1,0,1,1,0,0,7.0
11010011100,1,1,0,1,0,0,1,1,1,0,0,9.56622105173618
11001000100,1,1,0,0,1,0,0,0,1,0,0,9.437745470076024
10010011101,1,0,0,1,0,0,1,1,1,0,1,9.473153221865752
00001101011,0,0,0,0,1,1,0,1,0,1,1,7.0
01101111100,0,1,1,0,1,1,1,1,1,0,0,9.340478104035936
01001101110,0,1,0,0,1,1,0,1,1,1,0,9.099638733080823
01011101111,0,1,0,1,1,1,0,1,1,1,1,9.395869334327989
01001001100,0,1,0,0,1,0,0,1,1,0,0,7.700129112772219
11000100011,1,1,0,0,0,1,0,0,0,1,1,9.35724850647023
01111110001,0,1,1,1,1,1,1,0,0,0,1,9.436671062508506
00101111101,0,0,1,0,1,1,1,1,1,0,1,8.952642123032408
10111100001,1,0,1,1,1,1,0,0,0,0,1,8.35021186310316
01100111100,0,1,1,0,0,1,1,1,1,0,0,9.333859796825683
00011111010,0,0,0,1,1,1,1,1,0,1,0,8.457431976394686
01010101111,0,1,0,1,0,1,0,1,1,1,1,9.293674522032388
11111100110,1,1,1,1,1,1,0,0,1,1,0,9.451448825002734
11010100000,1,1,0,1,0,1,0,0,0,0,0,9.36643583870736
01110001110,0,1,1,1,0,0,0,1,1,1,0,8.434366065963651
01011111000,0,1,0,1,1,1,1,1,0,0,0,9.3707508966366
11011101000,1,1,0,1,1,1,0,1,0,0,0,9.36911457405242
10110111100,1,0,1,1,0,1,1,1,1,0,0,9.30234819600941
01011010101,0,1,0,1,1,0,1,0,1,0,1,9.324716575218742
00110100101,0,0,1,1,0,1,0,0,1,0,1,7.0
01101000100,0,1,1,0,1,0,0,0,1,0,0,8.3291089087847
10011111110,1,0,0,1,1,1,1,1,1,1,0,9.345398995058751
00100010100,0,0,1,0,0,0,1,0,1,0,0,8.768865547588595
00010101010,0,0,0,1,0,1,0,1,0,1,0,7.0
01111011101,0,1,1,1,1,0,1,1,1,0,1,9.29287701819734
01111011001,0,1,1,1,1,0,1,1,0,0,1,9.188573721667352
01111001111,0,1,1,1,1,0,0,1,1,1,1,8.62844328971133
11111100010,1,1,1,1,1,1,0,0,0,1,0,9.371962711998538
00010011111,0,0,0,1,0,0,1,1,1,1,1,8.736703884739965
01111101010,0,1,1,1,1,1,0,1,0,1,0,8.592873121731044
00100100001,0,0,1,0,0,1,0,0,0,0,1,7.0
00011111011,0,0,0,1,1,1,1,1,0,1,1,8.746715034439712
10011011010,1,0,0,1,1,0,1,1,0,1,0,9.425417257352985
11011100111,1,1,0,1,1,1,0,0,1,1,1,9.477520274476683
10100111011,1,0,1,0,0,1,1,1,0,1,1,9.246535726743806
10101110011,1,0,1,0,1,1,1,0,0,1,1,9.222512030412188
11001111101,1,1,0,0,1,1,1,1,1,0,1,9.463261766354094
01111000111,0,1,1,1,1,0,0,0,1,1,1,9.374786920175934
01100100010,0,1,1,0,0,1,0,0,0,1,0,8.564331643263797
00001011001,0,0,0,0,1,0,1,1,0,0,1,8.925035609382974
11011111100,1,1,0,1,1,1,1,1,1,0,0,9.486914874545842
11001011011,1,1,0,0,1,0,1,1,0,1,1,9.504595040768873
10000111111,1,0,0,0,0,1,1,1,1,1,1,9.309397283067156
01000010100,0,1,0,0,0,0,1,0,1,0,0,9.08518923796216
10001110000,1,0,0,0,1,1,1,0,0,0,0,9.10833626828528
11000010101,1,1,0,0,0,0,1,0,1,0,1,9.552430729258647
01110101110,0,1,1,1,0,1,0,1,1,1,0,9.148614484541891
11001101001,1,1,0,0,1,1,0,1,0,0,1,9.36296204962714
11001100111,1,1,0,0,1,1,0,0,1,1,1,9.410657948294396
01000001100,0,1,0,0,0,0,0,1,1,0,0,7.44768253201547
11000011101,1,1,0,0,0,0,1,1,1,0,1,9.55671425201156
10010111011,1,0,0,1,0,1,1,1,0,1,1,9.309680116017416
00011011111,0,0,0,1,1,0,1,1,1,1,1,8.81114309464748
11001000001,1,1,0,0,1,0,0,0,0,0,1,9.378142036159987
01001101011,0,1,0,0,1,1,0,1,0,1,1,8.683825482947565
00101000100,0,0,1,0,1,0,0,0,1,0,0,7.0
00001100101,0,0,0,0,1,1,0,0,1,0,1,7.0
11001100001,1,1,0,0,1,1,0,0,0,0,1,9.45954811396452
10101110000,1,0,1,0,1,1,1,0,0,0,0,9.14891697396528
01110110011,0,1,1,1,0,1,1,0,0,1,1,9.428292330778524
01111110011,0,1,1,1,1,1,1,0,0,1,1,9.397651911717986
00001100110,0,0,0,0,1,1,0,0,1,1,0,8.218673982502082
11100111011,1,1,1,0,0,1,1,1,0,1,1,9.427714192184714
01000010110,0,1,0,0,0,0,1,0,1,1,0,9.337311095980455
00111010111,0,0,1,1,1,0,1,0,1,1,1,8.963566474421688
01001000110,0,1,0,0,1,0,0,0,1,1,0,9.250878537922084
10010100011,1,0,0,1,0,1,0,0,0,1,1,8.795474279127097
11101100011,1,1,1,0,1,1,0,0,0,1,1,9.392279790175468
01100101011,0,1,1,0,0,1,0,1,0,1,1,8.656885351835287
11010011101,1,1,0,1,0,0,1,1,1,0,1,9.599715745137134
10001100110,1,0,0,0,1,1,0,0,1,1,0,9.059964338779006
10101100111,1,0,1,0,1,1,0,0,1,1,1,9.173597038380263
11000100001,1,1,0,0,0,1,0,0,0,0,1,9.40300766852617
01010101001,0,1,0,1,0,1,0,1,0,0,1,8.681033202515296
00111110001,0,0,1,1,1,1,1,0,0,0,1,8.365247001080784
00111011000,0,0,1,1,1,0,1,1,0,0,0,9.134051337728463
11110111100,1,1,1,1,0,1,1,1,1,0,0,9.466514406816186
11101110001,1,1,1,0,1,1,1,0,0,0,1,9.419314548238663
00111100001,0,0,1,1,1,1,0,0,0,0,1,7.0
00110010110,0,0,1,1,0,0,1,0,1,1,0,8.971280622062345
00100011111,0,0,1,0,0,0,1,1,1,1,1,8.544532885692602
11000111111,1,1,0,0,0,1,1,1,1,1,1,9.45989644020577
01100011110,0,1,1,0,0,0,1,1,1,1,0,9.188631367449672
11101110010,1,1,1,0,1,1,1,0,0,1,0,9.3866232143235
11000011100,1,1,0,0,0,0,1,1,1,0,0,9.523611618333817
11111111111,1,1,1,1,1,1,1,1,1,1,1,9.506654275000498
01000101001,0,1,0,0,0,1,0,1,0,0,1,8.420931580583568
00001000011,0,0,0,0,1,0,0,0,0,1,1,7.0
11010000100,1,1,0,1,0,0,0,0,1,0,0,9.486519922720182
00001011011,0,0,0,0,1,0,1,1,0,1,1,8.647936405565803
01110011111,0,1,1,1,0,0,1,1,1,1,1,9.448947511135245
11001100000,1,1,0,0,1,1,0,0,0,0,0,9.335690190939118
01110100010,0,1,1,1,0,1,0,0,0,1,0,8.755755647525815
11011011011,1,1,0,1,1,0,1,1,0,1,1,9.548741881541694
01010011011,0,1,0,1,0,0,1,1,0,1,1,9.280894207472045
00011000000,0,0,0,1,1,0,0,0,0,0,0,7.0
11011100010,1,1,0,1,1,1,0,0,0,1,0,9.39586121998507
11001101000,1,1,0,0,1,1,0,1,0,0,0,9.341389231316754
10101110001,1,0,1,0,1,1,1,0,0,0,1,9.19939859213359
10010110011,1,0,0,1,0,1,1,0,0,1,1,9.298110713129145
00011011000,0,0,0,1,1,0,1,1,0,0,0,8.78587051119819
01101000001,0,1,1,0,1,0,0,0,0,0,1,7.562001546377251
01111010100,0,1,1,1,1,0,1,0,1,0,0,9.222552098414752
01010001011,0,1,0,1,0,0,0,1,0,1,1,8.418480180102234
01001111010,0,1,0,0,1,1,1,1,0,1,0,9.303973688139044
10110111110,1,0,1,1,0,1,1,1,1,1,0,9.354434891257403
01110000101,0,1,1,1,0,0,0,0,1,0,1,8.684319660468917
00010101110,0,0,0,1,0,1,0,1,1,1,0,7.0
10000011101,1,0,0,0,0,0,1,1,1,0,1,9.431867991673895
01101010111,0,1,1,0,1,0,1,0,1,1,1,9.285830493770002
01111000101,0,1,1,1,1,0,0,0,1,0,1,8.65524765695396
11100010110,1,1,1,0,0,0,1,0,1,1,0,9.550002671166991
01001000100,0,1,0,0,1,0,0,0,1,0,0,8.511840584964796
00011000010,0,0,0,1,1,0,0,0,0,1,0,7.0
10001100100,1,0,0,0,1,1,0,0,1,0,0,8.798410069607746
00111011101,0,0,1,1,1,0,1,1,1,0,1,8.969180235592454
10100100101,1,0,1,0,0,1,0,0,1,0,1,8.959368085005524
01101010110,0,1,1,0,1,0,1,0,1,1,0,9.32541753882464
01000000011,0,1,0,0,0,0,0,0,0,1,1,8.441916351960375
11011110010,1,1,0,1,1,1,1,0,0,1,0,9.392849114024854
11010111111,1,1,0,1,0,1,1,1,1,1,1,9.525433375067404
11000000111,1,1,0,0,0,0,0,0,1,1,1,9.466287777276683
01110001111,0,1,1,1,0,0,0,1,1,1,1,8.759739697646525
01000000010,0,1,0,0,0,0,0,0,0,1,0,8.523441062453074
11101110000,1,1,1,0,1,1,1,0,0,0,0,9.35284335783504
10110111000,1,0,1,1,0,1,1,1,0,0,0,9.271635167122442
00101000101,0,0,1,0,1,0,0,0,1,0,1,7.0
10011100011,1,0,0,1,1,1,0,0,0,1,1,8.790419301060373
10000110000,1,0,0,0,0,1,1,0,0,0,0,9.132672734556095
00101000111,0,0,1,0,1,0,0,0,1,1,1,8.544699377765625
00011000111,0,0,0,1,1,0,0,0,1,1,1,8.972462361439534
11100100111,1,1,1,0,0,1,0,0,1,1,1,9.385789461130608
01110010111,0,1,1,1,0,0,1,0,1,1,1,9.46801002368634
00100001111,0,0,1,0,0,0,0,1,1,1,1,7.166186955648382
00011011001,0,0,0,1,1,0,1,1,0,0,1,9.056716621053868
10101110010,1,0,1,0,1,1,1,0,0,1,0,9.213310678095372
10010101101,1,0,0,1,0,1,0,1,1,0,1,9.168559018915769
11100011111,1,1,1,0,0,0,1,1,1,1,1,9.55509374768961
10001111110,1,0,0,0,1,1,1,1,1,1,0,9.270059824244004
01111000011,0,1,1,1,1,0,0,0,0,1,1,8.630836180312144
00111011010,0,0,1,1,1,0,1,1,0,1,0,8.779805339178258
00101000010,0,0,1,0,1,0,0,0,0,1,0,7.0
11100111111,1,1,1,0,0,1,1,1,1,1,1,9.443397064938802
11101110011,1,1,1,0,1,1,1,0,0,1,1,9.417141678422764
10111100000,1,0,1,1,1,1,0,0,0,0,0,8.238818743887872
10001101011,1,0,0,0,1,1,0,1,0,1,1,8.518005924178333
01110111011,0,1,1,1,0,1,1,1,0,1,1,9.417978512234702
01011111001,0,1,0,1,1,1,1,1,0,0,1,9.44390723556689
00101111100,0,0,1,0,1,1,1,1,1,0,0,8.909975904891636
10101111111,1,0,1,0,1,1,1,1,1,1,1,9.33551619678847
01100111010,0,1,1,0,0,1,1,1,0,1,0,9.337999953754766
01011101110,0,1,0,1,1,1,0,1,1,1,0,9.18103075672307
00011010111,0,0,0,1,1,0,1,0,1,1,1,8.887831433881294
11101100110,1,1,1,0,1,1,0,0,1,1,0,9.379065027253269
11000110010,1,1,0,0,0,1,1,0,0,1,0,9.367375819562826
01110000011,0,1,1,1,0,0,0,0,0,1,1,8.720878747245246
00110100001,0,0,1,1,0,1,0,0,0,0,1,7.0
00110010111,0,0,1,1,0,0,1,0,1,1,1,8.881473845489325
00001001101,0,0,0,0,1,0,0,1,1,0,1,7.0
00100111001,0,0,1,0,0,1,1,1,0,0,1,8.825016799485784
01101011001,0,1,1,0,1,0,1,1,0,0,1,8.919726662857999
01101011101,0,1,1,0,1,0,1,1,1,0,1,9.033597775821464
01001010101,0,1,0,0,1,0,1,0,1,0,1,9.07250941569279
11111100111,1,1,1,1,1,1,0,0,1,1,1,9.465906526245544
11111100101,1,1,1,1,1,1,0,0,1,0,1,9.40198274361986
10101100001,1,0,1,0,1,1,0,0,0,0,1,8.22612335942307
01110100000,0,1,1,1,0,1,0,0,0,0,0,8.336242931121376
10001101001,1,0,0,0,1,1,0,1,0,0,1,8.205602873058801
00101111111,0,0,1,0,1,1,1,1,1,1,1,9.03906493909146
01101111010,0,1,1,0,1,1,1,1,0,1,0,9.319784930635782
01101110010,0,1,1,0,1,1,1,0,0,1,0,9.364892629908594
00001010111,0,0,0,0,1,0,1,0,1,1,1,8.596679240397455
10000101111,1,0,0,0,0,1,0,1,1,1,1,9.143221001207424
00001110010,0,0,0,0,1,1,1,0,0,1,0,7.993378635402283
11000011011,1,1,0,0,0,0,1,1,0,1,1,9.536280848699136
10101011100,1,0,1,0,1,0,1,1,1,0,0,9.400170846139623
01101011110,0,1,1,0,1,0,1,1,1,1,0,9.230111664770831
11100011100,1,1,1,0,0,0,1,1,1,0,0,9.542904106171344
01110001100,0,1,1,1,0,0,0,1,1,0,0,7.782199159480333
10110100000,1,0,1,1,0,1,0,0,0,0,0,8.259318219042623
10001011001,1,0,0,0,1,0,1,1,0,0,1,9.429488863911017
10100101101,1,0,1,0,0,1,0,1,1,0,1,9.085064142274172
01100011101,0,1,1,0,0,0,1,1,1,0,1,9.030921940048868
01001001000,0,1,0,0,1,0,0,1,0,0,0,7.0
00111000111,0,0,1,1,1,0,0,0,1,1,1,8.920432894427929
10001000101,1,0,0,0,1,0,0,0,1,0,1,8.578543563112035
00001000111,0,0,0,0,1,0,0,0,1,1,1,8.639133960860951
11000000100,1,1,0,0,0,0,0,0,1,0,0,9.481258095543096
11000111000,1,1,0,0,0,1,1,1,0,0,0,9.364113409564828
11000001011,1,1,0,0,0,0,0,1,0,1,1,9.426827565948816
11101011011,1,1,1,0,1,0,1,1,0,1,1,9.51537443652439
10010111010,1,0,0,1,0,1,1,1,0,1,0,9.289631848128186
01000011010,0,1,0,0,0,0,1,1,0,1,0,8.818919397698748
00110011101,0,0,1,1,0,0,1,1,1,0,1,8.945124024826532
11110111011,1,1,1,1,0,1,1,1,0,1,1,9.508168433959243
00111010100,0,0,1,1,1,0,1,0,1,0,0,8.988914353286406
00101101101,0,0,1,0,1,1,0,1,1,0,1,7.0
00011101011,0,0,0,1,1,1,0,1,0,1,1,7.0
00101110000,0,0,1,0,1,1,1,0,0,0,0,8.136909178312534
11000011110,1,1,0,0,0,0,1,1,1,1,0,9.549636501328996
00101010111,0,0,1,0,1,0,1,0,1,1,1,8.713301431757245
00000000101,0,0,0,0,0,0,0,0,1,0,1,7.0
11001101011,1,1,0,0,1,1,0,1,0,1,1,9.376020830982194
10000100000,1,0,0,0,0,1,0,0,0,0,0,7.834496232898192
11111110001,1,1,1,1,1,1,1,0,0,0,1,9.472066702570658
01101011111,0,1,1,0,1,0,1,1,1,1,1,9.29505800289734
01100000110,0,1,1,0,0,0,0,0,1,1,0,9.253228562037558
01001001101,0,1,0,0,1,0,0,1,1,0,1,7.878344608212714
00000110011,0,0,0,0,0,1,1,0,0,1,1,8.241438649633489
10011011011,1,0,0,1,1,0,1,1,0,1,1,9.489889876539335
00011000100,0,0,0,1,1,0,0,0,1,0,0,7.0
00111111110,0,0,1,1,1,1,1,1,1,1,0,9.073988987255882
11010000101,1,1,0,1,0,0,0,0,1,0,1,9.52099858783578
10000001110,1,0,0,0,0,0,0,1,1,1,0,8.865202694717189
11101100100,1,1,1,0,1,1,0,0,1,0,0,9.32880973347735
01111101000,0,1,1,1,1,1,0,1,0,0,0,8.431297023958962
01101011000,0,1,1,0,1,0,1,1,0,0,0,8.852439560402225
01011000110,0,1,0,1,1,0,0,0,1,1,0,9.34369372993322
00010000011,0,0,0,1,0,0,0,0,0,1,1,7.0
00000001101,0,0,0,0,0,0,0,1,1,0,1,7.0
11010111000,1,1,0,1,0,1,1,1,0,0,0,9.446539277780788
11001100011,1,1,0,0,1,1,0,0,0,1,1,9.428003005437196
01001101001,0,1,0,0,1,1,0,1,0,0,1,8.489888701420794
00110011110,0,0,1,1,0,0,1,1,1,1,0,8.665072478756677
00110000100,0,0,1,1,0,0,0,0,1,0,0,7.0
00010101011,0,0,0,1,0,1,0,1,0,1,1,7.0
10111110000,1,0,1,1,1,1,1,0,0,0,0,9.2351093826535
11110111101,1,1,1,1,0,1,1,1,1,0,1,9.522287963978656
11110011100,1,1,1,1,0,0,1,1,1,0,0,9.550160757100002
01101101001,0,1,1,0,1,1,0,1,0,0,1,8.317402792685394
10101100100,1,0,1,0,1,1,0,0,1,0,0,8.909430490770177
01010001101,0,1,0,1,0,0,0,1,1,0,1,8.240145445776959
00100111011,0,0,1,0,0,1,1,1,0,1,1,8.598030909087663
00100010110,0,0,1,0,0,0,1,0,1,1,0,8.785223267980237
01110010101,0,1,1,1,0,0,1,0,1,0,1,9.283273102336704
01101110001,0,1,1,0,1,1,1,0,0,0,1,9.377565285833477
10111000000,1,0,1,1,1,0,0,0,0,0,0,8.241575050191388
10010101100,1,0,0,1,0,1,0,1,1,0,0,9.082566486526078
00000101101,0,0,0,0,0,1,0,1,1,0,1,7.0
10110111011,1,0,1,1,0,1,1,1,0,1,1,9.321918348409213
00001101001,0,0,0,0,1,1,0,1,0,0,1,7.0
00100011101,0,0,1,0,0,0,1,1,1,0,1,8.63628726986008
00111100011,0,0,1,1,1,1,0,0,0,1,1,7.0
00000101001,0,0,0,0,0,1,0,1,0,0,1,7.0
11111011100,1,1,1,1,1,0,1,1,1,0,0,9.562628755624978
11100111110,1,1,1,0,0,1,1,1,1,1,0,9.44074382722503
01011101001,0,1,0,1,1,1,0,1,0,0,1,8.618492692670957
01111100010,0,1,1,1,1,1,0,0,0,1,0,8.827768059300587
00010110001,0,0,0,1,0,1,1,0,0,0,1,8.440994664000925
10110011100,1,0,1,1,0,0,1,1,1,0,0,9.453824481718785
01101100001,0,1,1,0,1,1,0,0,0,0,1,8.429824620364784
00110000111,0,0,1,1,0,0,0,0,1,1,1,8.771967591002019
10111100110,1,0,1,1,1,1,0,0,1,1,0,9.23906126983272
10000010110,1,0,0,0,0,0,1,0,1,1,0,9.429225513838349
00111101011,0,0,1,1,1,1,0,1,0,1,1,7.0
00010010100,0,0,0,1,0,0,1,0,1,0,0,8.820917112963363
10000100011,1,0,0,0,0,1,0,0,0,1,1,8.463137000724222
01011001010,0,1,0,1,1,0,0,1,0,1,0,7.933412825480464
10011011100,1,0,0,1,1,0,1,1,1,0,0,9.43098960713454
01111011010,0,1,1,1,1,0,1,1,0,1,0,9.107874252256208
10101100000,1,0,1,0,1,1,0,0,0,0,0,8.104579534679205
10001000010,1,0,0,0,1,0,0,0,0,1,0,8.358799853651064
01100000100,0,1,1,0,0,0,0,0,1,0,0,8.330214155828878
00111000010,0,0,1,1,1,0,0,0,0,1,0,7.0
11110100001,1,1,1,1,0,1,0,0,0,0,1,9.443180698595404
11011011111,1,1,0,1,1,0,1,1,1,1,1,9.581211619467329
01001101010,0,1,0,0,1,1,0,1,0,1,0,8.508007557468183
00010100010,0,0,0,1,0,1,0,0,0,1,0,7.0
00010011001,0,0,0,1,0,0,1,1,0,0,1,9.120255110348204
01000101011,0,1,0,0,0,1,0,1,0,1,1,8.799382185700667
10000101000,1,0,0,0,0,1,0,1,0,0,0,7.763421418793478
11001000111,1,1,0,0,1,0,0,0,1,1,1,9.462486568587448
01100111001,0,1,1,0,0,1,1,1,0,0,1,9.35227511103744
00000000011,0,0,0,0,0,0,0,0,0,1,1,7.0
11010110001,1,1,0,1,0,1,1,0,0,0,1,9.505570654884528
10001011101,1,0,0,0,1,0,1,1,1,0,1,9.419045536520658
00110111000,0,0,1,1,0,1,1,1,0,0,0,8.774021001694004
00110000110,0,0,1,1,0,0,0,0,1,1,0,8.64592429115634
00001110000,0,0,0,0,1,1,1,0,0,0,0,8.064084511329012
00000101011,0,0,0,0,0,1,0,1,0,1,1,7.0
01110101010,0,1,1,1,0,1,0,1,0,1,0,8.609860048099067
00000011010,0,0,0,0,0,0,1,1,0,1,0,8.409736027735965
10010000110,1,0,0,1,0,0,0,0,1,1,0,9.322800295670502
01100101110,0,1,1,0,0,1,0,1,1,1,0,8.890050961171655
01100001110,0,1,1,0,0,0,0,1,1,1,0,7.996249042316018
00110001111,0,0,1,1,0,0,0,1,1,1,1,7.672849462792199
00100111010,0,0,1,0,0,1,1,1,0,1,0,8.292297990062217
00001110001,0,0,0,0,1,1,1,0,0,0,1,8.234773074134894
11010101101,1,1,0,1,0,1,0,1,1,0,1,9.43812956495896
11000011111,1,1,0,0,0,0,1,1,1,1,1,9.550003404853806
10010101110,1,0,0,1,0,1,0,1,1,1,0,9.184724236541635
01110111000,0,1,1,1,0,1,1,1,0,0,0,9.41695520522588
11100011110,1,1,1,0,0,0,1,1,1,1,0,9.55214167582671
11001000010,1,1,0,0,1,0,0,0,0,1,0,9.44518441488878
10000101110,1,0,0,0,0,1,0,1,1,1,0,9.051344489014056
10000101100,1,0,0,0,0,1,0,1,1,0,0,8.887681307022769
00000100001,0,0,0,0,0,1,0,0,0,0,1,7.0
11010001011,1,1,0,1,0,0,0,1,0,1,1,9.469713906580935
10010011001,1,0,0,1,0,0,1,1,0,0,1,9.531899132833365
01101001000,0,1,1,0,1,0,0,1,0,0,0,7.0
10100111110,1,0,1,0,0,1,1,1,1,1,0,9.33056664664731
10000111010,1,0,0,0,0,1,1,1,0,1,0,9.173865456298977
10100101100,1,0,1,0,0,1,0,1,1,0,0,9.011993974989034
10000011110,1,0,0,0,0,0,1,1,1,1,0,9.397847928814857
11101010100,1,1,1,0,1,0,1,0,1,0,0,9.532575899532082
00111000011,0,0,1,1,1,0,0,0,0,1,1,7.0
11010101001,1,1,0,1,0,1,0,1,0,0,1,9.404485087534702
01010000011,0,1,0,1,0,0,0,0,0,1,1,8.675422763820663
10100010111,1,0,1,0,0,0,1,0,1,1,1,9.423840628909424
00100100000,0,0,1,0,0,1,0,0,0,0,0,7.0
01111101110,0,1,1,1,1,1,0,1,1,1,0,9.143777403476207
00111011001,0,0,1,1,1,0,1,1,0,0,1,9.253756602944478
10111110010,1,0,1,1,1,1,1,0,0,1,0,9.188559076608678
10100100100,1,0,1,0,0,1,0,0,1,0,0,8.90219126066121
10001000001,1,0,0,0,1,0,0,0,0,0,1,8.245898137809297
11100111000,1,1,1,0,0,1,1,1,0,0,0,9.388598928362557
10000011011,1,0,0,0,0,0,1,1,0,1,1,9.438829723272953
00111000110,0,0,1,1,1,0,0,0,1,1,0,8.976487176873515
10000100001,1,0,0,0,0,1,0,0,0,0,1,8.313322795675665
01100001111,0,1,1,0,0,0,0,1,1,1,1,8.499302241757333
10001000000,1,0,0,0,1,0,0,0,0,0,0,7.659886986103622
00100000110,0,0,1,0,0,0,0,0,1,1,0,8.483562772843436
10110101100,1,0,1,1,0,1,0,1,1,0,0,9.103172692045597
10100011110,1,0,1,0,0,0,1,1,1,1,0,9.422789892235311
00100101000,0,0,1,0,0,1,0,1,0,0,0,7.0
10000101101,1,0,0,0,0,1,0,1,1,0,1,9.021032237536218
00010001101,0,0,0,1,0,0,0,1,1,0,1,7.0
10011110000,1,0,0,1,1,1,1,0,0,0,0,9.214177237011237
10000010111,1,0,0,0,0,0,1,0,1,1,1,9.440063290536251
01111111011,0,1,1,1,1,1,1,1,0,1,1,9.35913629691837
01011001110,0,1,0,1,1,0,0,1,1,1,0,8.60245863637561
11010011111,1,1,0,1,0,0,1,1,1,1,1,9.58017072841556
11001000011,1,1,0,0,1,0,0,0,0,1,1,9.462202596823657
01111001100,0,1,1,1,1,0,0,1,1,0,0,7.942625824345507
00010111011,0,0,0,1,0,1,1,1,0,1,1,8.697560846365873
00000110010,0,0,0,0,0,1,1,0,0,1,0,7.808896117313908
10010011110,1,0,0,1,0,0,1,1,1,1,0,9.42166445529902
10010011100,1,0,0,1,0,0,1,1,1,0,0,9.417079505081048
01100011111,0,1,1,0,0,0,1,1,1,1,1,9.290625386769348
11110101101,1,1,1,1,0,1,0,1,1,0,1,9.410069086933529
01100001011,0,1,1,0,0,0,0,1,0,1,1,7.6916059234412835
01010001100,0,1,0,1,0,0,0,1,1,0,0,7.854067327189584
01100001100,0,1,1,0,0,0,0,1,1,0,0,7.684307865027978
01111001010,0,1,1,1,1,0,0,1,0,1,0,7.768850970472603
01101111000,0,1,1,0,1,1,1,1,0,0,0,9.316681481640384
10100010110,1,0,1,0,0,0,1,0,1,1,0,9.405369533764716
11011100001,1,1,0,1,1,1,0,0,0,0,1,9.435797341412288
11000101011,1,1,0,0,0,1,0,1,0,1,1,9.35493934097522
01101101110,0,1,1,0,1,1,0,1,1,1,0,8.956584388545748
00011111000,0,0,0,1,1,1,1,1,0,0,0,8.552413256993065
00100011011,0,0,1,0,0,0,1,1,0,1,1,8.736781829686459
11110101111,1,1,1,1,0,1,0,1,1,1,1,9.450463985360171
00111011111,0,0,1,1,1,0,1,1,1,1,1,8.832793144050802
11000010100,1,1,0,0,0,0,1,0,1,0,0,9.516598621874609
01000011001,0,1,0,0,0,0,1,1,0,0,1,8.980601271979971
11100101110,1,1,1,0,0,1,0,1,1,1,0,9.367333681658009
10100011100,1,0,1,0,0,0,1,1,1,0,0,9.391549966010684
00000100000,0,0,0,0,0,1,0,0,0,0,0,7.0
11110111110,1,1,1,1,0,1,1,1,1,1,0,9.486560442709466
01110010100,0,1,1,1,0,0,1,0,1,0,0,9.236617877287204
00001101100,0,0,0,0,1,1,0,1,1,0,0,7.0
11101100001,1,1,1,0,1,1,0,0,0,0,1,9.349796917383737
11010111011,1,1,0,1,0,1,1,1,0,1,1,9.489767143213957
11010100010,1,1,0,1,0,1,0,0,0,1,0,9.392188402984443
11001110010,1,1,0,0,1,1,1,0,0,1,0,9.38664765997587
01111011110,0,1,1,1,1,0,1,1,1,1,0,9.353124649276753
00101111010,0,0,1,0,1,1,1,1,0,1,0,8.349954246698392
11011111010,1,1,0,1,1,1,1,1,0,1,0,9.456320280069876
01110110010,0,1,1,1,0,1,1,0,0,1,0,9.426229834075164
10010011111,1,0,0,1,0,0,1,1,1,1,1,9.484951532977997
10001011110,1,0,0,0,1,0,1,1,1,1,0,9.39699497655395
11111111101,1,1,1,1,1,1,1,1,1,0,1,9.501690830726146
10010011010,1,0,0,1,0,0,1,1,0,1,0,9.458606774256602
01101111011,0,1,1,0,1,1,1,1,0,1,1,9.305627887071347
00001111001,0,0,0,0,1,1,1,1,0,0,1,8.592944122221606
00001000110,0,0,0,0,1,0,0,0,1,1,0,8.639242454057415
01110010110,0,1,1,1,0,0,1,0,1,1,0,9.45731828043854
10000111001,1,0,0,0,0,1,1,1,0,0,1,9.25887697596361
10000010101,1,0,0,0,0,0,1,0,1,0,1,9.469229031204916
00010011010,0,0,0,1,0,0,1,1,0,1,0,8.626996306434705
00001101101,0,0,0,0,1,1,0,1,1,0,1,7.0
11111100000,1,1,1,1,1,1,0,0,0,0,0,9.372253298264347
10100011111,1,0,1,0,0,0,1,1,1,1,1,9.44745161627959
00010111001,0,0,0,1,0,1,1,1,0,0,1,8.935098048971831
11101111100,1,1,1,0,1,1,1,1,1,0,0,9.440472134703423
00010001111,0,0,0,1,0,0,0,1,1,1,1,7.882109419867716
10101111101,1,0,1,0,1,1,1,1,1,0,1,9.302731631156464
10000001100,1,0,0,0,0,0,0,1,1,0,0,8.067471839003963
00011011110,0,0,0,1,1,0,1,1,1,1,0,8.636436101396109
11101111110,1,1,1,0,1,1,1,1,1,1,0,9.442793539936142
00000001011,0,0,0,0,0,0,0,1,0,1,1,7.0
11100101100,1,1,1,0,0,1,0,1,1,0,0,9.29168166185606
00101011110,0,0,1,0,1,0,1,1,1,1,0,8.592533394111195
00100101101,0,0,1,0,0,1,0,1,1,0,1,7.0
00100010101,0,0,1,0,0,0,1,0,1,0,1,8.650826525482325
10101011101,1,0,1,0,1,0,1,1,1,0,1,9.427177863203234
10000110011,1,0,0,0,0,1,1,0,0,1,1,9.218921359307869
01101010101,0,1,1,0,1,0,1,0,1,0,1,8.988702508913256
01101001011,0,1,1,0,1,0,0,1,0,1,1,7.689862529009912
01010000010,0,1,0,1,0,0,0,0,0,1,0,8.630410298809855
00101101111,0,0,1,0,1,1,0,1,1,1,1,7.0
11101011000,1,1,1,0,1,0,1,1,0,0,0,9.506594896641504
11010001111,1,1,0,1,0,0,0,1,1,1,1,9.508275763998702
01110001101,0,1,1,1,0,0,0,1,1,0,1,8.141776603797377
01101101100,0,1,1,0,1,1,0,1,1,0,0,8.69542378257853
01001111000,0,1,0,0,1,1,1,1,0,0,0,9.31762292160808
10110000111,1,0,1,1,0,0,0,0,1,1,1,9.426217642538324
11111100100,1,1,1,1,1,1,0,0,1,0,0,9.358907099204703
11100110000,1,1,1,0,0,1,1,0,0,0,0,9.351436312908309
10111111010,1,0,1,1,1,1,1,1,0,1,0,9.274934045227653
10001111011,1,0,0,0,1,1,1,1,0,1,1,9.274221154385591
10001110010,1,0,0,0,1,1,1,0,0,1,0,9.219494979779668
10001011111,1,0,0,0,1,0,1,1,1,1,1,9.419093972574224
00101011111,0,0,1,0,1,0,1,1,1,1,1,8.617852816092316
10100111010,1,0,1,0,0,1,1,1,0,1,0,9.20181303854855
00110111110,0,0,1,1,0,1,1,1,1,1,0,9.058924246424915
00110101111,0,0,1,1,0,1,0,1,1,1,1,7.0
00000110000,0,0,0,0,0,1,1,0,0,0,0,7.958844906870341
00110100010,0,0,1,1,0,1,0,0,0,1,0,7.0
00001111010,0,0,0,0,1,1,1,1,0,1,0,8.228548527204591
10110100101,1,0,1,1,0,1,0,0,1,0,1,9.15918745991099
00111111011,0,0,1,1,1,1,1,1,0,1,1,8.547535330980965
01111000110,0,1,1,1,1,0,0,0,1,1,0,9.4019526484237
01100101001,0,1,1,0,0,1,0,1,0,0,1,8.372856389178942
01100000101,0,1,1,0,0,0,0,0,1,0,1,8.228045313479718
11110010101,1,1,1,1,0,0,1,0,1,0,1,9.578304673753207
11011011000,1,1,0,1,1,0,1,1,0,0,0,9.524391844778473
10000111000,1,0,0,0,0,1,1,1,0,0,0,9.16187548526692
10000000101,1,0,0,0,0,0,0,0,1,0,1,8.690252342772611
11110110001,1,1,1,1,0,1,1,0,0,0,1,9.489652331783953
00101110001,0,0,1,0,1,1,1,0,0,0,1,8.194729168013632
01110001010,0,1,1,1,0,0,0,1,0,1,0,7.65890614513812
00001111000,0,0,0,0,1,1,1,1,0,0,0,8.383176566662668
11101100101,1,1,1,0,1,1,0,0,1,0,1,9.346317089385932
11011100100,1,1,0,1,1,1,0,0,1,0,0,9.372151684132623
10101100101,1,0,1,0,1,1,0,0,1,0,1,9.009424882446943
00100001110,0,0,1,0,0,0,0,1,1,1,0,7.0
10111111111,1,0,1,1,1,1,1,1,1,1,1,9.372119251073364
00010101111,0,0,0,1,0,1,0,1,1,1,1,7.0
11100101101,1,1,1,0,0,1,0,1,1,0,1,9.348844534760072
10011101010,1,0,0,1,1,1,0,1,0,1,0,8.545749578871385
01001000101,0,1,0,0,1,0,0,0,1,0,1,8.63907658656749
11110011110,1,1,1,1,0,0,1,1,1,1,0,9.589388973131024
11101000000,1,1,1,0,1,0,0,0,0,0,0,9.25275893133859
10000011100,1,0,0,0,0,0,1,1,1,0,0,9.384745312441703
01111001110,0,1,1,1,1,0,0,1,1,1,0,8.607734875891033
00001000000,0,0,0,0,1,0,0,0,0,0,0,7.0
01111110010,0,1,1,1,1,1,1,0,0,1,0,9.381952882296307
00001010100,0,0,0,0,1,0,1,0,1,0,0,8.734344920908194
00011001101,0,0,0,1,1,0,0,1,1,0,1,7.0
10110011111,1,0,1,1,0,0,1,1,1,1,1,9.506082598475745
10010000101,1,0,0,1,0,0,0,0,1,0,1,8.927504947292844
00001111011,0,0,0,0,1,1,1,1,0,1,1,8.523448250862607
00001000100,0,0,0,0,1,0,0,0,1,0,0,7.0
11100111101,1,1,1,0,0,1,1,1,1,0,1,9.412793607013242
11001011100,1,1,0,0,1,0,1,1,1,0,0,9.527271477188894
01110101000,0,1,1,1,0,1,0,1,0,0,0,8.496467201960986
01100101000,0,1,1,0,0,1,0,1,0,0,0,8.181587015186318
00110101011,0,0,1,1,0,1,0,1,0,1,1,7.0
00001000001,0,0,0,0,1,0,0,0,0,0,1,7.0
11110011101,1,1,1,1,0,0,1,1,1,0,1,9.604437548350027
00101001001,0,0,1,0,1,0,0,1,0,0,1,7.0
11111000101,1,1,1,1,1,0,0,0,1,0,1,9.53169380248857
00100110011,0,0,1,0,0,1,1,0,0,1,1,8.346289791770925
10000101001,1,0,0,0,0,1,0,1,0,0,1,8.206247724491947
10101101000,1,0,1,0,1,1,0,1,0,0,0,7.815740352068008
00111100101,0,0,1,1,1,1,0,0,1,0,1,7.0
11100000111,1,1,1,0,0,0,0,0,1,1,1,9.473507361245469
11001101100,1,1,0,0,1,1,0,1,1,0,0,9.34213393039319
11000101100,1,1,0,0,0,1,0,1,1,0,0,9.321788465014423
10001101101,1,0,0,0,1,1,0,1,1,0,1,9.013650392358636
00011010110,0,0,0,1,1,0,1,0,1,1,0,8.834708970236564
00011001011,0,0,0,1,1,0,0,1,0,1,1,7.0
11110101110,1,1,1,1,0,1,0,1,1,1,0,9.407038139725644
00110111011,0,0,1,1,0,1,1,1,0,1,1,8.840257567112387
11001011000,1,1,0,0,1,0,1,1,0,0,0,9.468044456525703
11111101100,1,1,1,1,1,1,0,1,1,0,0,9.380466536352186
10011011101,1,0,0,1,1,0,1,1,1,0,1,9.448469633382793
11001111010,1,1,0,0,1,1,1,1,0,1,0,9.413330262278272
11011110000,1,1,0,1,1,1,1,0,0,0,0,9.401068245821005
10111100011,1,0,1,1,1,1,0,0,0,1,1,8.681731951115404
10011101100,1,0,0,1,1,1,0,1,1,0,0,9.116144966431715
10001101110,1,0,0,0,1,1,0,1,1,1,0,9.122124680081548
10001001111,1,0,0,0,1,0,0,1,1,1,1,8.984057070929763
11011100101,1,1,0,1,1,1,0,0,1,0,1,9.426848075514522
10001010111,1,0,0,0,1,0,1,0,1,1,1,9.42778488111158
00110001110,0,0,1,1,0,0,0,1,1,1,0,7.409340598543089
00101111011,0,0,1,0,1,1,1,1,0,1,1,8.598724549483604
00100000101,0,0,1,0,0,0,0,0,1,0,1,7.0
11001011010,1,1,0,0,1,0,1,1,0,1,0,9.47564441185598
11100100110,1,1,1,0,0,1,0,0,1,1,0,9.380009528539722
00000101010,0,0,0,0,0,1,0,1,0,1,0,7.0
00001001000,0,0,0,0,1,0,0,1,0,0,0,7.0
11110111000,1,1,1,1,0,1,1,1,0,0,0,9.43727793355325
11011111110,1,1,0,1,1,1,1,1,1,1,0,9.482918987950825
11111110010,1,1,1,1,1,1,1,0,0,1,0,9.4003103018068
10110111101,1,0,1,1,0,1,1,1,1,0,1,9.379011325595917
10100100001,1,0,1,0,0,1,0,0,0,0,1,8.179949795997961
10011100001,1,0,0,1,1,1,0,0,0,0,1,8.416484527958145
11110111010,1,1,1,1,0,1,1,1,0,1,0,9.474167421110437
10110000010,1,0,1,1,0,0,0,0,0,1,0,8.599644025530418
01111000100,0,1,1,1,1,0,0,0,1,0,0,8.595564975678935
01010011010,0,1,0,1,0,0,1,1,0,1,0,9.05862103579916
00001011010,0,0,0,0,1,0,1,1,0,1,0,8.482019698539984
00001000101,0,0,0,0,1,0,0,0,1,0,1,7.0
00000111101,0,0,0,0,0,1,1,1,1,0,1,8.786721894916923
11100110011,1,1,1,0,0,1,1,0,0,1,1,9.392235991067738
00011101101,0,0,0,1,1,1,0,1,1,0,1,7.0
11101111111,1,1,1,0,1,1,1,1,1,1,1,9.43824329994073
00010110010,0,0,0,1,0,1,1,0,0,1,0,8.093110044469826
00100100010,0,0,1,0,0,1,0,0,0,1,0,7.0
11100000101,1,1,1,0,0,0,0,0,1,0,1,9.471409746369634
11110101100,1,1,1,1,0,1,0,1,1,0,0,9.37252289333181
10001101100,1,0,0,0,1,1,0,1,1,0,0,8.91781495842316
11111101011,1,1,1,1,1,1,0,1,0,1,1,9.389238802129642
11010101100,1,1,0,1,0,1,0,1,1,0,0,9.38418438051289
11001001000,1,1,0,0,1,0,0,1,0,0,0,9.293629939393687
10100100010,1,0,1,0,0,1,0,0,0,1,0,8.323906203482345
10011100110,1,0,0,1,1,1,0,0,1,1,0,9.189296709619295
00011111001,0,0,0,1,1,1,1,1,0,0,1,8.861390420560705
11110001100,1,1,1,1,0,0,0,1,1,0,0,9.45283857944706
10011111101,1,0,0,1,1,1,1,1,1,0,1,9.354452468140217
10111011101,1,0,1,1,1,0,1,1,1,0,1,9.492329711755524
01111101101,0,1,1,1,1,1,0,1,1,0,1,9.118459358854404
11001101101,1,1,0,0,1,1,0,1,1,0,1,9.366409314651934
01000001000,0,1,0,0,0,0,0,1,0,0,0,7.0
10101011011,1,0,1,0,1,0,1,1,0,1,1,9.424675412079724
10010100010,1,0,0,1,0,1,0,0,0,1,0,8.521802222768063
00111101010,0,0,1,1,1,1,0,1,0,1,0,7.0
00000001111,0,0,0,0,0,0,0,1,1,1,1,7.3553331800292865
11000010110,1,1,0,0,0,0,1,0,1,1,0,9.532282063764844
01101000101,0,1,1,0,1,0,0,0,1,0,1,8.575568734877066
00110011011,0,0,1,1,0,0,1,1,0,1,1,8.80802442868013
10100111001,1,0,1,0,0,1,1,1,0,0,1,9.239306722991316
01001001110,0,1,0,0,1,0,0,1,1,1,0,8.626916472027814
01001001011,0,1,0,0,1,0,0,1,0,1,1,7.831242340353545
00110000101,0,0,1,1,0,0,0,0,1,0,1,7.0
11111101010,1,1,1,1,1,1,0,1,0,1,0,9.389914521168285
10111111001,1,0,1,1,1,1,1,1,0,0,1,9.313238504399587
10010111001,1,0,0,1,0,1,1,1,0,0,1,9.362876655223287
11000111101,1,1,0,0,0,1,1,1,1,0,1,9.460154454651423
10101111100,1,0,1,0,1,1,1,1,1,0,0,9.253851932761895
10011000101,1,0,0,1,1,0,0,0,1,0,1,8.852553255664967
10010010101,1,0,0,1,0,0,1,0,1,0,1,9.486289251063653
00111110010,0,0,1,1,1,1,1,0,0,1,0,8.275756186179967
11000110001,1,1,0,0,0,1,1,0,0,0,1,9.401947224454185
10001001100,1,0,0,0,1,0,0,1,1,0,0,8.253232628725888
00111000101,0,0,1,1,1,0,0,0,1,0,1,7.2476472677739405
11110000110,1,1,1,1,0,0,0,0,1,1,0,9.489012015069545
11011111111,1,1,0,1,1,1,1,1,1,1,1,9.508150889463698
11000100010,1,1,0,0,0,1,0,0,0,1,0,9.314689069619137
00000101000,0,0,0,0,0,1,0,1,0,0,0,7.0
11001100101,1,1,0,0,1,1,0,0,1,0,1,9.370091941116089
11110000101,1,1,1,1,0,0,0,0,1,0,1,9.55293469276378
10110000100,1,0,1,1,0,0,0,0,1,0,0,8.797468345993584
10011100000,1,0,0,1,1,1,0,0,0,0,0,8.270133315823752
10010001011,1,0,0,1,0,0,0,1,0,1,1,8.635240008772696
10010000100,1,0,0,1,0,0,0,0,1,0,0,8.644411687052932
10001000100,1,0,0,0,1,0,0,0,1,0,0,8.467376588616206
00010101000,0,0,0,1,0,1,0,1,0,0,0,7.0
10011100111,1,0,0,1,1,1,0,0,1,1,1,9.276046059673538
10000011010,1,0,0,0,0,0,1,1,0,1,0,9.369372295960002
00000110001,0,0,0,0,0,1,1,0,0,0,1,8.256222189201083
10110111010,1,0,1,1,0,1,1,1,0,1,0,9.287324600734422
10101111011,1,0,1,0,1,1,1,1,0,1,1,9.230310723307603
10010101111,1,0,0,1,0,1,0,1,1,1,1,9.237867318834295
00111001111,0,0,1,1,1,0,0,1,1,1,1,8.293313391142723
11101000010,1,1,1,0,1,0,0,0,0,1,0,9.452906114803485
01111101100,0,1,1,1,1,1,0,1,1,0,0,8.958648118014347
10111111100,1,0,1,1,1,1,1,1,1,0,0,9.320036131168033
00111100000,0,0,1,1,1,1,0,0,0,0,0,7.0
00011101100,0,0,0,1,1,1,0,1,1,0,0,7.0
11101000101,1,1,1,0,1,0,0,0,1,0,1,9.514113599945118
10111100100,1,0,1,1,1,1,0,0,1,0,0,9.109150282263007
11111011110,1,1,1,1,1,0,1,1,1,1,0,9.591055862104758
10100000111,1,0,1,0,0,0,0,0,1,1,1,9.309944007452977
10001010100,1,0,0,0,1,0,1,0,1,0,0,9.394060968518788
01000011000,0,1,0,0,0,0,1,1,0,0,0,8.837842583499503
00000000010,0,0,0,0,0,0,0,0,0,1,0,7.0
11001000000,1,1,0,0,1,0,0,0,0,0,0,9.3156848658001
10111011100,1,0,1,1,1,0,1,1,1,0,0,9.412043515659448
10001010110,1,0,0,0,1,0,1,0,1,1,0,9.424633084741233
00111111010,0,0,1,1,1,1,1,1,0,1,0,8.444708055979683
00111010110,0,0,1,1,1,0,1,0,1,1,0,9.06241090395943
01101101010,0,1,1,0,1,1,0,1,0,1,0,8.523152991114886
01101001100,0,1,1,0,1,0,0,1,1,0,0,7.816065437732478
01100110010,0,1,1,0,0,1,1,0,0,1,0,9.35567181584582
00101100101,0,0,1,0,1,1,0,0,1,0,1,7.0
00000000100,0,0,0,0,0,0,0,0,1,0,0,7.0
11000011000,1,1,0,0,0,0,1,1,0,0,0,9.45384409660194
10001011010,1,0,0,0,1,0,1,1,0,1,0,9.36919709139418
10000110001,1,0,0,0,0,1,1,0,0,0,1,9.22850209652784
11101101111,1,1,1,0,1,1,0,1,1,1,1,9.384842307468636
11010010100,1,1,0,1,0,0,1,0,1,0,0,9.537596807324356
10011101011,1,0,0,1,1,1,0,1,0,1,1,8.774044863124246
01100101010,0,1,1,0,0,1,0,1,0,1,0,8.420500044870499
00000011011,0,0,0,0,0,0,1,1,0,1,1,8.607042974617535
01001000111,0,1,0,0,1,0,0,0,1,1,1,9.16216427133669
00101011010,0,0,1,0,1,0,1,1,0,1,0,8.630686610576484
10110100011,1,0,1,1,0,1,0,0,0,1,1,8.74062866636202
11010000111,1,1,0,1,0,0,0,0,1,1,1,9.484441258250609
11000101110,1,1,0,0,0,1,0,1,1,1,0,9.323686657589588
10001001101,1,0,0,0,1,0,0,1,1,0,1,8.485898992314278
11100000110,1,1,1,0,0,0,0,0,1,1,0,9.476913907014962
01101001111,0,1,1,0,1,0,0,1,1,1,1,8.44796312805945
00100000100,0,0,1,0,0,0,0,0,1,0,0,7.0
11000101111,1,1,0,0,0,1,0,1,1,1,1,9.373831325643389
00101011000,0,0,1,0,1,0,1,1,0,0,0,9.00139839766343
11101010110,1,1,1,0,1,0,1,0,1,1,0,9.536276551017968
11010101000,1,1,0,1,0,1,0,1,0,0,0,9.360763459012112
01111111001,0,1,1,1,1,1,1,1,0,0,1,9.412955432307768
00101000001,0,0,1,0,1,0,0,0,0,0,1,7.0
00000101110,0,0,0,0,0,1,0,1,1,1,0,7.0
11010010110,1,1,0,1,0,0,1,0,1,1,0,9.539391323295632
11000001001,1,1,0,0,0,0,0,1,0,0,1,9.364957813119306
00111011110,0,0,1,1,1,0,1,1,1,1,0,8.74392970646077
00101111110,0,0,1,0,1,1,1,1,1,1,0,8.93214859881787
00100001101,0,0,1,0,0,0,0,1,1,0,1,7.0
11011110001,1,1,0,1,1,1,1,0,0,0,1,9.473724526285231
10100110011,1,0,1,0,0,1,1,0,0,1,1,9.23564179605668
00011001111,0,0,0,1,1,0,0,1,1,1,1,8.327647865660385
11100100000,1,1,1,0,0,1,0,0,0,0,0,9.322630934678974
10000011001,1,0,0,0,0,0,1,1,0,0,1,9.436688675987872
00100001011,0,0,1,0,0,0,0,1,0,1,1,7.0
01100011010,0,1,1,0,0,0,1,1,0,1,0,8.844454587802678
10111011011,1,0,1,1,1,0,1,1,0,1,1,9.473321238557512
01101001110,0,1,1,0,1,0,0,1,1,1,0,8.360617007028894
11000101001,1,1,0,0,0,1,0,1,0,0,1,9.338492632065234
10110101101,1,0,1,1,0,1,0,1,1,0,1,9.20711257636899
01110101011,0,1,1,1,0,1,0,1,0,1,1,8.885778379707377
01101101101,0,1,1,0,1,1,0,1,1,0,1,8.739367267596817
00111101100,0,0,1,1,1,1,0,1,1,0,0,7.0
00111001100,0,0,1,1,1,0,0,1,1,0,0,7.0
00001101000,0,0,0,0,1,1,0,1,0,0,0,7.0
01010000001,0,1,0,1,0,0,0,0,0,0,1,8.436182430313027
00000010110,0,0,0,0,0,0,1,0,1,1,0,8.631634357249697
00010000000,0,0,0,1,0,0,0,0,0,0,0,7.0
11100100001,1,1,1,0,0,1,0,0,0,0,1,9.3496560956154
11011000101,1,1,0,1,1,0,0,0,1,0,1,9.558501441367651
00010000010,0,0,0,1,0,0,0,0,0,1,0,7.0
11000101101,1,1,0,0,0,1,0,1,1,0,1,9.341232753811395
10101101011,1,0,1,0,1,1,0,1,0,1,1,8.41360382770612
10010110010,1,0,0,1,0,1,1,0,0,1,0,9.244227362646464
01111010101,0,1,1,1,1,0,1,0,1,0,1,9.229638342712922
10010111000,1,0,0,1,0,1,1,1,0,0,0,9.261423596869188
01000011011,0,1,0,0,0,0,1,1,0,1,1,9.079409434956936
00010011000,0,0,0,1,0,0,1,1,0,0,0,8.752154233775308
00001001111,0,0,0,0,1,0,0,1,1,1,1,7.709182716201653
11111011000,1,1,1,1,1,0,1,1,0,0,0,9.515921001465864
10111000111,1,0,1,1,1,0,0,0,1,1,1,9.412703325339224
00110110011,0,0,1,1,0,1,1,0,0,1,1,8.456878683071574
11101011110,1,1,1,0,1,0,1,1,1,1,0,9.55668567453514
00010101101,0,0,0,1,0,1,0,1,1,0,1,7.0
11000011001,1,1,0,0,0,0,1,1,0,0,1,9.55947965410654
10011011110,1,0,0,1,1,0,1,1,1,1,0,9.43222894722271
00111000001,0,0,1,1,1,0,0,0,0,0,1,7.0
00010001011,0,0,0,1,0,0,0,1,0,1,1,7.0
10011000010,1,0,0,1,1,0,0,0,0,1,0,8.527725175637919
10010100000,1,0,0,1,0,1,0,0,0,0,0,8.501225121362333
11010010111,1,1,0,1,0,0,1,0,1,1,1,9.5852166687222
01100011011,0,1,1,0,0,0,1,1,0,1,1,9.076001459928426
10011000111,1,0,0,1,1,0,0,0,1,1,1,9.380473759382422
00101011001,0,0,1,0,1,0,1,1,0,0,1,9.096544766274834
11110111001,1,1,1,1,0,1,1,1,0,0,1,9.478331793540214
11011100000,1,1,0,1,1,1,0,0,0,0,0,9.40731176370256
11100111001,1,1,1,0,0,1,1,1,0,0,1,9.414189011395148
11000001111,1,1,0,0,0,0,0,1,1,1,1,9.433315829100067
10110100010,1,0,1,1,0,1,0,0,0,1,0,8.399224701111171
01100110000,0,1,1,0,0,1,1,0,0,0,0,9.351649617639415
00101001101,0,0,1,0,1,0,0,1,1,0,1,7.0
00000011000,0,0,0,0,0,0,1,1,0,0,0,8.663806036459206
11111000000,1,1,1,1,1,0,0,0,0,0,0,9.379222163358724
11111101000,1,1,1,1,1,1,0,1,0,0,0,9.390342526763495
11110100010,1,1,1,1,0,1,0,0,0,1,0,9.387395528878422
11101000001,1,1,1,0,1,0,0,0,0,0,1,9.368097081454648
10011111010,1,0,0,1,1,1,1,1,0,1,0,9.26586336834094
10010010100,1,0,0,1,0,0,1,0,1,0,0,9.458935073149712
10001001011,1,0,0,0,1,0,0,1,0,1,1,8.341219611901453
11111011011,1,1,1,1,1,0,1,1,0,1,1,9.54027910289414
10000111011,1,0,0,0,0,1,1,1,0,1,1,9.25659083985608
01111111000,0,1,1,1,1,1,1,1,0,0,0,9.366724011204376
00110101010,0,0,1,1,0,1,0,1,0,1,0,7.0
10001111010,1,0,0,0,1,1,1,1,0,1,0,9.214693169182471
11001101010,1,1,0,0,1,1,0,1,0,1,0,9.31138161965379
10111001101,1,0,1,1,1,0,0,1,1,0,1,8.894393337235952
10101111110,1,0,1,0,1,1,1,1,1,1,0,9.311150796754436
00011100100,0,0,0,1,1,1,0,0,1,0,0,7.0
11111010100,1,1,1,1,1,0,1,0,1,0,0,9.544687372653206
11000000010,1,1,0,0,0,0,0,0,0,1,0,9.410028995269636
10000001111,1,0,0,0,0,0,0,1,1,1,1,9.068973670254035
11010011110,1,1,0,1,0,0,1,1,1,1,0,9.565554117672706
00010001010,0,0,0,1,0,0,0,1,0,1,0,7.0
11100100010,1,1,1,0,0,1,0,0,0,1,0,9.35376814226379
10111000101,1,0,1,1,1,0,0,0,1,0,1,9.058697672875583
00110101110,0,0,1,1,0,1,0,1,1,1,0,7.0
10011101001,1,0,0,1,1,1,0,1,0,0,1,8.308052717608875
01110001011,0,1,1,1,0,0,0,1,0,1,1,8.28405242089046
00110010100,0,0,1,1,0,0,1,0,1,0,0,8.98055277166273
10111111101,1,0,1,1,1,1,1,1,1,0,1,9.36444036861248
10000001011,1,0,0,0,0,0,0,1,0,1,1,8.5141662585185
11011000010,1,1,0,1,1,0,0,0,0,1,0,9.515584785410429
10010110000,1,0,0,1,0,1,1,0,0,0,0,9.213569420409575
10000001101,1,0,0,0,0,0,0,1,1,0,1,8.589435781087369
11111011010,1,1,1,1,1,0,1,1,0,1,0,9.529446121388562
11000000011,1,1,0,0,0,0,0,0,0,1,1,9.455140737417944
00000001000,0,0,0,0,0,0,0,1,0,0,0,7.0
10011100100,1,0,0,1,1,1,0,0,1,0,0,9.024933125215927
10101000100,1,0,1,0,1,0,0,0,1,0,0,8.604252508550632
10000000010,1,0,0,0,0,0,0,0,0,1,0,8.229712078375194
00110100000,0,0,1,1,0,1,0,0,0,0,0,7.0
00111001101,0,0,1,1,1,0,0,1,1,0,1,7.0
00001101111,0,0,0,0,1,1,0,1,1,1,1,7.0
11111111110,1,1,1,1,1,1,1,1,1,1,0,9.46350042011784
11111110011,1,1,1,1,1,1,1,0,0,1,1,9.447709984082255
10001101000,1,0,0,0,1,1,0,1,0,0,0,8.015581909231967
11000000101,1,1,0,0,0,0,0,0,1,0,1,9.474705779068678
01110110000,0,1,1,1,0,1,1,0,0,0,0,9.397919735927944
00111101111,0,0,1,1,1,1,0,1,1,1,1,7.0
00101001111,0,0,1,0,1,0,0,1,1,1,1,7.518110842376347
00010110011,0,0,0,1,0,1,1,0,0,1,1,8.436685738603265
01100001010,0,1,1,0,0,0,0,1,0,1,0,7.41501228897604
00101101100,0,0,1,0,1,1,0,1,1,0,0,7.0
11001111011,1,1,0,0,1,1,1,1,0,1,1,9.44725020593331
00000001100,0,0,0,0,0,0,0,1,1,0,0,7.0
10101101101,1,0,1,0,1,1,0,1,1,0,1,9.11730734650464
11101101101,1,1,1,0,1,1,0,1,1,0,1,9.343118587732455
10111111011,1,0,1,1,1,1,1,1,0,1,1,9.321952649988283
11100001011,1,1,1,0,0,0,0,1,0,1,1,9.390717914361623
11011101100,1,1,0,1,1,1,0,1,1,0,0,9.393967735795735
11000010111,1,1,0,0,0,0,1,0,1,1,1,9.53300746026538
00001001010,0,0,0,0,1,0,0,1,0,1,0,7.0
00110011111,0,0,1,1,0,0,1,1,1,1,1,8.778774935441055
00101000000,0,0,1,0,1,0,0,0,0,0,0,7.0
10011001000,1,0,0,1,1,0,0,1,0,0,0,7.919290093567364
11010101110,1,1,0,1,0,1,0,1,1,1,0,9.411757636213466
10001101111,1,0,0,0,1,1,0,1,1,1,1,9.181158313743426
01110000001,0,1,1,1,0,0,0,0,0,0,1,8.311943225411644
11111100001,1,1,1,1,1,1,0,0,0,0,1,9.427263278252456
01001001010,0,1,0,0,1,0,0,1,0,1,0,7.664111883705883
11010000110,1,1,0,1,0,0,0,0,1,1,0,9.495453877870249
01111001011,0,1,1,1,1,0,0,1,0,1,1,8.328500819001304
00011010101,0,0,0,1,1,0,1,0,1,0,1,8.879451634907118
10101100110,1,0,1,0,1,1,0,0,1,1,0,9.155267247426496
00011101111,0,0,0,1,1,1,0,1,1,1,1,7.077765430134503
11101010111,1,1,1,0,1,0,1,0,1,1,1,9.530464069204568
11101001010,1,1,1,0,1,0,0,1,0,1,0,9.435836388697952
10011010111,1,0,0,1,1,0,1,0,1,1,1,9.477609238205568
11010111110,1,1,0,1,0,1,1,1,1,1,0,9.4763713991562
10111101011,1,0,1,1,1,1,0,1,0,1,1,8.819579695848724
11011000111,1,1,0,1,1,0,0,0,1,1,1,9.544321612039557
00101101010,0,0,1,0,1,1,0,1,0,1,0,7.0
00001101110,0,0,0,0,1,1,0,1,1,1,0,7.0
10110000011,1,0,1,1,0,0,0,0,0,1,1,8.826150172547264
01101011010,0,1,1,0,1,0,1,1,0,1,0,8.91838766292194
11000001000,1,1,0,0,0,0,0,1,0,0,0,9.236964692737567
00000101111,0,0,0,0,0,1,0,1,1,1,1,7.0
11111000010,1,1,1,1,1,0,0,0,0,1,0,9.482220131984349
11010101111,1,1,0,1,0,1,0,1,1,1,1,9.475609849702057
10100100000,1,0,1,0,0,1,0,0,0,0,0,7.915787654234752
00111101000,0,0,1,1,1,1,0,1,0,0,0,7.0
11001111001,1,1,0,0,1,1,1,1,0,0,1,9.440882326125823
11001100100,1,1,0,0,1,1,0,0,1,0,0,9.373388961985343
10001010101,1,0,0,0,1,0,1,0,1,0,1,9.454181642669006
01101100101,0,1,1,0,1,1,0,0,1,0,1,8.974133564912004
00100011010,0,0,1,0,0,0,1,1,0,1,0,8.592289614838242
11010110011,1,1,0,1,0,1,1,0,0,1,1,9.435642748282095
01111000001,0,1,1,1,1,0,0,0,0,0,1,8.459948005629522
00101101110,0,0,1,0,1,1,0,1,1,1,0,7.0
11111110000,1,1,1,1,1,1,1,0,0,0,0,9.41086808432083
11011011110,1,1,0,1,1,0,1,1,1,1,0,9.560184558352864
10101101010,1,0,1,0,1,1,0,1,0,1,0,8.433721495139693
11110000011,1,1,1,1,0,0,0,0,0,1,1,9.48272173609864
11000111011,1,1,0,0,0,1,1,1,0,1,1,9.425911161682173
11011101101,1,1,0,1,1,1,0,1,1,0,1,9.43015971611556
10010011000,1,0,0,1,0,0,1,1,0,0,0,9.41025640562383
00110011010,0,0,1,1,0,0,1,1,0,1,0,8.700915195979453
10011011001,1,0,0,1,1,0,1,1,0,0,1,9.493548334232392
01010001001,0,1,0,1,0,0,0,1,0,0,1,8.065703874699482
11011011010,1,1,0,1,1,0,1,1,0,1,0,9.546021591091352
00000111000,0,0,0,0,0,1,1,1,0,0,0,8.405686104835512
11011011101,1,1,0,1,1,0,1,1,1,0,1,9.570108156631278
10011101000,1,0,0,1,1,1,0,1,0,0,0,8.219225747306247
11011011100,1,1,0,1,1,0,1,1,1,0,0,9.531795987785143
11111111010,1,1,1,1,1,1,1,1,0,1,0,9.467659690309794
10011000011,1,0,0,1,1,0,0,0,0,1,1,8.70498337226047
11011001000,1,1,0,1,1,0,0,1,0,0,0,9.330131831548806
01110110001,0,1,1,1,0,1,1,0,0,0,1,9.402673722404078
00101101000,0,0,1,0,1,1,0,1,0,0,0,7.0
11110000100,1,1,1,1,0,0,0,0,1,0,0,9.515751190055065
11100110001,1,1,1,0,0,1,1,0,0,0,1,9.410173978007522
10100010101,1,0,1,0,0,0,1,0,1,0,1,9.449573160760758
10001101010,1,0,0,0,1,1,0,1,0,1,0,8.37597571636154
11101111010,1,1,1,0,1,1,1,1,0,1,0,9.42817568604502
11100011101,1,1,1,0,0,0,1,1,1,0,1,9.558208778004966
11001001100,1,1,0,0,1,0,0,1,1,0,0,9.349055316072592
11000110000,1,1,0,0,0,1,1,0,0,0,0,9.34345443290082
10111000010,1,0,1,1,1,0,0,0,0,1,0,8.718618253286865
10110110011,1,0,1,1,0,1,1,0,0,1,1,9.30430740316689
00000000001,0,0,0,0,0,0,0,0,0,0,1,7.0
00011000110,0,0,0,1,1,0,0,0,1,1,0,8.828923337103916
10000001001,1,0,0,0,0,0,0,1,0,0,1,7.977069151458301
00011110001,0,0,0,1,1,1,1,0,0,0,1,8.374302730363178
00010001110,0,0,0,1,0,0,0,1,1,1,0,7.457579144626688
11001010101,1,1,0,0,1,0,1,0,1,0,1,9.55255896424895
11000001101,1,1,0,0,0,0,0,1,1,0,1,9.454098391204644
00100101011,0,0,1,0,0,1,0,1,0,1,1,7.0
00100000001,0,0,1,0,0,0,0,0,0,0,1,7.0
10110011110,1,0,1,1,0,0,1,1,1,1,0,9.45838561707652
10011001111,1,0,0,1,1,0,0,1,1,1,1,9.181884276578044
00010001001,0,0,0,1,0,0,0,1,0,0,1,7.0
00010101001,0,0,0,1,0,1,0,1,0,0,1,7.0
11010001100,1,1,0,1,0,0,0,1,1,0,0,9.420168223966169
10101111010,1,0,1,0,1,1,1,1,0,1,0,9.238146968214808
10011100101,1,0,0,1,1,1,0,0,1,0,1,9.136795486169191
10010010111,1,0,0,1,0,0,1,0,1,1,1,9.466302519055183
10110011101,1,0,1,1,0,0,1,1,1,0,1,9.491573089863635
00110001000,0,0,1,1,0,0,0,1,0,0,0,7.0
00000001001,0,0,0,0,0,0,0,1,0,0,1,7.0
11001010100,1,1,0,0,1,0,1,0,1,0,0,9.517497228452484
11000000001,1,1,0,0,0,0,0,0,0,0,1,9.353565779790673
11011001100,1,1,0,1,1,0,0,1,1,0,0,9.42480766442246
01100111000,0,1,1,0,0,1,1,1,0,0,0,9.337937163456504
00110000010,0,0,1,1,0,0,0,0,0,1,0,7.0
00101010101,0,0,1,0,1,0,1,0,1,0,1,8.685919238960713
10111101001,1,0,1,1,1,1,0,1,0,0,1,8.338701671877566
00011101001,0,0,0,1,1,1,0,1,0,0,1,7.0
00000011001,0,0,0,0,0,0,1,1,0,0,1,8.9398019351819
11111000001,1,1,1,1,1,0,0,0,0,0,1,9.507157026833491
11110000111,1,1,1,1,0,0,0,0,1,1,1,9.500279710833908
00110100011,0,0,1,1,0,1,0,0,0,1,1,7.0
11101101010,1,1,1,0,1,1,0,1,0,1,0,9.340714063769877
00011001000,0,0,0,1,1,0,0,1,0,0,0,7.0
01101001010,0,1,1,0,1,0,0,1,0,1,0,7.592958845940077
00011000001,0,0,0,1,1,0,0,0,0,0,1,7.0
11000111010,1,1,0,0,0,1,1,1,0,1,0,9.415101578035362
10111000001,1,0,1,1,1,0,0,0,0,0,1,8.515629075667652
10110110010,1,0,1,1,0,1,1,0,0,1,0,9.234716580216148
10011010110,1,0,0,1,1,0,1,0,1,1,0,9.469689007926346
00110010101,0,0,1,1,0,0,1,0,1,0,1,8.859448583305996
11101001011,1,1,1,0,1,0,0,1,0,1,1,9.435474654851436
10011011000,1,0,0,1,1,0,1,1,0,0,0,9.420047019159236
10111100010,1,0,1,1,1,1,0,0,0,1,0,8.495486602996268
10111001100,1,0,1,1,1,0,0,1,1,0,0,8.593097589820582
10010000010,1,0,0,1,0,0,0,0,0,1,0,8.577836405314406
00110111010,0,0,1,1,0,1,1,1,0,1,0,8.64507607050928
10011000001,1,0,0,1,1,0,0,0,0,0,1,8.564163448659485
11110001110,1,1,1,1,0,0,0,1,1,1,0,9.488602025540866
10011001011,1,0,0,1,1,0,0,1,0,1,1,8.681758012521415
01000101010,0,1,0,0,0,1,0,1,0,1,0,8.572956107176708
11010001000,1,1,0,1,0,0,0,1,0,0,0,9.365940812365857
10011011111,1,0,0,1,1,0,1,1,1,1,1,9.464198280138833
10000110010,1,0,0,0,0,1,1,0,0,1,0,9.180275193702071
11110101011,1,1,1,1,0,1,0,1,0,1,1,9.404369199829912
11000001010,1,1,0,0,0,0,0,1,0,1,0,9.3884468216209
10110001111,1,0,1,1,0,0,0,1,1,1,1,9.248615491076066
00100001010,0,0,1,0,0,0,0,1,0,1,0,7.0
11011010111,1,1,0,1,1,0,1,0,1,1,1,9.583108761138872
11001001010,1,1,0,0,1,0,0,1,0,1,0,9.420341341829571
11000101000,1,1,0,0,0,1,0,1,0,0,0,9.297208879192196
01110000010,0,1,1,1,0,0,0,0,0,1,0,8.654639475577532
11001111000,1,1,0,0,1,1,1,1,0,0,0,9.407139645220738
01100011000,0,1,1,0,0,0,1,1,0,0,0,8.78513556348718
11001000101,1,1,0,0,1,0,0,0,1,0,1,9.47200844532096
10110000101,1,0,1,1,0,0,0,0,1,0,1,9.056309897072213
11011101010,1,1,0,1,1,1,0,1,0,1,0,9.39432929147817
10100010100,1,0,1,0,0,0,1,0,1,0,0,9.425810176078214
00100101010,0,0,1,0,0,1,0,1,0,1,0,7.0
11101101000,1,1,1,0,1,1,0,1,0,0,0,9.302765661162262
11100101000,1,1,1,0,0,1,0,1,0,0,0,9.266205740061515
10100000100,1,0,1,0,0,0,0,0,1,0,0,8.437535588453683
01100000010,0,1,1,0,0,0,0,0,0,1,0,8.398771646537353
01001111001,0,1,0,0,1,1,1,1,0,0,1,9.357399287652433
00001010110,0,0,0,0,1,0,1,0,1,1,0,8.617253027154383
00100000011,0,0,1,0,0,0,0,0,0,1,1,7.0
11001000110,1,1,0,0,1,0,0,0,1,1,0,9.452728666499125
00111101101,0,0,1,1,1,1,0,1,1,0,1,7.0
11010011010,1,1,0,1,0,0,1,1,0,1,0,9.531828210662962
00000000000,0,0,0,0,0,0,0,0,0,0,0,7.0
00001001001,0,0,0,0,1,0,0,1,0,0,1,7.0
11001001101,1,1,0,0,1,0,0,1,1,0,1,9.442746575057887
10010001111,1,0,0,1,0,0,0,1,1,1,1,9.190046630769231
01101000111,0,1,1,0,1,0,0,0,1,1,1,9.133078993936545
00110001011,0,0,1,1,0,0,0,1,0,1,1,7.0
11111011001,1,1,1,1,1,0,1,1,0,0,1,9.53289158597972
11011000000,1,1,0,1,1,0,0,0,0,0,0,9.395456065846227
10101011000,1,0,1,0,1,0,1,1,0,0,0,9.394184098735266
10110100001,1,0,1,1,0,1,0,0,0,0,1,8.455751663764943
10010011011,1,0,0,1,0,0,1,1,0,1,1,9.496608139938989
11100011000,1,1,1,0,0,0,1,1,0,0,0,9.514552106846509
10001000111,1,0,0,0,1,0,0,0,1,1,1,9.247266977146651
11111000011,1,1,1,1,1,0,0,0,0,1,1,9.516207639427105
11110011011,1,1,1,1,0,0,1,1,0,1,1,9.55182234991708
11000101010,1,1,0,0,0,1,0,1,0,1,0,9.303411883522724
00101000110,0,0,1,0,1,0,0,0,1,1,0,8.721397653828765
11011000011,1,1,0,1,1,0,0,0,0,1,1,9.51493519630458
00101010110,0,0,1,0,1,0,1,0,1,1,0,8.884555237272876
11101111011,1,1,1,0,1,1,1,1,0,1,1,9.41186996417735
10101011110,1,0,1,0,1,0,1,1,1,1,0,9.392942460664
11110001111,1,1,1,1,0,0,0,1,1,1,1,9.46778815568208
11001010110,1,1,0,0,1,0,1,0,1,1,0,9.533166874842925
00111100010,0,0,1,1,1,1,0,0,0,1,0,7.0
10100111000,1,0,1,0,0,1,1,1,0,0,0,9.206852114313437
10100011011,1,0,1,0,0,0,1,1,0,1,1,9.397682264320114
10110010110,1,0,1,1,0,0,1,0,1,1,0,9.434621705042114
10100001111,1,0,1,0,0,0,0,1,1,1,1,9.144366781567884
10001111001,1,0,0,0,1,1,1,1,0,0,1,9.256472672013176
11010111010,1,1,0,1,0,1,1,1,0,1,0,9.42575481137728
10010010110,1,0,0,1,0,0,1,0,1,1,0,9.441809883406943
10010101010,1,0,0,1,0,1,0,1,0,1,0,8.573337815520897
11101101011,1,1,1,0,1,1,0,1,0,1,1,9.371322660887976
11010101010,1,1,0,1,0,1,0,1,0,1,0,9.391241575785704
11010000000,1,1,0,1,0,0,0,0,0,0,0,9.412325284235353
10100011101,1,0,1,0,0,0,1,1,1,0,1,9.437946134950344
10011001101,1,0,0,1,1,0,0,1,1,0,1,8.789273516973216
00000001010,0,0,0,0,0,0,0,1,0,1,0,7.0
11111111011,1,1,1,1,1,1,1,1,0,1,1,9.466931428774709
11110011010,1,1,1,1,0,0,1,1,0,1,0,9.534000910038548
11011111000,1,1,0,1,1,1,1,1,0,0,0,9.43731500361736
11011101011,1,1,0,1,1,1,0,1,0,1,1,9.420399258229502
10111111110,1,0,1,1,1,1,1,1,1,1,0,9.34152414582
00001101010,0,0,0,0,1,1,0,1,0,1,0,7.0
01100001101,0,1,1,0,0,0,0,1,1,0,1,7.6758216019201075
00100110010,0,0,1,0,0,1,1,0,0,1,0,7.93240986245938
10100000001,1,0,1,0,0,0,0,0,0,0,1,8.508603634267187
10101011001,1,0,1,0,1,0,1,1,0,0,1,9.44445317179631
00101111001,0,0,1,0,1,1,1,1,0,0,1,8.73775042555656
11010110010,1,1,0,1,0,1,1,0,0,1,0,9.397222520523565
10110001100,1,0,1,1,0,0,0,1,1,0,0,8.718128220012266
01101010100,0,1,1,0,1,0,1,0,1,0,0,9.14130271746884
11010101011,1,1,0,1,0,1,0,1,0,1,1,9.397013135059105
10001001110,1,0,0,0,1,0,0,1,1,1,0,8.956922178538308
00011101110,0,0,0,1,1,1,0,1,1,1,0,7.0
11100001100,1,1,1,0,0,0,0,1,1,0,0,9.371714889774395
10111101101,1,0,1,1,1,1,0,1,1,0,1,9.201246129813253
00010011011,0,0,0,1,0,0,1,1,0,1,1,8.765232958987378
11111111000,1,1,1,1,1,1,1,1,0,0,0,9.437763539571456
11100010101,1,1,1,0,0,0,1,0,1,0,1,9.580436536460928
10111101000,1,0,1,1,1,1,0,1,0,0,0,8.264979620718615
11011001111,1,1,0,1,1,0,0,1,1,1,1,9.486709071619527
11011011001,1,1,0,1,1,0,1,1,0,0,1,9.538718056899116
10110101000,1,0,1,1,0,1,0,1,0,0,0,8.155555678737016
00110101000,0,0,1,1,0,1,0,1,0,0,0,7.0
11101011001,1,1,1,0,1,0,1,1,0,0,1,9.534814355508672
11100001111,1,1,1,0,0,0,0,1,1,1,1,9.422368627956637
00110110010,0,0,1,1,0,1,1,0,0,1,0,8.342848900189788
00001001011,0,0,0,0,1,0,0,1,0,1,1,7.0
10010001110,1,0,0,1,0,0,0,1,1,1,0,9.064109974021273
11011000001,1,1,0,1,1,0,0,0,0,0,1,9.530911016582516
11001010111,1,1,0,0,1,0,1,0,1,1,1,9.53990220213103
11001011001,1,1,0,0,1,0,1,1,0,0,1,9.51831458840229
10110001000,1,0,1,1,0,0,0,1,0,0,0,7.937592892823137
01111000000,0,1,1,1,1,0,0,0,0,0,0,7.947137805259654
00011100101,0,0,0,1,1,1,0,0,1,0,1,7.0
11101000011,1,1,1,0,1,0,0,0,0,1,1,9.454018261512983
11000001110,1,1,0,0,0,0,0,1,1,1,0,9.437071776474356
11010110000,1,1,0,1,0,1,1,0,0,0,0,9.398821972372229
10011000100,1,0,0,1,1,0,0,0,1,0,0,8.653967024841151
11100111010,1,1,1,0,0,1,1,1,0,1,0,9.405162549864931
00010001100,0,0,0,1,0,0,0,1,1,0,0,7.0
11001101111,1,1,0,0,1,1,0,1,1,1,1,9.41014435329306
00110110001,0,0,1,1,0,1,1,0,0,0,1,8.580790571926455
11111101111,1,1,1,1,1,1,0,1,1,1,1,9.445293972430765
10011001010,1,0,0,1,1,0,0,1,0,1,0,8.38304637491023
01100000011,0,1,1,0,0,0,0,0,0,1,1,8.48661719074498
10001111000,1,0,0,0,1,1,1,1,0,0,0,9.222944595478978
11100101111,1,1,1,0,0,1,0,1,1,1,1,9.375407070640616
11000011010,1,1,0,0,0,0,1,1,0,1,0,9.486791891676312
10101000101,1,0,1,0,1,0,0,0,1,0,1,8.885292463186516
11101101110,1,1,1,0,1,1,0,1,1,1,0,9.371480416852856
00111001001,0,0,1,1,1,0,0,1,0,0,1,7.0
10011010101,1,0,0,1,1,0,1,0,1,0,1,9.45348685971008
00111111000,0,0,1,1,1,1,1,1,0,0,0,8.846203332769349
10011111011,1,0,0,1,1,1,1,1,0,1,1,9.334594740940831
10111011001,1,0,1,1,1,0,1,1,0,0,1,9.513462780221351
10101010100,1,0,1,0,1,0,1,0,1,0,0,9.435148614000733
10111110011,1,0,1,1,1,1,1,0,0,1,1,9.287167289668927
11110001000,1,1,1,1,0,0,0,1,0,0,0,9.346913662540167
10100101111,1,0,1,0,0,1,0,1,1,1,1,9.217665939125776
10000001000,1,0,0,0,0,0,0,1,0,0,0,7.321890769805759
01110011000,0,1,1,1,0,0,1,1,0,0,0,9.070498286466515
00101001110,0,0,1,0,1,0,0,1,1,1,0,7.634864223829976
11110110000,1,1,1,1,0,1,1,0,0,0,0,9.412311648957242
10111011010,1,0,1,1,1,0,1,1,0,1,0,9.42563686313242
11110010111,1,1,1,1,0,0,1,0,1,1,1,9.576540101910082
10111101100,1,0,1,1,1,1,0,1,1,0,0,9.148988264953614
11011101001,1,1,0,1,1,1,0,1,0,0,1,9.42900630382121
11101011111,1,1,1,0,1,0,1,1,1,1,1,9.532865624936749
11111001101,1,1,1,1,1,0,0,1,1,0,1,9.503411608434702
10100101110,1,0,1,0,0,1,0,1,1,1,0,9.160136906432768
10101001100,1,0,1,0,1,0,0,1,1,0,0,8.402984961196031
00111010101,0,0,1,1,1,0,1,0,1,0,1,8.974957513601213
00111000100,0,0,1,1,1,0,0,0,1,0,0,7.0
11101011100,1,1,1,0,1,0,1,1,1,0,0,9.53330134740275
10111011000,1,0,1,1,1,0,1,1,0,0,0,9.4566780302437
00100101001,0,0,1,0,0,1,0,1,0,0,1,7.0
11110110011,1,1,1,1,0,1,1,0,0,1,1,9.48182513680833
11110100011,1,1,1,1,0,1,0,0,0,1,1,9.371373805480358
10100110000,1,0,1,0,0,1,1,0,0,0,0,9.17108510434559
10101011111,1,0,1,0,1,0,1,1,1,1,1,9.435487955336477
10110101110,1,0,1,1,0,1,0,1,1,1,0,9.23427913939295
10010101000,1,0,0,1,0,1,0,1,0,0,0,8.417127663245072
11100000100,1,1,1,0,0,0,0,0,1,0,0,9.437807211282886
11011001101,1,1,0,1,1,0,0,1,1,0,1,9.494376319946308
10100110001,1,0,1,0,0,1,1,0,0,0,1,9.22601392698592
10111101111,1,0,1,1,1,1,0,1,1,1,1,9.258982875430496
11111000111,1,1,1,1,1,0,0,0,1,1,1,9.523923942850468
11101001100,1,1,1,0,1,0,0,1,1,0,0,9.339037009685422
10100001110,1,0,1,0,0,0,0,1,1,1,0,9.031544946007058
01100110001,0,1,1,0,0,1,1,0,0,0,1,9.377775133511346
11010011001,1,1,0,1,0,0,1,1,0,0,1,9.562647778701091
00010001000,0,0,0,1,0,0,0,1,0,0,0,7.0
11101010101,1,1,1,0,1,0,1,0,1,0,1,9.548351601080697
01101001101,0,1,1,0,1,0,0,1,1,0,1,7.821039649137553
11111011101,1,1,1,1,1,0,1,1,1,0,1,9.587846956521403
10011000000,1,0,0,1,1,0,0,0,0,0,0,8.156786412108985
10110011010,1,0,1,1,0,0,1,1,0,1,0,9.454441944390853
00110001101,0,0,1,1,0,0,0,1,1,0,1,7.0
11001001111,1,1,0,0,1,0,0,1,1,1,1,9.41975752950619
11100001110,1,1,1,0,0,0,0,1,1,1,0,9.424413955464296
00110001001,0,0,1,1,0,0,0,1,0,0,1,7.0
00101001000,0,0,1,0,1,0,0,1,0,0,0,7.0
00000111001,0,0,0,0,0,1,1,1,0,0,1,8.599467346836041
10101000011,1,0,1,0,1,0,0,0,0,1,1,8.575883904523371
10101000010,1,0,1,0,1,0,0,0,0,1,0,8.470737755774602
10000001010,1,0,0,0,0,0,0,1,0,1,0,8.152172181407668
10011111000,1,0,0,1,1,1,1,1,0,0,0,9.26389752686072
01101000110,0,1,1,0,1,0,0,0,1,1,0,9.24570212784707
00111001011,0,0,1,1,1,0,0,1,0,1,1,7.0
00100001100,0,0,1,0,0,0,0,1,1,0,0,7.0
10000101010,1,0,0,0,0,1,0,1,0,1,0,8.358473068960343
11110010110,1,1,1,1,0,0,1,0,1,1,0,9.55490965170196
11100000001,1,1,1,0,0,0,0,0,0,0,1,9.331376647096596
10110010111,1,0,1,1,0,0,1,0,1,1,1,9.459277589823714
11011001011,1,1,0,1,1,0,0,1,0,1,1,9.464321253619616
11001001001,1,1,0,0,1,0,0,1,0,0,1,9.343733658438842
10111010100,1,0,1,1,1,0,1,0,1,0,0,9.442660407520536
10011010100,1,0,0,1,1,0,1,0,1,0,0,9.412486074694476
10001001001,1,0,0,0,1,0,0,1,0,0,1,7.902881954896358
10110101011,1,0,1,1,0,1,0,1,0,1,1,8.845403984537896
10101001010,1,0,1,0,1,0,0,1,0,1,0,8.385214208098471
10100101000,1,0,1,0,0,1,0,1,0,0,0,7.822967016291005
10101010101,1,0,1,0,1,0,1,0,1,0,1,9.44873199732126
10010001010,1,0,0,1,0,0,0,1,0,1,0,8.393440152989468
11010111001,1,1,0,1,0,1,1,1,0,0,1,9.494425495452807
11011111001,1,1,0,1,1,1,1,1,0,0,1,9.482809891830188
10011110001,1,0,0,1,1,1,1,0,0,0,1,9.28449622018828
10101101111,1,0,1,0,1,1,0,1,1,1,1,9.216531263943176
10010000011,1,0,0,1,0,0,0,0,0,1,1,8.699665186803687
10001001010,1,0,0,0,1,0,0,1,0,1,0,8.194426524756738
01000000001,0,1,0,0,0,0,0,0,0,0,1,7.689834162409595
10111101010,1,0,1,1,1,1,0,1,0,1,0,8.60909388984647
10111010111,1,0,1,1,1,0,1,0,1,1,1,9.45596760981505
10010001100,1,0,0,1,0,0,0,1,1,0,0,8.628924303674276
10000011000,1,0,0,0,0,0,1,1,0,0,0,9.304807953357177
10110101010,1,0,1,1,0,1,0,1,0,1,0,8.621017492507205
00100110000,0,0,1,0,0,1,1,0,0,0,0,8.162385608275713
11010011011,1,1,0,1,0,0,1,1,0,1,1,9.566118890684091
10100000010,1,0,1,0,0,0,0,0,0,1,0,8.4652472616562
01110101001,0,1,1,1,0,1,0,1,0,0,1,8.767206661929587
10101011010,1,0,1,0,1,0,1,1,0,1,0,9.357164125910776
11111001010,1,1,1,1,1,0,0,1,0,1,0,9.478434698000328
11101000111,1,1,1,0,1,0,0,0,1,1,1,9.498581305184516
10011001100,1,0,0,1,1,0,0,1,1,0,0,8.539590647294231
10111101110,1,0,1,1,1,1,0,1,1,1,0,9.234175525530311
10100110010,1,0,1,0,0,1,1,0,0,1,0,9.208041377216915
10000000100,1,0,0,0,0,0,0,0,1,0,0,8.498484762395414
11101001000,1,1,1,0,1,0,0,1,0,0,0,9.262510252249635
11010001101,1,1,0,1,0,0,0,1,1,0,1,9.475266368841526
10100000101,1,0,1,0,0,0,0,0,1,0,1,8.882710423642482
10010101001,1,0,0,1,0,1,0,1,0,0,1,8.439469694433413
11110000010,1,1,1,1,0,0,0,0,0,1,0,9.504671384131766
10110101111,1,0,1,1,0,1,0,1,1,1,1,9.295630663334954
10101010111,1,0,1,0,1,0,1,0,1,1,1,9.40011645778697
00101010100,0,0,1,0,1,0,1,0,1,0,0,8.933714269213903
10110110000,1,0,1,1,0,1,1,0,0,0,0,9.20744608600261
00111001110,0,0,1,1,1,0,0,1,1,1,0,8.004302289548372
11110101010,1,1,1,1,0,1,0,1,0,1,0,9.389392876501637
11001001110,1,1,0,0,1,0,0,1,1,1,0,9.430199065818586
01110000000,0,1,1,1,0,0,0,0,0,0,0,7.533963392287163
10100101010,1,0,1,0,0,1,0,1,0,1,0,8.209400147665221
11011101110,1,1,0,1,1,1,0,1,1,1,0,9.423643098497168
11110110010,1,1,1,1,0,1,1,0,0,1,0,9.436983816619202
11110010100,1,1,1,1,0,0,1,0,1,0,0,9.581227058583176
11001101110,1,1,0,0,1,1,0,1,1,1,0,9.401655299249516
11001001011,1,1,0,0,1,0,0,1,0,1,1,9.439849837094572
11111010111,1,1,1,1,1,0,1,0,1,1,1,9.562446874407309
11101101100,1,1,1,0,1,1,0,1,1,0,0,9.310292316598543
11001100110,1,1,0,0,1,1,0,0,1,1,0,9.372340802990305
10111000011,1,0,1,1,1,0,0,0,0,1,1,8.88836759986585
10101101100,1,0,1,0,1,1,0,1,1,0,0,8.999340166953305
11111101001,1,1,1,1,1,1,0,1,0,0,1,9.39035629259181
10010001101,1,0,0,1,0,0,0,1,1,0,1,8.84221818346701
01101111001,0,1,1,0,1,1,1,1,0,0,1,9.366663334821238
00100110001,0,0,1,0,0,1,1,0,0,0,1,8.343026401063701
01110011011,0,1,1,1,0,0,1,1,0,1,1,9.324717982573668
11100001001,1,1,1,0,0,0,0,1,0,0,1,9.374266571906851
00101001100,0,0,1,0,1,0,0,1,1,0,0,7.0
10010101011,1,0,0,1,0,1,0,1,0,1,1,8.817802987138386
00100011001,0,0,1,0,0,0,1,1,0,0,1,9.178950982124874
11111001111,1,1,1,1,1,0,0,1,1,1,1,9.501663008656855
10011000110,1,0,0,1,1,0,0,0,1,1,0,9.340628555576172
11100001101,1,1,1,0,0,0,0,1,1,0,1,9.423584065784002
00011001010,0,0,0,1,1,0,0,1,0,1,0,7.0
11010001001,1,1,0,1,0,0,0,1,0,0,1,9.50715015637602
10101111001,1,0,1,0,1,1,1,1,0,0,1,9.241487058191112
10010001001,1,0,0,1,0,0,0,1,0,0,1,8.367656721896909
11000001100,1,1,0,0,0,0,0,1,1,0,0,9.362024336355589
10000000000,1,0,0,0,0,0,0,0,0,0,0,7.534712140222707
01111001001,0,1,1,1,1,0,0,1,0,0,1,8.084398381899469
00001001110,0,0,0,0,1,0,0,1,1,1,0,7.566297583297313
10110000110,1,0,1,1,0,0,0,0,1,1,0,9.42030178369854
00101101001,0,0,1,0,1,1,0,1,0,0,1,7.0
10111011110,1,0,1,1,1,0,1,1,1,1,0,9.458105571679068
11101000110,1,1,1,0,1,0,0,0,1,1,0,9.487441789517325
11010010101,1,1,0,1,0,0,1,0,1,0,1,9.583889884392816
10100001100,1,0,1,0,0,0,0,1,1,0,0,8.391990987536984
11011000100,1,1,0,1,1,0,0,0,1,0,0,9.469776362617573
10101101001,1,0,1,0,1,1,0,1,0,0,1,8.21375515504286
10100000110,1,0,1,0,0,0,0,0,1,1,0,9.263655267507144
10011001001,1,0,0,1,1,0,0,1,0,0,1,8.441693088195185
10000101011,1,0,0,0,0,1,0,1,0,1,1,8.65631353680059
00011001110,0,0,0,1,1,0,0,1,1,1,0,8.046495858077702
10110001011,1,0,1,1,0,0,0,1,0,1,1,8.74717150028814
10010001000,1,0,0,1,0,0,0,1,0,0,0,7.985359903523992
11011111011,1,1,0,1,1,1,1,1,0,1,1,9.488408629065438
00111111001,0,0,1,1,1,1,1,1,0,0,1,8.936913461558236
11111101110,1,1,1,1,1,1,0,1,1,1,0,9.444906090337396
11100101011,1,1,1,0,0,1,0,1,0,1,1,9.36338878372792
11100010111,1,1,1,0,0,0,1,0,1,1,1,9.519346649971943
10010110001,1,0,0,1,0,1,1,0,0,0,1,9.339740748394703
11101011101,1,1,1,0,1,0,1,1,1,0,1,9.540868877180712
10110111001,1,0,1,1,0,1,1,1,0,0,1,9.321909077842884
10110010100,1,0,1,1,0,0,1,0,1,0,0,9.44949462746437
10101111000,1,0,1,0,1,1,1,1,0,0,0,9.19597895073098
10111011111,1,0,1,1,1,0,1,1,1,1,1,9.46880203771222
10100001001,1,0,1,0,0,0,0,1,0,0,1,8.182152671464321
01110011001,0,1,1,1,0,0,1,1,0,0,1,9.318903281751382
10110000001,1,0,1,1,0,0,0,0,0,0,1,8.548254145574724
10101000110,1,0,1,0,1,0,0,0,1,1,0,9.31526818102028
11111001100,1,1,1,1,1,0,0,1,1,0,0,9.456488577408956
10110010101,1,0,1,1,0,0,1,0,1,0,1,9.498313637551831
00011001001,0,0,0,1,1,0,0,1,0,0,1,7.0
10101001011,1,0,1,0,1,0,0,1,0,1,1,8.552936297408996
00111101110,0,0,1,1,1,1,0,1,1,1,0,7.0
11010000001,1,1,0,1,0,0,0,0,0,0,1,9.525635640987678
10100101011,1,0,1,0,0,1,0,1,0,1,1,8.563768619520124
00110001010,0,0,1,1,0,0,0,1,0,1,0,7.0
11111010110,1,1,1,1,1,0,1,0,1,1,0,9.553420772637365
10010000000,1,0,0,1,0,0,0,0,0,0,0,8.020037121920836
00110001100,0,0,1,1,0,0,0,1,1,0,0,7.0
11111111001,1,1,1,1,1,1,1,1,0,0,1,9.472459715121447
00110000001,0,0,1,1,0,0,0,0,0,0,1,7.0
00101001010,0,0,1,0,1,0,0,1,0,1,0,7.0
11010001110,1,1,0,1,0,0,0,1,1,1,0,9.461813226971216
00110111001,0,0,1,1,0,1,1,1,0,0,1,9.03601667873126
01110001001,0,1,1,1,0,0,0,1,0,0,1,8.13970530158628
11100101010,1,1,1,0,0,1,0,1,0,1,0,9.339545370411448
11100001010,1,1,1,0,0,0,0,1,0,1,0,9.44947380206468
11010001010,1,1,0,1,0,0,0,1,0,1,0,9.462844807947874
10101001111,1,0,1,0,1,0,0,1,1,1,1,9.088506592354454
11110001010,1,1,1,1,0,0,0,1,0,1,0,9.457627312958644
10110011011,1,0,1,1,0,0,1,1,0,1,1,9.464352613127602
11010011000,1,1,0,1,0,0,1,1,0,0,0,9.522814325838796
11000000000,1,1,0,0,0,0,0,0,0,0,0,9.278592141816205
11011010100,1,1,0,1,1,0,1,0,1,0,0,9.521062859721946
11110011111,1,1,1,1,0,0,1,1,1,1,1,9.58870068067506
10101001101,1,0,1,0,1,0,0,1,1,0,1,8.729654907230335
11111000100,1,1,1,1,1,0,0,0,1,0,0,9.514756529336704
11110101000,1,1,1,1,0,1,0,1,0,0,0,9.375504677665726
10101101110,1,0,1,0,1,1,0,1,1,1,0,9.189831051284164
10011001110,1,0,0,1,1,0,0,1,1,1,0,9.156663495098428
00100001001,0,0,1,0,0,0,0,1,0,0,1,7.0
00110110000,0,0,1,1,0,1,1,0,0,0,0,8.348382953153621
11111001000,1,1,1,1,1,0,0,1,0,0,0,9.366814742172393
11100000011,1,1,1,0,0,0,0,0,0,1,1,9.431308690950116
11110101001,1,1,1,1,0,1,0,1,0,0,1,9.377571702810664
11101001101,1,1,1,0,1,0,0,1,1,0,1,9.423498507999629
11101001111,1,1,1,0,1,0,0,1,1,1,1,9.43220619311592
00101001011,0,0,1,0,1,0,0,1,0,1,1,7.0
10011101111,1,0,0,1,1,1,0,1,1,1,1,9.289298416410386
01110011010,0,1,1,1,0,0,1,1,0,1,0,9.164232521540049
11100010100,1,1,1,0,0,0,1,0,1,0,0,9.499397363141057
10111000100,1,0,1,1,1,0,0,0,1,0,0,8.854970075665689
10000000001,1,0,0,0,0,0,0,0,0,0,1,8.266553648715819
11011010110,1,1,0,1,1,0,1,0,1,1,0,9.55850048802696
00110011000,0,0,1,1,0,0,1,1,0,0,0,9.203823870728348
11101111001,1,1,1,0,1,1,1,1,0,0,1,9.42630231189463
10100000011,1,0,1,0,0,0,0,0,0,1,1,8.601620615559074
10101000000,1,0,1,0,1,0,0,0,0,0,0,8.09764918367834
10011111001,1,0,0,1,1,1,1,1,0,0,1,9.30977018529763
10011101110,1,0,0,1,1,1,0,1,1,1,0,9.215505766707176
01100011001,0,1,1,0,0,0,1,1,0,0,1,9.01156808858966
10101000111,1,0,1,0,1,0,0,0,1,1,1,9.273247861678
11111001110,1,1,1,1,1,0,0,1,1,1,0,9.544103725432654
00110101001,0,0,1,1,0,1,0,1,0,0,1,7.0
00100011000,0,0,1,0,0,0,1,1,0,0,0,8.97140013783281
10111100101,1,0,1,1,1,1,0,0,1,0,1,9.198798708659794
10110011000,1,0,1,1,0,0,1,1,0,0,0,9.479557101841282
10110001101,1,0,1,1,0,0,0,1,1,0,1,8.935881779435398
10000000011,1,0,0,0,0,0,0,0,0,1,1,8.572924996648565
11100000010,1,1,1,0,0,0,0,0,0,1,0,9.412134781155492
10111001111,1,0,1,1,1,0,0,1,1,1,1,9.284729248805114
11011001001,1,1,0,1,1,0,0,1,0,0,1,9.455342392346688
11111101101,1,1,1,1,1,1,0,1,1,0,1,9.378287716157237
11101111000,1,1,1,0,1,1,1,1,0,0,0,9.397126257812277
10100001011,1,0,1,0,0,0,0,1,0,1,1,8.500611947863774
10100001010,1,0,1,0,0,0,0,1,0,1,0,8.259755203591526
10100101001,1,0,1,0,0,1,0,1,0,0,1,8.162365732750587
01100001001,0,1,1,0,0,0,0,1,0,0,1,7.580381311390285
00111001000,0,0,1,1,1,0,0,1,0,0,0,7.0
10111000110,1,0,1,1,1,0,0,0,1,1,0,9.359089758449366
11011101111,1,1,0,1,1,1,0,1,1,1,1,9.474266229100335
10111001001,1,0,1,1,1,0,0,1,0,0,1,8.454959570625732
10110110001,1,0,1,1,0,1,1,0,0,0,1,9.293725924312724
00110011001,0,0,1,1,0,0,1,1,0,0,1,9.32596886548632
11111011111,1,1,1,1,1,0,1,1,1,1,1,9.575790893205522
11011000110,1,1,0,1,1,0,0,0,1,1,0,9.49593347551916
00111001010,0,0,1,1,1,0,0,1,0,1,0,7.0
00100001000,0,0,1,0,0,0,0,1,0,0,0,7.0
11010000010,1,1,0,1,0,0,0,0,0,1,0,9.473592081470713
11110000001,1,1,1,1,0,0,0,0,0,0,1,9.517653965263095
01111001000,0,1,1,1,1,0,0,1,0,0,0,7.558162192834057
11110001011,1,1,1,1,0,0,0,1,0,1,1,9.493899003435308
11101000100,1,1,1,0,1,0,0,0,1,0,0,9.490127761786
11100011001,1,1,1,0,0,0,1,1,0,0,1,9.537787568031025
10110001010,1,0,1,1,0,0,0,1,0,1,0,8.649219913464608
10101001000,1,0,1,0,1,0,0,1,0,0,0,7.824496728644896
11100000000,1,1,1,0,0,0,0,0,0,0,0,9.262373975255262
11101011010,1,1,1,0,1,0,1,1,0,1,0,9.48929668341585
00100000010,0,0,1,0,0,0,0,0,0,1,0,7.0
11100110010,1,1,1,0,0,1,1,0,0,1,0,9.348971432309916
11011010101,1,1,0,1,1,0,1,0,1,0,1,9.549610329160766
11010000011,1,1,0,1,0,0,0,0,0,1,1,9.505266486366272
11110001001,1,1,1,1,0,0,0,1,0,0,1,9.470914973202612
10110011001,1,0,1,1,0,0,1,1,0,0,1,9.50227368994716
11111001011,1,1,1,1,1,0,0,1,0,1,1,9.502445482989414
10111001110,1,0,1,1,1,0,0,1,1,1,0,9.22445628057196
11111000110,1,1,1,1,1,0,0,0,1,1,0,9.494052345641338
11110001101,1,1,1,1,0,0,0,1,1,0,1,9.457955957833937
11011001010,1,1,0,1,1,0,0,1,0,1,0,9.484385628160387
11111010101,1,1,1,1,1,0,1,0,1,0,1,9.568683974964438
10101010110,1,0,1,0,1,0,1,0,1,1,0,9.425249790474766
00110000000,0,0,1,1,0,0,0,0,0,0,0,7.0
10101001110,1,0,1,0,1,0,0,1,1,1,0,9.05564051303376
10111001011,1,0,1,1,1,0,0,1,0,1,1,8.823013522320467
10110001110,1,0,1,1,0,0,0,1,1,1,0,9.233163410684336
11100001000,1,1,1,0,0,0,0,1,0,0,0,9.281665921455714
10111010110,1,0,1,1,1,0,1,0,1,1,0,9.444238028837717
11101101001,1,1,1,0,1,1,0,1,0,0,1,9.372462538889602
11101001110,1,1,1,0,1,0,0,1,1,1,0,9.408258426106798
10101000001,1,0,1,0,1,0,0,0,0,0,1,8.559796071848586
11101001001,1,1,1,0,1,0,0,1,0,0,1,9.32295906672411
10111010101,1,0,1,1,1,0,1,0,1,0,1,9.469846637850695
10111001010,1,0,1,1,1,0,0,1,0,1,0,8.583485860604133
10110101001,1,0,1,1,0,1,0,1,0,0,1,8.437788069083947
11100011010,1,1,1,0,0,0,1,1,0,1,0,9.4732012234058
11111001001,1,1,1,1,1,0,0,1,0,0,1,9.4468088092165
11011001110,1,1,0,1,1,0,0,1,1,1,0,9.43129717210601
10101001001,1,0,1,0,1,0,0,1,0,0,1,8.16942940551157
10110001001,1,0,1,1,0,0,0,1,0,0,1,8.555334299338917
10100001101,1,0,1,0,0,0,0,1,1,0,1,8.813864810957254
00100000000,0,0,1,0,0,0,0,0,0,0,0,7.0
10001000110,1,0,0,0,1,0,0,0,1,1,0,9.222283277599963
10100001000,1,0,1,0,0,0,0,1,0,0,0,7.671120760262006
11100011011,1,1,1,0,0,0,1,1,0,1,1,9.487897423459858
00010000001,0,0,0,1,0,0,0,0,0,0,1,7.0
11100101001,1,1,1,0,0,1,0,1,0,0,1,9.34930096545277
11110011000,1,1,1,1,0,0,1,1,0,0,0,9.504157066180529
10100011010,1,0,1,0,0,0,1,1,0,1,0,9.397225570921984
10100000000,1,0,1,0,0,0,0,0,0,0,0,8.104111479272852
10110000000,1,0,1,1,0,0,0,0,0,0,0,8.255529325104312
10100011000,1,0,1,0,0,0,1,1,0,0,0,9.410076231887698
11110000000,1,1,1,1,0,0,0,0,0,0,0,9.464199367995096
10100011001,1,0,1,0,0,0,1,1,0,0,1,9.428953933489824
10111001000,1,0,1,1,1,0,0,1,0,0,0,8.030481191983904
11110011001,1,1,1,1,0,0,1,1,0,0,1,9.567748249327911
10010000001,1,0,0,1,0,0,0,0,0,0,1,8.729971361224317
11011010001,1,1,0,1,1,0,1,0,0,0,1,9.524994902807146
11110010000,1,1,1,1,0,0,1,0,0,0,0,9.478633494938514
01001010011,0,1,0,0,1,0,1,0,0,1,1,8.920395809734352
01110110100,0,1,1,1,0,1,1,0,1,0,0,9.413787667804206
01010110101,0,1,0,1,0,1,1,0,1,0,1,9.484953215492704
10001010000,1,0,0,0,1,0,1,0,0,0,0,9.241646965226565
01001110111,0,1,0,0,1,1,1,0,1,1,1,9.408346313542744
11111010000,1,1,1,1,1,0,1,0,0,0,0,9.515307673623676
11100110101,1,1,1,0,0,1,1,0,1,0,1,9.43942925744235
11111010011,1,1,1,1,1,0,1,0,0,1,1,9.57920233977222
10001010011,1,0,0,0,1,0,1,0,0,1,1,9.258602936513828
10001010010,1,0,0,0,1,0,1,0,0,1,0,9.444643770354018
01000010010,0,1,0,0,0,0,1,0,0,1,0,8.733708088377583
00000110110,0,0,0,0,0,1,1,0,1,1,0,9.074456454642856
00001010010,0,0,0,0,1,0,1,0,0,1,0,8.26494713772113
00010010001,0,0,0,1,0,0,1,0,0,0,1,8.525111425442011
11011110101,1,1,0,1,1,1,1,0,1,0,1,9.494225532711605
11001010010,1,1,0,0,1,0,1,0,0,1,0,9.492900188186242
01011010001,0,1,0,1,1,0,1,0,0,0,1,9.421714021750857
10000010011,1,0,0,0,0,0,1,0,0,1,1,9.35978273456766
00111010011,0,0,1,1,1,0,1,0,0,1,1,8.50552006452013
11110110101,1,1,1,1,0,1,1,0,1,0,1,9.497895888231833
01111010011,0,1,1,1,1,0,1,0,0,1,1,9.329786257740183
01001010010,0,1,0,0,1,0,1,0,0,1,0,8.68178229742758
00010010011,0,0,0,1,0,0,1,0,0,1,1,8.523785283838187
01101010011,0,1,1,0,1,0,1,0,0,1,1,8.443665598876125
01000110110,0,1,0,0,0,1,1,0,1,1,0,9.37082490433673
11110010011,1,1,1,1,0,0,1,0,0,1,1,9.560436176257364
11010110110,1,1,0,1,0,1,1,0,1,1,0,9.53476414105045
10110010001,1,0,1,1,0,0,1,0,0,0,1,9.44646199336117
11110010001,1,1,1,1,0,0,1,0,0,0,1,9.43236586714062
11011010000,1,1,0,1,1,0,1,0,0,0,0,9.484049029757646
10100110111,1,0,1,0,0,1,1,0,1,1,1,9.400531703625028
00010010000,0,0,0,1,0,0,1,0,0,0,0,8.038194967953519
11000010001,1,1,0,0,0,0,1,0,0,0,1,9.728612340845473
10101010000,1,0,1,0,1,0,1,0,0,0,0,9.304109837400697
10000110101,1,0,0,0,0,1,1,0,1,0,1,9.33850181374524
00111110100,0,0,1,1,1,1,1,0,1,0,0,8.929986835127709
00010110101,0,0,0,1,0,1,1,0,1,0,1,8.643403833931469
11100010001,1,1,1,0,0,0,1,0,0,0,1,9.516006374259613
00100010000,0,0,1,0,0,0,1,0,0,0,0,8.466689687195696
00011010010,0,0,0,1,1,0,1,0,0,1,0,8.4131807889972
10001110101,1,0,0,0,1,1,1,0,1,0,1,9.340924436792111
10000110100,1,0,0,0,0,1,1,0,1,0,0,9.103418895618974
01100110101,0,1,1,0,0,1,1,0,1,0,1,9.309752118798002
00000110100,0,0,0,0,0,1,1,0,1,0,0,8.933191447651902
11001010011,1,1,0,0,1,0,1,0,0,1,1,9.552313306575211
01111010000,0,1,1,1,1,0,1,0,0,0,0,9.63139180412626
01010010001,0,1,0,1,0,0,1,0,0,0,1,9.397225659863128
01110010000,0,1,1,1,0,0,1,0,0,0,0,9.552664478451057
01100010010,0,1,1,0,0,0,1,0,0,1,0,8.571241694319742
01101010010,0,1,1,0,1,0,1,0,0,1,0,8.617454347481452
01100010011,0,1,1,0,0,0,1,0,0,1,1,8.674901806838806
10100010000,1,0,1,0,0,0,1,0,0,0,0,9.232748350166384
01110110101,0,1,1,1,0,1,1,0,1,0,1,9.356579633763909
01001110110,0,1,0,0,1,1,1,0,1,1,0,9.2835380825835
11110110100,1,1,1,1,0,1,1,0,1,0,0,9.332190988500212
01011010000,0,1,0,1,1,0,1,0,0,0,0,9.508720325924063
10110010000,1,0,1,1,0,0,1,0,0,0,0,9.367822800426692
10011110110,1,0,0,1,1,1,1,0,1,1,0,9.295997909167262
01000110111,0,1,0,0,0,1,1,0,1,1,1,9.574495553365317
10011110111,1,0,0,1,1,1,1,0,1,1,1,9.326792265844038
10010010001,1,0,0,1,0,0,1,0,0,0,1,9.427921693131616
10101110111,1,0,1,0,1,1,1,0,1,1,1,9.101972936954612
10011010001,1,0,0,1,1,0,1,0,0,0,1,9.396843045983571
11000010011,1,1,0,0,0,0,1,0,0,1,1,9.507141557977496
01111010010,0,1,1,1,1,0,1,0,0,1,0,9.259587459055677
10111010000,1,0,1,1,1,0,1,0,0,0,0,9.48369257172979
11111010001,1,1,1,1,1,0,1,0,0,0,1,9.611323382081835
11110110110,1,1,1,1,0,1,1,0,1,1,0,9.563048981621842
11101010010,1,1,1,0,1,0,1,0,0,1,0,9.43804290470416
11010110100,1,1,0,1,0,1,1,0,1,0,0,9.303297288541636
11111010010,1,1,1,1,1,0,1,0,0,1,0,9.413647882804028
11101110100,1,1,1,0,1,1,1,0,1,0,0,9.435774380326798
11100110100,1,1,1,0,0,1,1,0,1,0,0,9.391428200728644
10111010011,1,0,1,1,1,0,1,0,0,1,1,9.45217501212233
10010110101,1,0,0,1,0,1,1,0,1,0,1,9.292591476490546
01100110100,0,1,1,0,0,1,1,0,1,0,0,9.358814660169353
01011010010,0,1,0,1,1,0,1,0,0,1,0,9.326969855073925
00011110101,0,0,0,1,1,1,1,0,1,0,1,9.06297352262157
10110110100,1,0,1,1,0,1,1,0,1,0,0,9.336699382618171
10100110100,1,0,1,0,0,1,1,0,1,0,0,9.2128084487351
10011010011,1,0,0,1,1,0,1,0,0,1,1,9.550215450626
10011010010,1,0,0,1,1,0,1,0,0,1,0,9.480144072983528
10101010010,1,0,1,0,1,0,1,0,0,1,0,9.16749781939993
10100010001,1,0,1,0,0,0,1,0,0,0,1,9.393760233635902
10010010000,1,0,0,1,0,0,1,0,0,0,0,9.4399053848455
01011110111,0,1,0,1,1,1,1,0,1,1,1,9.476734582798274
10010110100,1,0,0,1,0,1,1,0,1,0,0,9.282898644383806
00100110100,0,0,1,0,0,1,1,0,1,0,0,7.0
11100010000,1,1,1,0,0,0,1,0,0,0,0,9.509259889668671
00100110110,0,0,1,0,0,1,1,0,1,1,0,7.0
10101010011,1,0,1,0,1,0,1,0,0,1,1,9.252907054495896
10100110101,1,0,1,0,0,1,1,0,1,0,1,9.326989665613617
11101010011,1,1,1,0,1,0,1,0,0,1,1,9.484975171622564
11011010010,1,1,0,1,1,0,1,0,0,1,0,9.444696178756011
00001110100,0,0,0,0,1,1,1,0,1,0,0,7.0
01000001001,0,1,0,0,0,0,0,1,0,0,1,7.60796443864216
00011000101,0,0,0,1,1,0,0,0,1,0,1,7.926803085574125
01100000001,0,1,1,0,0,0,0,0,0,0,1,7.906331746138197
01010001000,0,1,0,1,0,0,0,1,0,0,0,7.211864973681932
01001001001,0,1,0,0,1,0,0,1,0,0,1,7.7288960465215935
01011001000,0,1,0,1,1,0,0,1,0,0,0,7.593852699516143
00110000011,0,0,1,1,0,0,0,0,0,1,1,7.0
01101001001,0,1,1,0,1,0,0,1,0,0,1,7.229960386648477
01110001000,0,1,1,1,0,0,0,1,0,0,0,7.615221082431248
10001001000,1,0,0,0,1,0,0,1,0,0,0,7.293040312255572
00011010000,0,0,0,1,1,0,1,0,0,0,0,8.651299654966737
01100010001,0,1,1,0,0,0,1,0,0,0,1,9.624300691701944
00000001110,0,0,0,0,0,0,0,1,1,1,0,7.0
01100000000,0,1,1,0,0,0,0,0,0,0,0,7.0
00111101001,0,0,1,1,1,1,0,1,0,0,1,7.0
00001010001,0,0,0,0,1,0,1,0,0,0,1,7.0
00010000101,0,0,0,1,0,0,0,0,1,0,1,
01000000000,0,1,0,0,0,0,0,0,0,0,0,
00000010010,0,0,0,0,0,0,1,0,0,1,0,
00010010010,0,0,0,1,0,0,1,0,0,1,0,
00000010001,0,0,0,0,0,0,1,0,0,0,1,
00100010011,0,0,1,0,0,0,1,0,0,1,1,
00000010000,0,0,0,0,0,0,1,0,0,0,0,
00110010011,0,0,1,1,0,0,1,0,0,1,1,
00101010000,0,0,1,0,1,0,1,0,0,0,0,
00101110100,0,0,1,0,1,1,1,0,1,0,0,
00100010010,0,0,1,0,0,0,1,0,0,1,0,
00001010000,0,0,0,0,1,0,1,0,0,0,0,
00000010011,0,0,0,0,0,0,1,0,0,1,1,
10010010010,1,0,0,1,0,0,1,0,0,1,0,
10000010000,1,0,0,0,0,0,1,0,0,0,0,
00101010001,0,0,1,0,1,0,1,0,0,0,1,
00011010011,0,0,0,1,1,0,1,0,0,1,1,
00100010001,0,0,1,0,0,0,1,0,0,0,1,
10110010010,1,0,1,1,0,0,1,0,0,1,0,
01000010000,0,1,0,0,0,0,1,0,0,0,0,
11100110111,1,1,1,0,0,1,1,0,1,1,1,
00110010001,0,0,1,1,0,0,1,0,0,0,1,
00111010001,0,0,1,1,1,0,1,0,0,0,1,
01001010000,0,1,0,0,1,0,1,0,0,0,0,
00110010010,0,0,1,1,0,0,1,0,0,1,0,
01100001000,0,1,1,0,0,0,0,1,0,0,0,
01101010000,0,1,1,0,1,0,1,0,0,0,0,
00101110101,0,0,1,0,1,1,1,0,1,0,1,
00111010000,0,0,1,1,1,0,1,0,0,0,0,
10001010001,1,0,0,0,1,0,1,0,0,0,1,
