sequences,pos1,pos2,pos3,pos4,pos5,pos6,pos7,pos8,fitness
10000000,1,0,0,0,0,0,0,0,0.004246875
10000000,1,0,0,0,0,0,0,0,0.0021375
10000000,1,0,0,0,0,0,0,0,0.0017625
11100000,1,1,1,0,0,0,0,0,0.1632
11100000,1,1,1,0,0,0,0,0,0.1901
11100000,1,1,1,0,0,0,0,0,0.11505
11110000,1,1,1,1,0,0,0,0,0.0953
11110000,1,1,1,1,0,0,0,0,0.1663
11110000,1,1,1,1,0,0,0,0,0.133
11111000,1,1,1,1,1,0,0,0,0.1104
11111000,1,1,1,1,1,0,0,0,0.1775
11111000,1,1,1,1,1,0,0,0,0.15755
11111110,1,1,1,1,1,1,1,0,0.1895
11111110,1,1,1,1,1,1,1,0,0.22115
11111111,1,1,1,1,1,1,1,1,0.2252
11111111,1,1,1,1,1,1,1,1,0.21345
11111101,1,1,1,1,1,1,0,1,0.1653
11111101,1,1,1,1,1,1,0,1,0.14045
11111010,1,1,1,1,1,0,1,0,0.1473
11111010,1,1,1,1,1,0,1,0,0.21055
11111010,1,1,1,1,1,0,1,0,0.2273
11111011,1,1,1,1,1,0,1,1,0.221
11111011,1,1,1,1,1,0,1,1,0.22215
11111001,1,1,1,1,1,0,0,1,0.1745
11111001,1,1,1,1,1,0,0,1,0.14265
11110100,1,1,1,1,0,1,0,0,0.15245
11110100,1,1,1,1,0,1,0,0,0.1961
11110100,1,1,1,1,0,1,0,0,0.14265
11110110,1,1,1,1,0,1,1,0,0.2237
11110110,1,1,1,1,0,1,1,0,0.24185
11110111,1,1,1,1,0,1,1,1,0.2523
11110111,1,1,1,1,0,1,1,1,0.26105
11110101,1,1,1,1,0,1,0,1,0.175866666666667
11110101,1,1,1,1,0,1,0,1,0.14505
11110011,1,1,1,1,0,0,1,1,0.262
11110011,1,1,1,1,0,0,1,1,0.28205
11110001,1,1,1,1,0,0,0,1,0.2009
11110001,1,1,1,1,0,0,0,1,0.16325
11101000,1,1,1,0,1,0,0,0,0.1231
11101000,1,1,1,0,1,0,0,0,0.17895
11101000,1,1,1,0,1,0,0,0,0.13435
11101110,1,1,1,0,1,1,1,0,0.22635
11101110,1,1,1,0,1,1,1,0,0.2187
11101111,1,1,1,0,1,1,1,1,0.21415
11101111,1,1,1,0,1,1,1,1,0.20375
11101101,1,1,1,0,1,1,0,1,0.1991
11101101,1,1,1,0,1,1,0,1,0.14585
11101010,1,1,1,0,1,0,1,0,0.2381
11101010,1,1,1,0,1,0,1,0,0.22465
11101011,1,1,1,0,1,0,1,1,0.2342
11101011,1,1,1,0,1,0,1,1,0.22575
11100100,1,1,1,0,0,1,0,0,0.1738
11100100,1,1,1,0,0,1,0,0,0.15805
11100100,1,1,1,0,0,1,0,0,0.1321
11100110,1,1,1,0,0,1,1,0,0.1448
11100110,1,1,1,0,0,1,1,0,0.2332
11100110,1,1,1,0,0,1,1,0,0.25525
11100101,1,1,1,0,0,1,0,1,0.195
11100101,1,1,1,0,0,1,0,1,0.1812
11100101,1,1,1,0,0,1,0,1,0.16435
11100010,1,1,1,0,0,0,1,0,0.180833333333333
11100010,1,1,1,0,0,0,1,0,0.256866666666667
11100010,1,1,1,0,0,0,1,0,0.280683333333333
11100011,1,1,1,0,0,0,1,1,0.1646
11100011,1,1,1,0,0,0,1,1,0.2527
11100011,1,1,1,0,0,0,1,1,0.2559
11100001,1,1,1,0,0,0,0,1,0.1659
11100001,1,1,1,0,0,0,0,1,0.22
11100001,1,1,1,0,0,0,0,1,0.1743
11010000,1,1,0,1,0,0,0,0,0.22845
11010000,1,1,0,1,0,0,0,0,0.19675
11011000,1,1,0,1,1,0,0,0,0.1302
11011000,1,1,0,1,1,0,0,0,0.2316
11011000,1,1,0,1,1,0,0,0,0.18445
11011100,1,1,0,1,1,1,0,0,0.09075
11011100,1,1,0,1,1,1,0,0,0.193666666666667
11011100,1,1,0,1,1,1,0,0,0.139583333333333
11011111,1,1,0,1,1,1,1,1,0.1769
11011111,1,1,0,1,1,1,1,1,0.21575
11011101,1,1,0,1,1,1,0,1,0.2035
11011101,1,1,0,1,1,1,0,1,0.16645
11011010,1,1,0,1,1,0,1,0,0.1582
11011010,1,1,0,1,1,0,1,0,0.231
11011010,1,1,0,1,1,0,1,0,0.27395
11010100,1,1,0,1,0,1,0,0,0.1347
11010100,1,1,0,1,0,1,0,0,0.1985
11010100,1,1,0,1,0,1,0,0,0.1175
11010110,1,1,0,1,0,1,1,0,0.149633333333333
11010110,1,1,0,1,0,1,1,0,0.2581
11010110,1,1,0,1,0,1,1,0,0.23845
11010101,1,1,0,1,0,1,0,1,0.1252
11010101,1,1,0,1,0,1,0,1,0.186966666666667
11010101,1,1,0,1,0,1,0,1,0.159416666666667
11010010,1,1,0,1,0,0,1,0,0.1677
11010010,1,1,0,1,0,0,1,0,0.2655
11010010,1,1,0,1,0,0,1,0,0.2773
11010011,1,1,0,1,0,0,1,1,0.1741
11010011,1,1,0,1,0,0,1,1,0.26835
11010011,1,1,0,1,0,0,1,1,0.27635
11010001,1,1,0,1,0,0,0,1,0.1659
11010001,1,1,0,1,0,0,0,1,0.25805
11010001,1,1,0,1,0,0,0,1,0.2246
11001000,1,1,0,0,1,0,0,0,0.112
11001000,1,1,0,0,1,0,0,0,0.2273
11001000,1,1,0,0,1,0,0,0,0.15895
11001100,1,1,0,0,1,1,0,0,0.1151
11001100,1,1,0,0,1,1,0,0,0.2021
11001100,1,1,0,0,1,1,0,0,0.13735
11001110,1,1,0,0,1,1,1,0,0.1272
11001110,1,1,0,0,1,1,1,0,0.2031
11001110,1,1,0,0,1,1,1,0,0.215883333333333
11001111,1,1,0,0,1,1,1,1,0.2291
11001111,1,1,0,0,1,1,1,1,0.23915
11001101,1,1,0,0,1,1,0,1,0.0833
11001101,1,1,0,0,1,1,0,1,0.148
11001101,1,1,0,0,1,1,0,1,0.12685
11001010,1,1,0,0,1,0,1,0,0.16765
11001010,1,1,0,0,1,0,1,0,0.2702
11001010,1,1,0,0,1,0,1,0,0.2532
11001011,1,1,0,0,1,0,1,1,0.1207
11001011,1,1,0,0,1,0,1,1,0.2555
11001011,1,1,0,0,1,0,1,1,0.21555
11001001,1,1,0,0,1,0,0,1,0.1314
11001001,1,1,0,0,1,0,0,1,0.2443
11001001,1,1,0,0,1,0,0,1,0.17095
11000100,1,1,0,0,0,1,0,0,0.1737
11000100,1,1,0,0,0,1,0,0,0.2123
11000100,1,1,0,0,0,1,0,0,0.17295
11000110,1,1,0,0,0,1,1,0,0.158433333333333
11000110,1,1,0,0,0,1,1,0,0.256366666666667
11000110,1,1,0,0,0,1,1,0,0.259116666666667
11000111,1,1,0,0,0,1,1,1,0.163233333333333
11000111,1,1,0,0,0,1,1,1,0.274366666666667
11000111,1,1,0,0,0,1,1,1,0.236216666666667
11000101,1,1,0,0,0,1,0,1,0.109366666666667
11000101,1,1,0,0,0,1,0,1,0.2102
11000101,1,1,0,0,0,1,0,1,0.17825
11000010,1,1,0,0,0,0,1,0,0.1823
11000010,1,1,0,0,0,0,1,0,0.27155
11000010,1,1,0,0,0,0,1,0,0.2961
11000011,1,1,0,0,0,0,1,1,0.1726
11000011,1,1,0,0,0,0,1,1,0.267
11000011,1,1,0,0,0,0,1,1,0.28785
10100000,1,0,1,0,0,0,0,0,0.0055
10100000,1,0,1,0,0,0,0,0,0.0048
10100000,1,0,1,0,0,0,0,0,0.00495
10110000,1,0,1,1,0,0,0,0,0.09125
10110000,1,0,1,1,0,0,0,0,0.10635
10111000,1,0,1,1,1,0,0,0,0.1535
10111000,1,0,1,1,1,0,0,0,0.13875
10111100,1,0,1,1,1,1,0,0,0.1535
10111100,1,0,1,1,1,1,0,0,0.14195
10111110,1,0,1,1,1,1,1,0,0.13
10111110,1,0,1,1,1,1,1,0,0.2255
10111110,1,0,1,1,1,1,1,0,0.26405
10111111,1,0,1,1,1,1,1,1,0.1684
10111111,1,0,1,1,1,1,1,1,0.21455
10111101,1,0,1,1,1,1,0,1,0.15215
10111101,1,0,1,1,1,1,0,1,0.1401
10111010,1,0,1,1,1,0,1,0,0.11865
10111010,1,0,1,1,1,0,1,0,0.227666666666667
10111010,1,0,1,1,1,0,1,0,0.26325
10111011,1,0,1,1,1,0,1,1,0.1197
10111011,1,0,1,1,1,0,1,1,0.2326
10111011,1,0,1,1,1,0,1,1,0.22005
10111001,1,0,1,1,1,0,0,1,0.1608
10111001,1,0,1,1,1,0,0,1,0.14835
10110100,1,0,1,1,0,1,0,0,0.0859
10110100,1,0,1,1,0,1,0,0,0.09905
10110010,1,0,1,1,0,0,1,0,0.1506
10110010,1,0,1,1,0,0,1,0,0.25755
10110010,1,0,1,1,0,0,1,0,0.2691
10110001,1,0,1,1,0,0,0,1,0.0935
10110001,1,0,1,1,0,0,0,1,0.1743
10110001,1,0,1,1,0,0,0,1,0.15315
10101110,1,0,1,0,1,1,1,0,0.1348
10101110,1,0,1,0,1,1,1,0,0.2139
10101110,1,0,1,0,1,1,1,0,0.24375
10101111,1,0,1,0,1,1,1,1,0.22295
10101111,1,0,1,0,1,1,1,1,0.237
10101101,1,0,1,0,1,1,0,1,0.1141
10101101,1,0,1,0,1,1,0,1,0.10845
10101010,1,0,1,0,1,0,1,0,0.1288
10101010,1,0,1,0,1,0,1,0,0.2113
10101010,1,0,1,0,1,0,1,0,0.25255
10101011,1,0,1,0,1,0,1,1,0.1305
10101011,1,0,1,0,1,0,1,1,0.2019
10101011,1,0,1,0,1,0,1,1,0.2648
10101001,1,0,1,0,1,0,0,1,0.074
10101001,1,0,1,0,1,0,0,1,0.1183
10101001,1,0,1,0,1,0,0,1,0.11545
10100100,1,0,1,0,0,1,0,0,0.0032
10100100,1,0,1,0,0,1,0,0,0.0038
10100100,1,0,1,0,0,1,0,0,0.0537833333333333
10100110,1,0,1,0,0,1,1,0,0.2037
10100110,1,0,1,0,0,1,1,0,0.2657
10100110,1,0,1,0,0,1,1,0,0.26505
10100101,1,0,1,0,0,1,0,1,0.111
10100101,1,0,1,0,0,1,0,1,0.0856
10100101,1,0,1,0,0,1,0,1,0.10245
10100010,1,0,1,0,0,0,1,0,0.15415
10100010,1,0,1,0,0,0,1,0,0.211475
10100010,1,0,1,0,0,0,1,0,0.2692
10010000,1,0,0,1,0,0,0,0,0.1161
10010000,1,0,0,1,0,0,0,0,0.13555
10011000,1,0,0,1,1,0,0,0,0.194
10011000,1,0,0,1,1,0,0,0,0.16315
10011100,1,0,0,1,1,1,0,0,0.15415
10011100,1,0,0,1,1,1,0,0,0.1406
10011110,1,0,0,1,1,1,1,0,0.1222
10011110,1,0,0,1,1,1,1,0,0.2303
10011110,1,0,0,1,1,1,1,0,0.257416666666667
10011111,1,0,0,1,1,1,1,1,0.282
10011111,1,0,0,1,1,1,1,1,0.27315
10011101,1,0,0,1,1,1,0,1,0.16075
10011101,1,0,0,1,1,1,0,1,0.1463
10011010,1,0,0,1,1,0,1,0,0.11805
10011010,1,0,0,1,1,0,1,0,0.2374
10011010,1,0,0,1,1,0,1,0,0.27195
10011011,1,0,0,1,1,0,1,1,0.1134
10011011,1,0,0,1,1,0,1,1,0.2536
10011011,1,0,0,1,1,0,1,1,0.25625
10011001,1,0,0,1,1,0,0,1,0.0892
10011001,1,0,0,1,1,0,0,1,0.1986
10011001,1,0,0,1,1,0,0,1,0.15755
10010100,1,0,0,1,0,1,0,0,0.0647
10010100,1,0,0,1,0,1,0,0,0.0945666666666667
10010100,1,0,0,1,0,1,0,0,0.101216666666667
10010110,1,0,0,1,0,1,1,0,0.1439
10010110,1,0,0,1,0,1,1,0,0.2265
10010110,1,0,0,1,0,1,1,0,0.27915
10010111,1,0,0,1,0,1,1,1,0.2515
10010111,1,0,0,1,0,1,1,1,0.27545
10010101,1,0,0,1,0,1,0,1,0.08795
10010101,1,0,0,1,0,1,0,1,0.14345
10010101,1,0,0,1,0,1,0,1,0.13485
10010010,1,0,0,1,0,0,1,0,0.1571
10010010,1,0,0,1,0,0,1,0,0.2718
10010010,1,0,0,1,0,0,1,0,0.3029
10010011,1,0,0,1,0,0,1,1,0.2096
10010011,1,0,0,1,0,0,1,1,0.3246
10010011,1,0,0,1,0,0,1,1,0.31335
10010001,1,0,0,1,0,0,0,1,0.08985
10010001,1,0,0,1,0,0,0,1,0.203233333333333
10010001,1,0,0,1,0,0,0,1,0.194316666666667
10001000,1,0,0,0,1,0,0,0,0.0705
10001000,1,0,0,0,1,0,0,0,0.1526
10001000,1,0,0,0,1,0,0,0,0.13855
10001100,1,0,0,0,1,1,0,0,0.0729
10001100,1,0,0,0,1,1,0,0,0.155
10001100,1,0,0,0,1,1,0,0,0.13045
10001110,1,0,0,0,1,1,1,0,0.1307
10001110,1,0,0,0,1,1,1,0,0.2159
10001110,1,0,0,0,1,1,1,0,0.2251
10001111,1,0,0,0,1,1,1,1,0.2326
10001111,1,0,0,0,1,1,1,1,0.2439
10001111,1,0,0,0,1,1,1,1,0.23835
10001101,1,0,0,0,1,1,0,1,0.0733
10001101,1,0,0,0,1,1,0,1,0.1425
10001101,1,0,0,0,1,1,0,1,0.12275
10001010,1,0,0,0,1,0,1,0,0.11175
10001010,1,0,0,0,1,0,1,0,0.2076
10001010,1,0,0,0,1,0,1,0,0.20675
10001011,1,0,0,0,1,0,1,1,0.1307
10001011,1,0,0,0,1,0,1,1,0.2714
10001011,1,0,0,0,1,0,1,1,0.29605
10001001,1,0,0,0,1,0,0,1,0.0709
10001001,1,0,0,0,1,0,0,1,0.134
10001001,1,0,0,0,1,0,0,1,0.12985
10000100,1,0,0,0,0,1,0,0,0.0026
10000100,1,0,0,0,0,1,0,0,0.0041
10000100,1,0,0,0,0,1,0,0,0.00505
10000110,1,0,0,0,0,1,1,0,0.17555
10000110,1,0,0,0,0,1,1,0,0.2837
10000110,1,0,0,0,0,1,1,0,0.293175
10000111,1,0,0,0,0,1,1,1,0.2033
10000111,1,0,0,0,0,1,1,1,0.2955
10000111,1,0,0,0,0,1,1,1,0.29155
10000101,1,0,0,0,0,1,0,1,0.0832
10000101,1,0,0,0,0,1,0,1,0.1236
10000101,1,0,0,0,0,1,0,1,0.1323
10000010,1,0,0,0,0,0,1,0,0.182033333333333
10000010,1,0,0,0,0,0,1,0,0.302866666666667
10000010,1,0,0,0,0,0,1,0,0.31225
10000011,1,0,0,0,0,0,1,1,0.16475
10000011,1,0,0,0,0,0,1,1,0.29705
10000011,1,0,0,0,0,0,1,1,0.2951
10000001,1,0,0,0,0,0,0,1,0.0818
10000001,1,0,0,0,0,0,0,1,0.1412
10000001,1,0,0,0,0,0,0,1,0.16975
01000000,0,1,0,0,0,0,0,0,0.3199
01000000,0,1,0,0,0,0,0,0,0.311075
01000000,0,1,0,0,0,0,0,0,0.2912875
01100000,0,1,1,0,0,0,0,0,0.1844
01100000,0,1,1,0,0,0,0,0,0.2015
01100000,0,1,1,0,0,0,0,0,0.18645
01110000,0,1,1,1,0,0,0,0,0.1926
01110000,0,1,1,1,0,0,0,0,0.17425
01111000,0,1,1,1,1,0,0,0,0.1243
01111000,0,1,1,1,1,0,0,0,0.176
01111000,0,1,1,1,1,0,0,0,0.12785
01111100,0,1,1,1,1,1,0,0,0.1298
01111100,0,1,1,1,1,1,0,0,0.1738
01111100,0,1,1,1,1,1,0,0,0.15625
01111110,0,1,1,1,1,1,1,0,0.2173
01111110,0,1,1,1,1,1,1,0,0.17915
01111111,0,1,1,1,1,1,1,1,0.20105
01111111,0,1,1,1,1,1,1,1,0.21725
01111101,0,1,1,1,1,1,0,1,0.1652
01111101,0,1,1,1,1,1,0,1,0.14065
01111010,0,1,1,1,1,0,1,0,0.2038
01111010,0,1,1,1,1,0,1,0,0.2532
01111010,0,1,1,1,1,0,1,0,0.29215
01111011,0,1,1,1,1,0,1,1,0.2173
01111011,0,1,1,1,1,0,1,1,0.22435
01111001,0,1,1,1,1,0,0,1,0.1262
01111001,0,1,1,1,1,0,0,1,0.1788
01111001,0,1,1,1,1,0,0,1,0.16345
01110100,0,1,1,1,0,1,0,0,0.0993
01110100,0,1,1,1,0,1,0,0,0.1159
01110100,0,1,1,1,0,1,0,0,0.10595
01110110,0,1,1,1,0,1,1,0,0.2358
01110110,0,1,1,1,0,1,1,0,0.24495
01110111,0,1,1,1,0,1,1,1,0.246
01110111,0,1,1,1,0,1,1,1,0.2479
01110101,0,1,1,1,0,1,0,1,0.193
01110101,0,1,1,1,0,1,0,1,0.17465
01110010,0,1,1,1,0,0,1,0,0.1738
01110010,0,1,1,1,0,0,1,0,0.2534
01110010,0,1,1,1,0,0,1,0,0.26525
01110011,0,1,1,1,0,0,1,1,0.20105
01110011,0,1,1,1,0,0,1,1,0.25105
01110011,0,1,1,1,0,0,1,1,0.26475
01110001,0,1,1,1,0,0,0,1,0.1577
01110001,0,1,1,1,0,0,0,1,0.21355
01110001,0,1,1,1,0,0,0,1,0.2085
01101100,0,1,1,0,1,1,0,0,0.0896
01101100,0,1,1,0,1,1,0,0,0.1533
01101100,0,1,1,0,1,1,0,0,0.12745
01101110,0,1,1,0,1,1,1,0,0.1493
01101110,0,1,1,0,1,1,1,0,0.21095
01101110,0,1,1,0,1,1,1,0,0.2255
01101111,0,1,1,0,1,1,1,1,0.2254
01101111,0,1,1,0,1,1,1,1,0.23835
01101010,0,1,1,0,1,0,1,0,0.14305
01101010,0,1,1,0,1,0,1,0,0.2184
01101010,0,1,1,0,1,0,1,0,0.22955
01101011,0,1,1,0,1,0,1,1,0.1544
01101011,0,1,1,0,1,0,1,1,0.2176
01101011,0,1,1,0,1,0,1,1,0.248516666666667
01101001,0,1,1,0,1,0,0,1,0.1603
01101001,0,1,1,0,1,0,0,1,0.1721
01101001,0,1,1,0,1,0,0,1,0.14515
01100100,0,1,1,0,0,1,0,0,0.1736
01100100,0,1,1,0,0,1,0,0,0.186666666666667
01100100,0,1,1,0,0,1,0,0,0.14955
01100110,0,1,1,0,0,1,1,0,0.1751
01100110,0,1,1,0,0,1,1,0,0.2633
01100110,0,1,1,0,0,1,1,0,0.2782
01100111,0,1,1,0,0,1,1,1,0.1624
01100111,0,1,1,0,0,1,1,1,0.2627
01100111,0,1,1,0,0,1,1,1,0.26415
01100101,0,1,1,0,0,1,0,1,0.17695
01100101,0,1,1,0,0,1,0,1,0.213866666666667
01100101,0,1,1,0,0,1,0,1,0.17725
01100010,0,1,1,0,0,0,1,0,0.17905
01100010,0,1,1,0,0,0,1,0,0.2287
01100010,0,1,1,0,0,0,1,0,0.254625
01100011,0,1,1,0,0,0,1,1,0.17995
01100011,0,1,1,0,0,0,1,1,0.262966666666667
01100011,0,1,1,0,0,0,1,1,0.273716666666667
01100001,0,1,1,0,0,0,0,1,0.2166
01100001,0,1,1,0,0,0,0,1,0.18575
01010000,0,1,0,1,0,0,0,0,0.2943
01010000,0,1,0,1,0,0,0,0,0.27415
01011000,0,1,0,1,1,0,0,0,0.2624
01011000,0,1,0,1,1,0,0,0,0.23105
01011100,0,1,0,1,1,1,0,0,0.1961
01011100,0,1,0,1,1,1,0,0,0.15975
01011110,0,1,0,1,1,1,1,0,0.2177
01011110,0,1,0,1,1,1,1,0,0.25325
01011111,0,1,0,1,1,1,1,1,0.21095
01011111,0,1,0,1,1,1,1,1,0.2437
01011010,0,1,0,1,1,0,1,0,0.2644
01011010,0,1,0,1,1,0,1,0,0.35005
01011010,0,1,0,1,1,0,1,0,0.3284
01011011,0,1,0,1,1,0,1,1,0.2251
01011011,0,1,0,1,1,0,1,1,0.3336
01011011,0,1,0,1,1,0,1,1,0.29905
01011001,0,1,0,1,1,0,0,1,0.17
01011001,0,1,0,1,1,0,0,1,0.2903
01011001,0,1,0,1,1,0,0,1,0.22725
01010100,0,1,0,1,0,1,0,0,0.1996
01010100,0,1,0,1,0,1,0,0,0.1706
01010110,0,1,0,1,0,1,1,0,0.2632
01010110,0,1,0,1,0,1,1,0,0.28525
01010111,0,1,0,1,0,1,1,1,0.1848
01010111,0,1,0,1,0,1,1,1,0.24795
01010111,0,1,0,1,0,1,1,1,0.26975
01010101,0,1,0,1,0,1,0,1,0.1466
01010101,0,1,0,1,0,1,0,1,0.23715
01010101,0,1,0,1,0,1,0,1,0.18995
01010010,0,1,0,1,0,0,1,0,0.4141
01010010,0,1,0,1,0,0,1,0,0.4034
01010011,0,1,0,1,0,0,1,1,0.33065
01010011,0,1,0,1,0,0,1,1,0.377133333333333
01010011,0,1,0,1,0,0,1,1,0.389216666666667
01010001,0,1,0,1,0,0,0,1,0.28065
01010001,0,1,0,1,0,0,0,1,0.3241
01010001,0,1,0,1,0,0,0,1,0.30075
01001000,0,1,0,0,1,0,0,0,0.2123
01001000,0,1,0,0,1,0,0,0,0.2751
01001000,0,1,0,0,1,0,0,0,0.24135
01001110,0,1,0,0,1,1,1,0,0.2563
01001110,0,1,0,0,1,1,1,0,0.25685
01001111,0,1,0,0,1,1,1,1,0.261
01001111,0,1,0,0,1,1,1,1,0.2457
01001101,0,1,0,0,1,1,0,1,0.0973
01001101,0,1,0,0,1,1,0,1,0.1856
01001101,0,1,0,0,1,1,0,1,0.14275
01001010,0,1,0,0,1,0,1,0,0.2551
01001010,0,1,0,0,1,0,1,0,0.3101
01001010,0,1,0,0,1,0,1,0,0.33555
01001011,0,1,0,0,1,0,1,1,0.2771
01001011,0,1,0,0,1,0,1,1,0.3557
01001011,0,1,0,0,1,0,1,1,0.38995
01001001,0,1,0,0,1,0,0,1,0.2206
01001001,0,1,0,0,1,0,0,1,0.2919
01001001,0,1,0,0,1,0,0,1,0.24095
01000110,0,1,0,0,0,1,1,0,0.1711
01000110,0,1,0,0,0,1,1,0,0.2472
01000110,0,1,0,0,0,1,1,0,0.27825
01000111,0,1,0,0,0,1,1,1,0.3302
01000111,0,1,0,0,0,1,1,1,0.2806
01000111,0,1,0,0,0,1,1,1,0.30035
01000101,0,1,0,0,0,1,0,1,0.1734
01000101,0,1,0,0,0,1,0,1,0.2283
01000101,0,1,0,0,0,1,0,1,0.17715
01000010,0,1,0,0,0,0,1,0,0.2781
01000010,0,1,0,0,0,0,1,0,0.36525
01000010,0,1,0,0,0,0,1,0,0.40315
01000011,0,1,0,0,0,0,1,1,0.2909
01000011,0,1,0,0,0,0,1,1,0.3152
01000011,0,1,0,0,0,0,1,1,0.25375
01000001,0,1,0,0,0,0,0,1,0.2959
01000001,0,1,0,0,0,0,0,1,0.3024
01000001,0,1,0,0,0,0,0,1,0.31495
00100000,0,0,1,0,0,0,0,0,0.0007212121212121
00100000,0,0,1,0,0,0,0,0,0.0019888888888888
00100000,0,0,1,0,0,0,0,0,0.0037388888888888
00110000,0,0,1,1,0,0,0,0,0.0614
00110000,0,0,1,1,0,0,0,0,0.1364
00110000,0,0,1,1,0,0,0,0,0.13905
00111100,0,0,1,1,1,1,0,0,0.1554
00111100,0,0,1,1,1,1,0,0,0.13755
00111110,0,0,1,1,1,1,1,0,0.1225
00111110,0,0,1,1,1,1,1,0,0.1755
00111110,0,0,1,1,1,1,1,0,0.21915
00111010,0,0,1,1,1,0,1,0,0.146766666666667
00111010,0,0,1,1,1,0,1,0,0.2167
00111010,0,0,1,1,1,0,1,0,0.22605
00111011,0,0,1,1,1,0,1,1,0.1553
00111011,0,0,1,1,1,0,1,1,0.1975
00111011,0,0,1,1,1,0,1,1,0.25155
00111001,0,0,1,1,1,0,0,1,0.1024
00111001,0,0,1,1,1,0,0,1,0.1712
00111001,0,0,1,1,1,0,0,1,0.14875
00110100,0,0,1,1,0,1,0,0,0.0692
00110100,0,0,1,1,0,1,0,0,0.0949
00110100,0,0,1,1,0,1,0,0,0.12055
00110110,0,0,1,1,0,1,1,0,0.1681
00110110,0,0,1,1,0,1,1,0,0.2641
00110110,0,0,1,1,0,1,1,0,0.31125
00110111,0,0,1,1,0,1,1,1,0.2468
00110111,0,0,1,1,0,1,1,1,0.26415
00110010,0,0,1,1,0,0,1,0,0.164525
00110010,0,0,1,1,0,0,1,0,0.208425
00110010,0,0,1,1,0,0,1,0,0.2633
00110011,0,0,1,1,0,0,1,1,0.1767
00110011,0,0,1,1,0,0,1,1,0.2794
00110011,0,0,1,1,0,0,1,1,0.27375
00110001,0,0,1,1,0,0,0,1,0.0764
00110001,0,0,1,1,0,0,0,1,0.1703
00110001,0,0,1,1,0,0,0,1,0.16535
00101000,0,0,1,0,1,0,0,0,0.1093
00101000,0,0,1,0,1,0,0,0,0.142
00101000,0,0,1,0,1,0,0,0,0.12865
00101100,0,0,1,0,1,1,0,0,0.06975
00101100,0,0,1,0,1,1,0,0,0.13375
00101100,0,0,1,0,1,1,0,0,0.13085
00101110,0,0,1,0,1,1,1,0,0.1351
00101110,0,0,1,0,1,1,1,0,0.2361
00101110,0,0,1,0,1,1,1,0,0.23215
00101111,0,0,1,0,1,1,1,1,0.149733333333333
00101111,0,0,1,0,1,1,1,1,0.2222
00101111,0,0,1,0,1,1,1,1,0.236783333333333
00101101,0,0,1,0,1,1,0,1,0.0721
00101101,0,0,1,0,1,1,0,1,0.1273
00101101,0,0,1,0,1,1,0,1,0.12025
00101010,0,0,1,0,1,0,1,0,0.13238
00101010,0,0,1,0,1,0,1,0,0.20004
00101010,0,0,1,0,1,0,1,0,0.20507
00101011,0,0,1,0,1,0,1,1,0.1967
00101011,0,0,1,0,1,0,1,1,0.24862
00101011,0,0,1,0,1,0,1,1,0.25543
00101001,0,0,1,0,1,0,0,1,0.07335
00101001,0,0,1,0,1,0,0,1,0.12095
00101001,0,0,1,0,1,0,0,1,0.13205
00100100,0,0,1,0,0,1,0,0,0.0093333333333333
00100100,0,0,1,0,0,1,0,0,0.0039
00100100,0,0,1,0,0,1,0,0,0.0609833333333333
00100110,0,0,1,0,0,1,1,0,0.23785
00100110,0,0,1,0,0,1,1,0,0.266133333333333
00100110,0,0,1,0,0,1,1,0,0.2883
00100101,0,0,1,0,0,1,0,1,0.06735
00100101,0,0,1,0,0,1,0,1,0.1103
00100101,0,0,1,0,0,1,0,1,0.1519
00100010,0,0,1,0,0,0,1,0,0.232033333333333
00100010,0,0,1,0,0,0,1,0,0.269066666666667
00100010,0,0,1,0,0,0,1,0,0.302133333333333
00100011,0,0,1,0,0,0,1,1,0.2013
00100011,0,0,1,0,0,0,1,1,0.262325
00100011,0,0,1,0,0,0,1,1,0.2778
00100001,0,0,1,0,0,0,0,1,0.08375
00100001,0,0,1,0,0,0,0,1,0.1062
00100001,0,0,1,0,0,0,0,1,0.09925
00010000,0,0,0,1,0,0,0,0,0.182040625
00010000,0,0,0,1,0,0,0,0,0.29195
00010000,0,0,0,1,0,0,0,0,0.2718125
00011000,0,0,0,1,1,0,0,0,0.1996
00011000,0,0,0,1,1,0,0,0,0.274
00011000,0,0,0,1,1,0,0,0,0.25495
00011100,0,0,0,1,1,1,0,0,0.16425
00011100,0,0,0,1,1,1,0,0,0.14625
00011110,0,0,0,1,1,1,1,0,0.1242
00011110,0,0,0,1,1,1,1,0,0.2679
00011110,0,0,0,1,1,1,1,0,0.2761
00011111,0,0,0,1,1,1,1,1,0.2241
00011111,0,0,0,1,1,1,1,1,0.20935
00011101,0,0,0,1,1,1,0,1,0.1736
00011101,0,0,0,1,1,1,0,1,0.14385
00011010,0,0,0,1,1,0,1,0,0.2365
00011010,0,0,0,1,1,0,1,0,0.3354
00011010,0,0,0,1,1,0,1,0,0.36095
00011011,0,0,0,1,1,0,1,1,0.23775
00011011,0,0,0,1,1,0,1,1,0.36555
00011011,0,0,0,1,1,0,1,1,0.36615
00011001,0,0,0,1,1,0,0,1,0.184
00011001,0,0,0,1,1,0,0,1,0.2855
00011001,0,0,0,1,1,0,0,1,0.2322
00010100,0,0,0,1,0,1,0,0,0.0948
00010100,0,0,0,1,0,1,0,0,0.11365
00010110,0,0,0,1,0,1,1,0,0.1602
00010110,0,0,0,1,0,1,1,0,0.2598
00010110,0,0,0,1,0,1,1,0,0.2985
00010111,0,0,0,1,0,1,1,1,0.2658
00010111,0,0,0,1,0,1,1,1,0.29435
00010101,0,0,0,1,0,1,0,1,0.0869
00010101,0,0,0,1,0,1,0,1,0.16455
00010101,0,0,0,1,0,1,0,1,0.1551
00010010,0,0,0,1,0,0,1,0,0.28765
00010010,0,0,0,1,0,0,1,0,0.38585
00010010,0,0,0,1,0,0,1,0,0.419
00010011,0,0,0,1,0,0,1,1,0.32465
00010011,0,0,0,1,0,0,1,1,0.40225
00010011,0,0,0,1,0,0,1,1,0.34785
00010001,0,0,0,1,0,0,0,1,0.2663
00010001,0,0,0,1,0,0,0,1,0.31865
00010001,0,0,0,1,0,0,0,1,0.32735
00001000,0,0,0,0,1,0,0,0,0.163848484848485
00001000,0,0,0,0,1,0,0,0,0.268411111111111
00001000,0,0,0,0,1,0,0,0,0.227661111111111
00001100,0,0,0,0,1,1,0,0,0.0715
00001100,0,0,0,0,1,1,0,0,0.1568
00001100,0,0,0,0,1,1,0,0,0.13085
00001110,0,0,0,0,1,1,1,0,0.1208
00001110,0,0,0,0,1,1,1,0,0.202
00001110,0,0,0,0,1,1,1,0,0.23945
00001111,0,0,0,0,1,1,1,1,0.1456
00001111,0,0,0,0,1,1,1,1,0.2683
00001111,0,0,0,0,1,1,1,1,0.29815
00001101,0,0,0,0,1,1,0,1,0.0788
00001101,0,0,0,0,1,1,0,1,0.1392
00001101,0,0,0,0,1,1,0,1,0.13645
00001010,0,0,0,0,1,0,1,0,0.310825
00001010,0,0,0,0,1,0,1,0,0.377
00001010,0,0,0,0,1,0,1,0,0.38785
00001011,0,0,0,0,1,0,1,1,0.281875
00001011,0,0,0,0,1,0,1,1,0.392525
00001011,0,0,0,0,1,0,1,1,0.33265
00001001,0,0,0,0,1,0,0,1,0.1656
00001001,0,0,0,0,1,0,0,1,0.267933333333333
00001001,0,0,0,0,1,0,0,1,0.217916666666667
00000100,0,0,0,0,0,1,0,0,0.010734375
00000100,0,0,0,0,0,1,0,0,0.00175
00000100,0,0,0,0,0,1,0,0,0.0021125
00000110,0,0,0,0,0,1,1,0,0.222166666666667
00000110,0,0,0,0,0,1,1,0,0.299966666666667
00000110,0,0,0,0,0,1,1,0,0.31455
00000111,0,0,0,0,0,1,1,1,0.1827
00000111,0,0,0,0,0,1,1,1,0.28425
00000111,0,0,0,0,0,1,1,1,0.30555
00000101,0,0,0,0,0,1,0,1,0.0797
00000101,0,0,0,0,0,1,0,1,0.1299
00000101,0,0,0,0,0,1,0,1,0.14575
00000010,0,0,0,0,0,0,1,0,0.441617647058824
00000010,0,0,0,0,0,0,1,0,0.49566
00000010,0,0,0,0,0,0,1,0,0.46461
00000011,0,0,0,0,0,0,1,1,0.35185
00000011,0,0,0,0,0,0,1,1,0.46665
00000011,0,0,0,0,0,0,1,1,0.403175
00000001,0,0,0,0,0,0,0,1,0.224445454545455
00000001,0,0,0,0,0,0,0,1,0.147844444444444
00000001,0,0,0,0,0,0,0,1,0.131905555555556
