landscape,strategy,seed,best_fitness,best_fitness_percentile,n_unique_measured
Wu2016_GB1,rf_greedy,20261004,7.556869088,0.9999866096236636,480
Wu2016_GB1,rf_ucb,20261004,7.556869088,0.9999866096236636,480
Wu2016_GB1,random,20261004,3.397688237,0.9962975609429504,480
Wu2016_GB1,de_greedy,20261004,5.24272225,0.9995179464518852,312
Wu2016_GB1,rf_greedy,20261005,8.761965656,1.0,480
Wu2016_GB1,rf_ucb,20261005,8.761965656,1.0,480
Wu2016_GB1,random,20261005,6.147297652,0.9998594010484664,480
Wu2016_GB1,de_greedy,20261005,7.312656397,0.999973219247327,348
Wu2016_GB1,rf_greedy,20261006,7.312656397,0.999973219247327,480
Wu2016_GB1,rf_ucb,20261006,7.312656397,0.999973219247327,480
Wu2016_GB1,random,20261006,5.440329538,0.9996518502152504,480
Wu2016_GB1,de_greedy,20261006,7.312656397,0.999973219247327,458
Wu2016_GB1,rf_greedy,20261007,7.556869088,0.9999866096236636,480
Wu2016_GB1,rf_ucb,20261007,7.556869088,0.9999866096236636,480
Wu2016_GB1,random,20261007,5.321112018,0.9995782031453994,480
Wu2016_GB1,de_greedy,20261007,7.312656397,0.999973219247327,353
Wu2016_GB1,rf_greedy,20261008,7.556869088,0.9999866096236636,480
Wu2016_GB1,rf_ucb,20261008,8.761965656,1.0,480
Wu2016_GB1,random,20261008,4.152122098,0.998272641452588,480
Wu2016_GB1,de_greedy,20261008,5.772032209,0.9997857539786156,298
Wu2016_GB1,rf_greedy,20261009,7.312656397,0.999973219247327,480
Wu2016_GB1,rf_ucb,20261009,7.312656397,0.999973219247327,480
Wu2016_GB1,random,20261009,6.981333371,0.999953133682822,480
Wu2016_GB1,de_greedy,20261009,8.761965656,1.0,353
Wu2016_GB1,rf_greedy,20261010,7.28233277,0.9999665240591586,480
Wu2016_GB1,rf_ucb,20261010,6.877949043,0.9999397433064856,480
Wu2016_GB1,random,20261010,4.601213667,0.9989890265865922,480
Wu2016_GB1,de_greedy,20261010,5.494875532,0.999698716532428,241
Wu2016_GB1,rf_greedy,20261011,7.556869088,0.9999866096236636,480
Wu2016_GB1,rf_ucb,20261011,8.761965656,1.0,480
Wu2016_GB1,random,20261011,7.228660053,0.9999598288709904,480
Wu2016_GB1,de_greedy,20261011,6.20113545,0.9998660962366348,187
Wu2016_GB1,rf_greedy,20261012,7.556869088,0.9999866096236636,480
Wu2016_GB1,rf_ucb,20261012,7.556869088,0.9999866096236636,480
Wu2016_GB1,random,20261012,5.440614567,0.9996652405915868,480
Wu2016_GB1,de_greedy,20261012,7.312656397,0.999973219247327,342
Wu2016_GB1,rf_greedy,20261013,7.556869088,0.9999866096236636,480
Wu2016_GB1,rf_ucb,20261013,7.312656397,0.999973219247327,480
Wu2016_GB1,random,20261013,4.19608534,0.9983931548396168,480
Wu2016_GB1,de_greedy,20261013,7.312656397,0.999973219247327,353
Podgornaia2015_PhoQ,rf_greedy,20261004,33.26787,0.9991317776496794,480
Podgornaia2015_PhoQ,rf_ucb,20261004,32.145365,0.999017912423408,480
Podgornaia2015_PhoQ,random,20261004,110.38597,0.999992883423358,480
Podgornaia2015_PhoQ,de_greedy,20261004,3.20798,0.9400357252147428,119
Podgornaia2015_PhoQ,rf_greedy,20261005,73.12595,0.9999501839635062,480
Podgornaia2015_PhoQ,rf_ucb,20261005,37.30495417,0.9994377904452842,480
Podgornaia2015_PhoQ,random,20261005,22.96434,0.9970181543870136,480
Podgornaia2015_PhoQ,de_greedy,20261005,27.89221333,0.9984272365621242,237
Podgornaia2015_PhoQ,rf_greedy,20261006,133.59427,1.0,480
Podgornaia2015_PhoQ,rf_ucb,20261006,48.45995,0.999750919817531,480
Podgornaia2015_PhoQ,random,20261006,21.75069167,0.99642747852573,480
Podgornaia2015_PhoQ,de_greedy,20261006,1.56835,0.9273041696022544,127
Podgornaia2015_PhoQ,rf_greedy,20261007,38.17276333,0.999473373328494,480
Podgornaia2015_PhoQ,rf_ucb,20261007,32.507465,0.9990606118832596,480
Podgornaia2015_PhoQ,random,20261007,28.32522,0.9985268686351118,480
Podgornaia2015_PhoQ,de_greedy,20261007,23.335,0.9971462527665692,185
Podgornaia2015_PhoQ,rf_greedy,20261008,60.66634,0.9998719016204444,480
Podgornaia2015_PhoQ,rf_ucb,20261008,63.40585,0.9999074845036544,480
Podgornaia2015_PhoQ,random,20261008,20.8956,0.9960289502337796,480
Podgornaia2015_PhoQ,de_greedy,20261008,67.29615,0.9999359508102222,156
Podgornaia2015_PhoQ,rf_greedy,20261009,63.40585,0.9999074845036544,480
Podgornaia2015_PhoQ,rf_ucb,20261009,63.40585,0.9999074845036544,480
Podgornaia2015_PhoQ,random,20261009,26.4684075,0.9981639232263712,480
Podgornaia2015_PhoQ,de_greedy,20261009,24.30903,0.9975020815986678,241
Podgornaia2015_PhoQ,rf_greedy,20261010,59.50485,0.9998576684671604,480
Podgornaia2015_PhoQ,rf_ucb,20261010,63.01021,0.9998932513503704,480
Podgornaia2015_PhoQ,random,20261010,33.988675,0.9991958268394572,480
Podgornaia2015_PhoQ,de_greedy,20261010,59.660385,0.9998647850438024,327
Podgornaia2015_PhoQ,rf_greedy,20261011,133.59427,1.0,480
Podgornaia2015_PhoQ,rf_ucb,20261011,75.78738,0.9999573005401482,480
Podgornaia2015_PhoQ,random,20261011,48.51406,0.9997651529708148,480
Podgornaia2015_PhoQ,de_greedy,20261011,35.81207333,0.9993239252190128,224
Podgornaia2015_PhoQ,rf_greedy,20261012,43.95080667,0.9996512877445434,480
Podgornaia2015_PhoQ,rf_ucb,20261012,63.02589333,0.9999003679270124,480
Podgornaia2015_PhoQ,random,20261012,20.89149667,0.9960218336571376,480
Podgornaia2015_PhoQ,de_greedy,20261012,60.83268,0.9998790181970864,277
Podgornaia2015_PhoQ,rf_greedy,20261013,67.29615,0.9999359508102222,480
Podgornaia2015_PhoQ,rf_ucb,20261013,67.29615,0.9999359508102222,480
Podgornaia2015_PhoQ,random,20261013,27.1245125,0.9982849050292848,480
Podgornaia2015_PhoQ,de_greedy,20261013,33.26787,0.9991317776496794,155
Jalal2020_NBS,rf_greedy,20261004,1.420276594,1.0,480
Jalal2020_NBS,rf_ucb,20261004,1.420276594,1.0,480
Jalal2020_NBS,random,20261004,-2.829533627,0.9989625,480
Jalal2020_NBS,de_greedy,20261004,1.420276594,1.0,470
Jalal2020_NBS,rf_greedy,20261005,1.420276594,1.0,480
Jalal2020_NBS,rf_ucb,20261005,-1.77271037,0.99965,480
Jalal2020_NBS,random,20261005,-5.400651407,0.9929,480
Jalal2020_NBS,de_greedy,20261005,1.420276594,1.0,246
Jalal2020_NBS,rf_greedy,20261006,1.420276594,1.0,480
Jalal2020_NBS,rf_ucb,20261006,0.787998078,0.9999625,480
Jalal2020_NBS,random,20261006,-4.775383967,0.99535625,480
Jalal2020_NBS,de_greedy,20261006,-6.936844284,0.98328125,134
Jalal2020_NBS,rf_greedy,20261007,1.420276594,1.0,480
Jalal2020_NBS,rf_ucb,20261007,1.391195942,0.99999375,480
Jalal2020_NBS,random,20261007,-2.137618573,0.99945625,480
Jalal2020_NBS,de_greedy,20261007,1.420276594,1.0,470
Jalal2020_NBS,rf_greedy,20261008,1.420276594,1.0,480
Jalal2020_NBS,rf_ucb,20261008,1.420276594,1.0,480
Jalal2020_NBS,random,20261008,-3.2552361,0.99845625,480
Jalal2020_NBS,de_greedy,20261008,1.420276594,1.0,469
Jalal2020_NBS,rf_greedy,20261009,1.420276594,1.0,480
Jalal2020_NBS,rf_ucb,20261009,1.420276594,1.0,480
Jalal2020_NBS,random,20261009,-4.638963106,0.9957375,480
Jalal2020_NBS,de_greedy,20261009,1.420276594,1.0,358
Jalal2020_NBS,rf_greedy,20261010,1.420276594,1.0,480
Jalal2020_NBS,rf_ucb,20261010,0.787998078,0.9999625,480
Jalal2020_NBS,random,20261010,-2.396144014,0.99925625,480
Jalal2020_NBS,de_greedy,20261010,1.420276594,1.0,302
Jalal2020_NBS,rf_greedy,20261011,1.420276594,1.0,480
Jalal2020_NBS,rf_ucb,20261011,1.420276594,1.0,480
Jalal2020_NBS,random,20261011,-2.65849722,0.9990875,480
Jalal2020_NBS,de_greedy,20261011,1.420276594,1.0,480
Jalal2020_NBS,rf_greedy,20261012,0.787998078,0.9999625,480
Jalal2020_NBS,rf_ucb,20261012,0.940763867,0.99998125,480
Jalal2020_NBS,random,20261012,-3.773881606,0.99769375,480
Jalal2020_NBS,de_greedy,20261012,-1.649775272,0.9997,246
Jalal2020_NBS,rf_greedy,20261013,1.420276594,1.0,480
Jalal2020_NBS,rf_ucb,20261013,1.420276594,1.0,480
Jalal2020_NBS,random,20261013,-4.851735601,0.99513125,480
Jalal2020_NBS,de_greedy,20261013,-3.836903419,0.99761875,246
Jalal2020_parS,rf_greedy,20261004,0.311177543,0.999925,480
Jalal2020_parS,rf_ucb,20261004,0.385419049,0.99996875,480
Jalal2020_parS,random,20261004,-0.568336542,0.9965,480
Jalal2020_parS,de_greedy,20261004,0.223509737,0.99985,246
Jalal2020_parS,rf_greedy,20261005,0.64576036,1.0,480
Jalal2020_parS,rf_ucb,20261005,0.209839153,0.9997875,480
Jalal2020_parS,random,20261005,0.382351244,0.99995625,480
Jalal2020_parS,de_greedy,20261005,0.223509737,0.99985,190
Jalal2020_parS,rf_greedy,20261006,0.311177543,0.999925,480
Jalal2020_parS,rf_ucb,20261006,0.64576036,1.0,480
Jalal2020_parS,random,20261006,0.384990812,0.9999625,480
Jalal2020_parS,de_greedy,20261006,0.223509737,0.99985,246
Jalal2020_parS,rf_greedy,20261007,0.209839153,0.9997875,480
Jalal2020_parS,rf_ucb,20261007,0.385419049,0.99996875,480
Jalal2020_parS,random,20261007,-0.258660393,0.997775,480
Jalal2020_parS,de_greedy,20261007,0.64576036,1.0,246
Jalal2020_parS,rf_greedy,20261008,0.270212514,0.9998875,480
Jalal2020_parS,rf_ucb,20261008,0.64576036,1.0,480
Jalal2020_parS,random,20261008,-0.783702765,0.9957625,480
Jalal2020_parS,de_greedy,20261008,0.511171074,0.99999375,358
Jalal2020_parS,rf_greedy,20261009,0.64576036,1.0,480
Jalal2020_parS,rf_ucb,20261009,0.509139158,0.9999875,480
Jalal2020_parS,random,20261009,0.407980397,0.99998125,480
Jalal2020_parS,de_greedy,20261009,0.509139158,0.9999875,246
Jalal2020_parS,rf_greedy,20261010,0.209839153,0.9997875,480
Jalal2020_parS,rf_ucb,20261010,0.311177543,0.999925,480
Jalal2020_parS,random,20261010,-0.931106125,0.99529375,480
Jalal2020_parS,de_greedy,20261010,0.311177543,0.999925,246
Jalal2020_parS,rf_greedy,20261011,0.311177543,0.999925,480
Jalal2020_parS,rf_ucb,20261011,0.311177543,0.999925,480
Jalal2020_parS,random,20261011,-0.062054475,0.99876875,480
Jalal2020_parS,de_greedy,20261011,-5.173433458,0.9845375,190
Jalal2020_parS,rf_greedy,20261012,0.64576036,1.0,480
Jalal2020_parS,rf_ucb,20261012,0.64576036,1.0,480
Jalal2020_parS,random,20261012,0.0654272,0.99939375,480
Jalal2020_parS,de_greedy,20261012,0.311177543,0.999925,190
Jalal2020_parS,rf_greedy,20261013,0.64576036,1.0,480
Jalal2020_parS,rf_ucb,20261013,0.64576036,1.0,480
Jalal2020_parS,random,20261013,-0.192967973,0.99811875,480
Jalal2020_parS,de_greedy,20261013,-7.440646807,0.919075,134
Tu2022_TEV,rf_greedy,20261004,0.53020513,0.9986174999371592,480
Tu2022_TEV,rf_ucb,20261004,0.53020513,0.9986174999371592,480
Tu2022_TEV,random,20261004,0.55200464,0.9987997385818064,480
Tu2022_TEV,de_greedy,20261004,0.5189688,0.9984603976572908,244
Tu2022_TEV,rf_greedy,20261005,0.5385917,0.998692909031496,480
Tu2022_TEV,rf_ucb,20261005,0.5385917,0.998692909031496,480
Tu2022_TEV,random,20261005,0.4768345,0.9979136817233492,480
Tu2022_TEV,de_greedy,20261005,0.5157138,0.9984038408365382,131
Tu2022_TEV,rf_greedy,20261006,0.51793444,0.9984415453837068,480
Tu2022_TEV,rf_ucb,20261006,0.7053089,0.9995161249780056,480
Tu2022_TEV,random,20261006,0.39833874,0.99508584068572,480
Tu2022_TEV,de_greedy,20261006,0.11155074,0.9505756227534374,134
Tu2022_TEV,rf_greedy,20261007,1.4044468,1.0,480
Tu2022_TEV,rf_ucb,20261007,1.1103612,0.9999622954528316,480
Tu2022_TEV,random,20261007,0.504733,0.9982907271950332,480
Tu2022_TEV,de_greedy,20261007,0.9077096,0.9998366136289368,295
Tu2022_TEV,rf_greedy,20261008,0.5953647,0.9990825226855692,480
Tu2022_TEV,rf_ucb,20261008,0.5171134,0.9984226931101224,480
Tu2022_TEV,random,20261008,0.45350325,0.9974172385189654,480
Tu2022_TEV,de_greedy,20261008,0.2503276,0.9848741924942814,134
Tu2022_TEV,rf_greedy,20261009,0.5373317,0.9986803408491064,480
Tu2022_TEV,rf_ucb,20261009,0.6323816,0.999252193147827,480
Tu2022_TEV,random,20261009,0.46817684,0.9977565794434808,480
Tu2022_TEV,de_greedy,20261009,0.25574693,0.985540306160923,134
Tu2022_TEV,rf_greedy,20261010,0.71950746,0.9995663977075636,480
Tu2022_TEV,rf_ucb,20261010,0.64961267,0.9993338863333584,480
Tu2022_TEV,random,20261010,0.82849085,0.9997549204434056,480
Tu2022_TEV,de_greedy,20261010,0.37969792,0.9942060679184576,190
Tu2022_TEV,rf_greedy,20261011,0.7806669,0.9997046477138476,480
Tu2022_TEV,rf_ucb,20261011,0.55189586,0.9987934544906116,480
Tu2022_TEV,random,20261011,0.44450334,0.9970841816856446,480
Tu2022_TEV,de_greedy,20261011,0.49338812,0.9981650453711384,302
Tu2022_TEV,rf_greedy,20261012,0.5171237,0.9984289772013172,480
Tu2022_TEV,rf_ucb,20261012,0.5111984,0.9983409999245908,480
Tu2022_TEV,random,20261012,1.0274976,0.9999434431792474,480
Tu2022_TEV,de_greedy,20261012,0.3387197,0.9919626473619384,76
Tu2022_TEV,rf_greedy,20261013,0.5042292,0.9982781590126436,480
Tu2022_TEV,rf_ucb,20261013,0.54920685,0.9987746022170274,480
Tu2022_TEV,random,20261013,0.47695294,0.997919965814544,480
Tu2022_TEV,de_greedy,20261013,0.64961267,0.9993338863333584,294
Tu2022_T7,rf_greedy,20261004,0.65786237,0.998364312267658,480
Tu2022_T7,rf_ucb,20261004,0.65786237,0.998364312267658,480
Tu2022_T7,random,20261004,0.48831573,0.9937546468401488,480
Tu2022_T7,de_greedy,20261004,0.64132017,0.9982156133828995,145
Tu2022_T7,rf_greedy,20261005,0.65786237,0.998364312267658,480
Tu2022_T7,rf_ucb,20261005,0.65786237,0.998364312267658,480
Tu2022_T7,random,20261005,0.8512114,1.0,480
Tu2022_T7,de_greedy,20261005,0.5739833,0.9968773234200744,115
Tu2022_T7,rf_greedy,20261006,0.46805716,0.9921189591078068,480
Tu2022_T7,rf_ucb,20261006,0.8262005,0.9995539033457248,480
Tu2022_T7,random,20261006,0.64132017,0.9982156133828995,480
Tu2022_T7,de_greedy,20261006,0.31849614,0.9827509293680298,82
Tu2022_T7,rf_greedy,20261007,0.64132017,0.9982156133828995,480
Tu2022_T7,rf_ucb,20261007,0.64132017,0.9982156133828995,480
Tu2022_T7,random,20261007,0.57712066,0.9970260223048328,480
Tu2022_T7,de_greedy,20261007,0.19170341,0.9704089219330856,117
Tu2022_T7,rf_greedy,20261008,0.6809274,0.9985130111524164,480
Tu2022_T7,rf_ucb,20261008,0.65786237,0.998364312267658,480
Tu2022_T7,random,20261008,0.6344839,0.9980669144981412,480
Tu2022_T7,de_greedy,20261008,0.50226974,0.9940520446096656,79
Tu2022_T7,rf_greedy,20261009,0.65786237,0.998364312267658,480
Tu2022_T7,rf_ucb,20261009,0.65786237,0.998364312267658,480
Tu2022_T7,random,20261009,0.6344839,0.9980669144981412,480
Tu2022_T7,de_greedy,20261009,0.3528093,0.985278810408922,139
Tu2022_T7,rf_greedy,20261010,0.64132017,0.9982156133828995,480
Tu2022_T7,rf_ucb,20261010,0.65786237,0.998364312267658,480
Tu2022_T7,random,20261010,0.8512114,1.0,480
Tu2022_T7,de_greedy,20261010,0.48831573,0.9937546468401488,74
Tu2022_T7,rf_greedy,20261011,0.65786237,0.998364312267658,480
Tu2022_T7,rf_ucb,20261011,0.76047325,0.9991078066914498,480
Tu2022_T7,random,20261011,0.64132017,0.9982156133828995,480
Tu2022_T7,de_greedy,20261011,0.8262005,0.9995539033457248,108
Tu2022_T7,rf_greedy,20261012,0.6809274,0.9985130111524164,480
Tu2022_T7,rf_ucb,20261012,0.83234775,0.9997026022304832,480
Tu2022_T7,random,20261012,0.76047325,0.9991078066914498,480
Tu2022_T7,de_greedy,20261012,0.4862687,0.9936059479553904,85
Tu2022_T7,rf_greedy,20261013,0.84999454,0.9998513011152416,480
Tu2022_T7,rf_ucb,20261013,0.65786237,0.998364312267658,480
Tu2022_T7,random,20261013,0.83234775,0.9997026022304832,480
Tu2022_T7,de_greedy,20261013,0.76047325,0.9991078066914498,90
Lite2020_ParD2,rf_greedy,20261004,1.026803807,1.0,480
Lite2020_ParD2,rf_ucb,20261004,1.026803807,1.0,480
Lite2020_ParD2,random,20261004,0.979851603,0.9945445318447096,480
Lite2020_ParD2,de_greedy,20261004,1.026803807,1.0,170
Lite2020_ParD2,rf_greedy,20261005,1.026803807,1.0,480
Lite2020_ParD2,rf_ucb,20261005,1.026803807,1.0,480
Lite2020_ParD2,random,20261005,0.987734084,0.996701344836336,480
Lite2020_ParD2,de_greedy,20261005,1.026803807,1.0,244
Lite2020_ParD2,rf_greedy,20261006,1.026803807,1.0,480
Lite2020_ParD2,rf_ucb,20261006,1.026803807,1.0,480
Lite2020_ParD2,random,20261006,1.007499348,0.9994925145902056,480
Lite2020_ParD2,de_greedy,20261006,1.026803807,1.0,170
Lite2020_ParD2,rf_greedy,20261007,1.026803807,1.0,480
Lite2020_ParD2,rf_ucb,20261007,1.026803807,1.0,480
Lite2020_ParD2,random,20261007,1.002270597,0.9991119005328596,480
Lite2020_ParD2,de_greedy,20261007,1.026803807,1.0,170
Lite2020_ParD2,rf_greedy,20261008,1.026803807,1.0,480
Lite2020_ParD2,rf_ucb,20261008,1.026803807,1.0,480
Lite2020_ParD2,random,20261008,1.008858967,0.9996193859426542,480
Lite2020_ParD2,de_greedy,20261008,1.026803807,1.0,170
Lite2020_ParD2,rf_greedy,20261009,1.026803807,1.0,480
Lite2020_ParD2,rf_ucb,20261009,1.026803807,1.0,480
Lite2020_ParD2,random,20261009,1.005583487,0.9992387718853084,480
Lite2020_ParD2,de_greedy,20261009,1.026803807,1.0,170
Lite2020_ParD2,rf_greedy,20261010,1.026803807,1.0,480
Lite2020_ParD2,rf_ucb,20261010,1.026803807,1.0,480
Lite2020_ParD2,random,20261010,0.990860327,0.9974625729510276,480
Lite2020_ParD2,de_greedy,20261010,1.026803807,1.0,133
Lite2020_ParD2,rf_greedy,20261011,1.026803807,1.0,480
Lite2020_ParD2,rf_ucb,20261011,1.026803807,1.0,480
Lite2020_ParD2,random,20261011,1.017841516,0.9998731286475514,480
Lite2020_ParD2,de_greedy,20261011,1.026803807,1.0,133
Lite2020_ParD2,rf_greedy,20261012,1.026803807,1.0,480
Lite2020_ParD2,rf_ucb,20261012,1.026803807,1.0,480
Lite2020_ParD2,random,20261012,0.989135046,0.9972088302461304,480
Lite2020_ParD2,de_greedy,20261012,1.026803807,1.0,170
Lite2020_ParD2,rf_greedy,20261013,1.026803807,1.0,480
Lite2020_ParD2,rf_ucb,20261013,1.026803807,1.0,480
Lite2020_ParD2,random,20261013,0.97656315,0.993402689672672,480
Lite2020_ParD2,de_greedy,20261013,1.026803807,1.0,170
Lite2020_ParD3,rf_greedy,20261004,1.017502225,1.0,480
Lite2020_ParD3,rf_ucb,20261004,1.017502225,1.0,480
Lite2020_ParD3,random,20261004,0.993060701,0.9988581578279624,480
Lite2020_ParD3,de_greedy,20261004,1.017502225,1.0,169
Lite2020_ParD3,rf_greedy,20261005,1.017502225,1.0,480
Lite2020_ParD3,rf_ucb,20261005,1.017502225,1.0,480
Lite2020_ParD3,random,20261005,0.982546138,0.9974625729510276,480
Lite2020_ParD3,de_greedy,20261005,1.017502225,1.0,132
Lite2020_ParD3,rf_greedy,20261006,1.017502225,1.0,480
Lite2020_ParD3,rf_ucb,20261006,1.017502225,1.0,480
Lite2020_ParD3,random,20261006,0.984713899,0.9977163156559248,480
Lite2020_ParD3,de_greedy,20261006,1.017502225,1.0,169
Lite2020_ParD3,rf_greedy,20261007,1.017502225,1.0,480
Lite2020_ParD3,rf_ucb,20261007,1.017502225,1.0,480
Lite2020_ParD3,random,20261007,0.989414759,0.9984775437706166,480
Lite2020_ParD3,de_greedy,20261007,1.017502225,1.0,169
Lite2020_ParD3,rf_greedy,20261008,1.017502225,1.0,480
Lite2020_ParD3,rf_ucb,20261008,1.017502225,1.0,480
Lite2020_ParD3,random,20261008,0.979835181,0.9964476021314388,480
Lite2020_ParD3,de_greedy,20261008,1.003989835,0.9996193859426542,167
Lite2020_ParD3,rf_greedy,20261009,1.017502225,1.0,480
Lite2020_ParD3,rf_ucb,20261009,1.017502225,1.0,480
Lite2020_ParD3,random,20261009,0.981275519,0.9972088302461304,480
Lite2020_ParD3,de_greedy,20261009,1.017502225,1.0,169
Lite2020_ParD3,rf_greedy,20261010,1.017502225,1.0,480
Lite2020_ParD3,rf_ucb,20261010,1.017502225,1.0,480
Lite2020_ParD3,random,20261010,1.005947399,0.9998731286475514,480
Lite2020_ParD3,de_greedy,20261010,1.003989835,0.9996193859426542,167
Lite2020_ParD3,rf_greedy,20261011,1.017502225,1.0,480
Lite2020_ParD3,rf_ucb,20261011,1.017502225,1.0,480
Lite2020_ParD3,random,20261011,0.964519323,0.990738391271251,480
Lite2020_ParD3,de_greedy,20261011,1.017502225,1.0,168
Lite2020_ParD3,rf_greedy,20261012,1.017502225,1.0,480
Lite2020_ParD3,rf_ucb,20261012,1.017502225,1.0,480
Lite2020_ParD3,random,20261012,0.996424675,0.9991119005328596,480
Lite2020_ParD3,de_greedy,20261012,1.003989835,0.9996193859426542,204
Lite2020_ParD3,rf_greedy,20261013,1.017502225,1.0,480
Lite2020_ParD3,rf_ucb,20261013,1.017502225,1.0,480
Lite2020_ParD3,random,20261013,1.00022897,0.9993656432377568,480
Lite2020_ParD3,de_greedy,20261013,1.003989835,0.9996193859426542,168
Johnston2024_TrpB4,rf_greedy,20261004,0.752894791,0.9998240421293416,480
Johnston2024_TrpB4,rf_ucb,20261004,1.0,1.0,480
Johnston2024_TrpB4,random,20261004,0.371936259,0.9912146748864128,480
Johnston2024_TrpB4,de_greedy,20261004,0.520769461,0.9970024319891408,246
Johnston2024_TrpB4,rf_greedy,20261005,1.0,1.0,480
Johnston2024_TrpB4,rf_ucb,20261005,0.922559227,0.9999874315806672,480
Johnston2024_TrpB4,random,20261005,0.430961705,0.994143116590942,480
Johnston2024_TrpB4,de_greedy,20261005,1.0,1.0,358
Johnston2024_TrpB4,rf_greedy,20261006,0.752894791,0.9998240421293416,480
Johnston2024_TrpB4,rf_ucb,20261006,0.749107106,0.9998177579196752,480
Johnston2024_TrpB4,random,20261006,0.468390818,0.9954250953628816,480
Johnston2024_TrpB4,de_greedy,20261006,0.318797632,0.9881102753112256,133
Johnston2024_TrpB4,rf_greedy,20261007,0.922559227,0.9999874315806672,480
Johnston2024_TrpB4,rf_ucb,20261007,0.932033526,0.9999937157903336,480
Johnston2024_TrpB4,random,20261007,0.806522842,0.9999057368550044,480
Johnston2024_TrpB4,de_greedy,20261007,1.0,1.0,414
Johnston2024_TrpB4,rf_greedy,20261008,1.0,1.0,480
Johnston2024_TrpB4,rf_ucb,20261008,0.932033526,0.9999937157903336,480
Johnston2024_TrpB4,random,20261008,0.575171227,0.9982467055030824,480
Johnston2024_TrpB4,de_greedy,20261008,0.752894791,0.9998240421293416,414
Johnston2024_TrpB4,rf_greedy,20261009,1.0,1.0,480
Johnston2024_TrpB4,rf_ucb,20261009,1.0,1.0,480
Johnston2024_TrpB4,random,20261009,0.581585581,0.998340968648078,480
Johnston2024_TrpB4,de_greedy,20261009,0.932033526,0.9999937157903336,302
Johnston2024_TrpB4,rf_greedy,20261010,0.746142028,0.9998114737100088,480
Johnston2024_TrpB4,rf_ucb,20261010,0.73943435,0.999780052661677,480
Johnston2024_TrpB4,random,20261010,0.542100827,0.9975365898107824,480
Johnston2024_TrpB4,de_greedy,20261010,0.932033526,0.9999937157903336,244
Johnston2024_TrpB4,rf_greedy,20261011,0.746142028,0.9998114737100088,480
Johnston2024_TrpB4,rf_ucb,20261011,0.752894791,0.9998240421293416,480
Johnston2024_TrpB4,random,20261011,0.434142745,0.9943002218326012,480
Johnston2024_TrpB4,de_greedy,20261011,1.0,1.0,302
Johnston2024_TrpB4,rf_greedy,20261012,0.73943435,0.999780052661677,480
Johnston2024_TrpB4,rf_ucb,20261012,0.726449473,0.9997423474036788,480
Johnston2024_TrpB4,random,20261012,0.507093847,0.9966442320381578,480
Johnston2024_TrpB4,de_greedy,20261012,0.085774032,0.9610693211168296,134
Johnston2024_TrpB4,rf_greedy,20261013,0.746142028,0.9998114737100088,480
Johnston2024_TrpB4,rf_ucb,20261013,0.752894791,0.9998240421293416,480
Johnston2024_TrpB4,random,20261013,0.688876392,0.9995161158556894,480
Johnston2024_TrpB4,de_greedy,20261013,0.932033526,0.9999937157903336,480
Johnston2024_TrpB3A,rf_greedy,20261004,0.262711917,0.9993727261322294,480
Johnston2024_TrpB3A,rf_ucb,20261004,0.279341877,0.9994981809057836,480
Johnston2024_TrpB3A,random,20261004,0.834160709,0.9997490904528916,480
Johnston2024_TrpB3A,de_greedy,20261004,0.105948297,0.9933508970016308,96
Johnston2024_TrpB3A,rf_greedy,20261005,1.0,1.0,480
Johnston2024_TrpB3A,rf_ucb,20261005,1.0,1.0,480
Johnston2024_TrpB3A,random,20261005,0.176894642,0.998243633170242,480
Johnston2024_TrpB3A,de_greedy,20261005,0.176894642,0.998243633170242,170
Johnston2024_TrpB3A,rf_greedy,20261006,1.0,1.0,480
Johnston2024_TrpB3A,rf_ucb,20261006,1.0,1.0,480
Johnston2024_TrpB3A,random,20261006,0.168305482,0.9976163593024716,480
Johnston2024_TrpB3A,de_greedy,20261006,0.13430912,0.9958599924727136,132
Johnston2024_TrpB3A,rf_greedy,20261007,0.173033084,0.9979927236231338,480
Johnston2024_TrpB3A,rf_ucb,20261007,1.0,1.0,480
Johnston2024_TrpB3A,random,20261007,0.1634984,0.9973654497553632,480
Johnston2024_TrpB3A,de_greedy,20261007,1.0,1.0,206
Johnston2024_TrpB3A,rf_greedy,20261008,0.279341877,0.9994981809057836,480
Johnston2024_TrpB3A,rf_ucb,20261008,0.279341877,0.9994981809057836,480
Johnston2024_TrpB3A,random,20261008,0.922346508,0.999874545226446,480
Johnston2024_TrpB3A,de_greedy,20261008,1.0,1.0,132
Johnston2024_TrpB3A,rf_greedy,20261009,0.922346508,0.999874545226446,480
Johnston2024_TrpB3A,rf_ucb,20261009,0.279341877,0.9994981809057836,480
Johnston2024_TrpB3A,random,20261009,0.162663719,0.997239994981809,480
Johnston2024_TrpB3A,de_greedy,20261009,0.118080016,0.9949818090578346,131
Johnston2024_TrpB3A,rf_greedy,20261010,1.0,1.0,480
Johnston2024_TrpB3A,rf_ucb,20261010,0.195277481,0.9988709070380128,480
Johnston2024_TrpB3A,random,20261010,0.293446685,0.9996236356793377,480
Johnston2024_TrpB3A,de_greedy,20261010,0.20509377,0.9991218165851212,96
Johnston2024_TrpB3A,rf_greedy,20261011,0.834160709,0.9997490904528916,480
Johnston2024_TrpB3A,rf_ucb,20261011,1.0,1.0,480
Johnston2024_TrpB3A,random,20261011,0.13430912,0.9958599924727136,480
Johnston2024_TrpB3A,de_greedy,20261011,0.20509377,0.9991218165851212,133
Johnston2024_TrpB3A,rf_greedy,20261012,1.0,1.0,480
Johnston2024_TrpB3A,rf_ucb,20261012,1.0,1.0,480
Johnston2024_TrpB3A,random,20261012,1.0,1.0,480
Johnston2024_TrpB3A,de_greedy,20261012,0.168305482,0.9976163593024716,132
Johnston2024_TrpB3A,rf_greedy,20261013,1.0,1.0,480
Johnston2024_TrpB3A,rf_ucb,20261013,1.0,1.0,480
Johnston2024_TrpB3A,random,20261013,0.293446685,0.9996236356793377,480
Johnston2024_TrpB3A,de_greedy,20261013,1.0,1.0,169
Johnston2024_TrpB3B,rf_greedy,20261004,0.136475746,0.9994997498749376,480
Johnston2024_TrpB3B,rf_ucb,20261004,0.203533357,0.9996248124062032,480
Johnston2024_TrpB3B,random,20261004,0.086084836,0.9978739369684844,480
Johnston2024_TrpB3B,de_greedy,20261004,0.047237662,0.9919959979989996,133
Johnston2024_TrpB3B,rf_greedy,20261005,0.091167316,0.9983741870935467,480
Johnston2024_TrpB3B,rf_ucb,20261005,0.136475746,0.9994997498749376,480
Johnston2024_TrpB3B,random,20261005,0.469838991,0.9998749374687343,480
Johnston2024_TrpB3B,de_greedy,20261005,0.089638403,0.9981240620310156,96
Johnston2024_TrpB3B,rf_greedy,20261006,0.095272355,0.9984992496248124,480
Johnston2024_TrpB3B,rf_ucb,20261006,0.469838991,0.9998749374687343,480
Johnston2024_TrpB3B,random,20261006,0.095272355,0.9984992496248124,480
Johnston2024_TrpB3B,de_greedy,20261006,0.121188254,0.9991245622811404,96
Johnston2024_TrpB3B,rf_greedy,20261007,0.203533357,0.9996248124062032,480
Johnston2024_TrpB3B,rf_ucb,20261007,0.469838991,0.9998749374687343,480
Johnston2024_TrpB3B,random,20261007,0.04773643,0.9922461230615308,480
Johnston2024_TrpB3B,de_greedy,20261007,0.121188254,0.9991245622811404,170
Johnston2024_TrpB3B,rf_greedy,20261008,0.136475746,0.9994997498749376,480
Johnston2024_TrpB3B,rf_ucb,20261008,0.136475746,0.9994997498749376,480
Johnston2024_TrpB3B,random,20261008,0.058514993,0.9949974987493748,480
Johnston2024_TrpB3B,de_greedy,20261008,0.203533357,0.9996248124062032,133
Johnston2024_TrpB3B,rf_greedy,20261009,0.136475746,0.9994997498749376,480
Johnston2024_TrpB3B,rf_ucb,20261009,0.136475746,0.9994997498749376,480
Johnston2024_TrpB3B,random,20261009,0.203533357,0.9996248124062032,480
Johnston2024_TrpB3B,de_greedy,20261009,-0.006443881,0.9347173586793396,133
Johnston2024_TrpB3B,rf_greedy,20261010,0.203533357,0.9996248124062032,480
Johnston2024_TrpB3B,rf_ucb,20261010,0.203533357,0.9996248124062032,480
Johnston2024_TrpB3B,random,20261010,0.100450561,0.998624312156078,480
Johnston2024_TrpB3B,de_greedy,20261010,0.058898047,0.9951225612806404,96
Johnston2024_TrpB3B,rf_greedy,20261011,0.110204288,0.9987493746873436,480
Johnston2024_TrpB3B,rf_ucb,20261011,0.127970216,0.999374687343672,480
Johnston2024_TrpB3B,random,20261011,0.406720585,0.9997498749374688,480
Johnston2024_TrpB3B,de_greedy,20261011,0.075232689,0.9968734367183592,96
Johnston2024_TrpB3B,rf_greedy,20261012,1.0,1.0,480
Johnston2024_TrpB3B,rf_ucb,20261012,1.0,1.0,480
Johnston2024_TrpB3B,random,20261012,0.083074991,0.997623811905953,480
Johnston2024_TrpB3B,de_greedy,20261012,0.127970216,0.999374687343672,96
Johnston2024_TrpB3B,rf_greedy,20261013,0.091167316,0.9983741870935467,480
Johnston2024_TrpB3B,rf_ucb,20261013,0.203533357,0.9996248124062032,480
Johnston2024_TrpB3B,random,20261013,0.072097753,0.9967483741870936,480
Johnston2024_TrpB3B,de_greedy,20261013,0.095272355,0.9984992496248124,133
Johnston2024_TrpB3C,rf_greedy,20261004,0.631522938,0.9998749061796348,480
Johnston2024_TrpB3C,rf_ucb,20261004,1.0,1.0,480
Johnston2024_TrpB3C,random,20261004,0.631522938,0.9998749061796348,480
Johnston2024_TrpB3C,de_greedy,20261004,0.151202932,0.9911183387540656,133
Johnston2024_TrpB3C,rf_greedy,20261005,1.0,1.0,480
Johnston2024_TrpB3C,rf_ucb,20261005,1.0,1.0,480
Johnston2024_TrpB3C,random,20261005,0.151202932,0.9911183387540656,480
Johnston2024_TrpB3C,de_greedy,20261005,0.151202932,0.9911183387540656,58
Johnston2024_TrpB3C,rf_greedy,20261006,0.376882457,0.9994996247185388,480
Johnston2024_TrpB3C,rf_ucb,20261006,0.264712393,0.9982486865148862,480
Johnston2024_TrpB3C,random,20261006,0.264712393,0.9982486865148862,480
Johnston2024_TrpB3C,de_greedy,20261006,0.33565985,0.9992494370778084,207
Johnston2024_TrpB3C,rf_greedy,20261007,0.249321086,0.9977483112334252,480
Johnston2024_TrpB3C,rf_ucb,20261007,0.391499986,0.9996247185389042,480
Johnston2024_TrpB3C,random,20261007,0.207847014,0.995871903927946,480
Johnston2024_TrpB3C,de_greedy,20261007,0.267688725,0.9983737803352516,204
Johnston2024_TrpB3C,rf_greedy,20261008,0.391499986,0.9996247185389042,480
Johnston2024_TrpB3C,rf_ucb,20261008,0.391499986,0.9996247185389042,480
Johnston2024_TrpB3C,random,20261008,0.193370766,0.9948711533650236,480
Johnston2024_TrpB3C,de_greedy,20261008,0.207847014,0.995871903927946,169
Johnston2024_TrpB3C,rf_greedy,20261009,0.391499986,0.9996247185389042,480
Johnston2024_TrpB3C,rf_ucb,20261009,1.0,1.0,480
Johnston2024_TrpB3C,random,20261009,1.0,1.0,480
Johnston2024_TrpB3C,de_greedy,20261009,0.207847014,0.995871903927946,206
Johnston2024_TrpB3C,rf_greedy,20261010,0.276500218,0.9984988741556168,480
Johnston2024_TrpB3C,rf_ucb,20261010,0.391499986,0.9996247185389042,480
Johnston2024_TrpB3C,random,20261010,0.376882457,0.9994996247185388,480
Johnston2024_TrpB3C,de_greedy,20261010,0.376882457,0.9994996247185388,96
Johnston2024_TrpB3C,rf_greedy,20261011,0.391499986,0.9996247185389042,480
Johnston2024_TrpB3C,rf_ucb,20261011,0.250182848,0.9978734050537904,480
Johnston2024_TrpB3C,random,20261011,0.156225414,0.991743807855892,480
Johnston2024_TrpB3C,de_greedy,20261011,0.136846511,0.9888666499874906,96
Johnston2024_TrpB3C,rf_greedy,20261012,0.33565985,0.9992494370778084,480
Johnston2024_TrpB3C,rf_ucb,20261012,0.21729916,0.9964973730297724,480
Johnston2024_TrpB3C,random,20261012,0.391499986,0.9996247185389042,480
Johnston2024_TrpB3C,de_greedy,20261012,0.313249993,0.998999249437078,133
Johnston2024_TrpB3C,rf_greedy,20261013,0.304961936,0.9987490617963471,480
Johnston2024_TrpB3C,rf_ucb,20261013,0.33565985,0.9992494370778084,480
Johnston2024_TrpB3C,random,20261013,0.224551847,0.9969977483112334,480
Johnston2024_TrpB3C,de_greedy,20261013,0.33565985,0.9992494370778084,206
Johnston2024_TrpB3D,rf_greedy,20261004,1.0,1.0,480
Johnston2024_TrpB3D,rf_ucb,20261004,1.0,1.0,480
Johnston2024_TrpB3D,random,20261004,0.827743354,0.9992271029241272,480
Johnston2024_TrpB3D,de_greedy,20261004,0.096538249,0.92167976297823,93
Johnston2024_TrpB3D,rf_greedy,20261005,1.0,1.0,480
Johnston2024_TrpB3D,rf_ucb,20261005,1.0,1.0,480
Johnston2024_TrpB3D,random,20261005,0.737603073,0.9981965734896304,480
Johnston2024_TrpB3D,de_greedy,20261005,0.09653172,0.921550946798918,125
Johnston2024_TrpB3D,rf_greedy,20261006,1.0,1.0,480
Johnston2024_TrpB3D,rf_ucb,20261006,1.0,1.0,480
Johnston2024_TrpB3D,random,20261006,0.672212742,0.9969084116965092,480
Johnston2024_TrpB3D,de_greedy,20261006,0.98622632,0.9998711838206878,96
Johnston2024_TrpB3D,rf_greedy,20261007,1.0,1.0,480
Johnston2024_TrpB3D,rf_ucb,20261007,1.0,1.0,480
Johnston2024_TrpB3D,random,20261007,0.878693554,0.9996135514620637,480
Johnston2024_TrpB3D,de_greedy,20261007,0.673728252,0.9971660440551332,95
Johnston2024_TrpB3D,rf_greedy,20261008,1.0,1.0,480
Johnston2024_TrpB3D,rf_ucb,20261008,1.0,1.0,480
Johnston2024_TrpB3D,random,20261008,0.823962499,0.998969470565503,480
Johnston2024_TrpB3D,de_greedy,20261008,0.111021164,0.9355919103439392,93
Johnston2024_TrpB3D,rf_greedy,20261009,1.0,1.0,480
Johnston2024_TrpB3D,rf_ucb,20261009,1.0,1.0,480
Johnston2024_TrpB3D,random,20261009,0.800757324,0.9987118382068788,480
Johnston2024_TrpB3D,de_greedy,20261009,0.673728252,0.9971660440551332,94
Johnston2024_TrpB3D,rf_greedy,20261010,0.98622632,0.9998711838206878,480
Johnston2024_TrpB3D,rf_ucb,20261010,1.0,1.0,480
Johnston2024_TrpB3D,random,20261010,0.489154974,0.993816823393018,480
Johnston2024_TrpB3D,de_greedy,20261010,0.878693554,0.9996135514620637,132
Johnston2024_TrpB3D,rf_greedy,20261011,1.0,1.0,480
Johnston2024_TrpB3D,rf_ucb,20261011,1.0,1.0,480
Johnston2024_TrpB3D,random,20261011,0.841343785,0.9993559191034392,480
Johnston2024_TrpB3D,de_greedy,20261011,0.98622632,0.9998711838206878,132
Johnston2024_TrpB3D,rf_greedy,20261012,1.0,1.0,480
Johnston2024_TrpB3D,rf_ucb,20261012,0.878693554,0.9996135514620637,480
Johnston2024_TrpB3D,random,20261012,0.394278529,0.989437073296406,480
Johnston2024_TrpB3D,de_greedy,20261012,0.673728252,0.9971660440551332,205
Johnston2024_TrpB3D,rf_greedy,20261013,1.0,1.0,480
Johnston2024_TrpB3D,rf_ucb,20261013,1.0,1.0,480
Johnston2024_TrpB3D,random,20261013,0.673728252,0.9971660440551332,480
Johnston2024_TrpB3D,de_greedy,20261013,1.0,1.0,240
Johnston2024_TrpB3E,rf_greedy,20261004,0.083447443,0.9962330487192366,480
Johnston2024_TrpB3E,rf_ucb,20261004,0.079679443,0.9954796584630838,480
Johnston2024_TrpB3E,random,20261004,0.197997587,0.9986187845303868,480
Johnston2024_TrpB3E,de_greedy,20261004,0.078285051,0.9951029633350076,170
Johnston2024_TrpB3E,rf_greedy,20261005,0.197997587,0.9986187845303868,480
Johnston2024_TrpB3E,rf_ucb,20261005,0.079904369,0.995730788548468,480
Johnston2024_TrpB3E,random,20261005,0.610622032,0.9994977398292316,480
Johnston2024_TrpB3E,de_greedy,20261005,0.100340414,0.9971120040180814,96
Johnston2024_TrpB3E,rf_greedy,20261006,0.116182232,0.9974886991461576,480
Johnston2024_TrpB3E,rf_ucb,20261006,0.106961717,0.9973631341034656,480
Johnston2024_TrpB3E,random,20261006,0.476725404,0.9992466097438472,480
Johnston2024_TrpB3E,de_greedy,20261006,0.050685191,0.9838021094927172,133
Johnston2024_TrpB3E,rf_greedy,20261007,1.0,1.0,480
Johnston2024_TrpB3E,rf_ucb,20261007,1.0,1.0,480
Johnston2024_TrpB3E,random,20261007,0.080507352,0.9961074836765444,480
Johnston2024_TrpB3E,de_greedy,20261007,1.0,1.0,170
Johnston2024_TrpB3E,rf_greedy,20261008,0.126371295,0.997739829231542,480
Johnston2024_TrpB3E,rf_ucb,20261008,0.126371295,0.997739829231542,480
Johnston2024_TrpB3E,random,20261008,0.059673381,0.991210447011552,480
Johnston2024_TrpB3E,de_greedy,20261008,0.074622133,0.994475138121547,170
Johnston2024_TrpB3E,rf_greedy,20261009,0.087462373,0.9966097438473128,480
Johnston2024_TrpB3E,rf_ucb,20261009,0.563209417,0.9993721747865394,480
Johnston2024_TrpB3E,random,20261009,0.071617272,0.9938473129080864,480
Johnston2024_TrpB3E,de_greedy,20261009,0.064544109,0.9924660974384732,96
Johnston2024_TrpB3E,rf_greedy,20261010,1.0,1.0,480
Johnston2024_TrpB3E,rf_ucb,20261010,0.083447443,0.9962330487192366,480
Johnston2024_TrpB3E,random,20261010,0.81962965,0.9996233048719236,480
Johnston2024_TrpB3E,de_greedy,20261010,0.035505927,0.9554244098442992,58
Johnston2024_TrpB3E,rf_greedy,20261011,1.0,1.0,480
Johnston2024_TrpB3E,rf_ucb,20261011,1.0,1.0,480
Johnston2024_TrpB3E,random,20261011,0.82477868,0.9997488699146158,480
Johnston2024_TrpB3E,de_greedy,20261011,0.079904369,0.995730788548468,94
Johnston2024_TrpB3E,rf_greedy,20261012,0.074267813,0.9943495730788549,480
Johnston2024_TrpB3E,rf_ucb,20261012,0.074267813,0.9943495730788549,480
Johnston2024_TrpB3E,random,20261012,0.147909884,0.9982420894023104,480
Johnston2024_TrpB3E,de_greedy,20261012,0.064714428,0.9925916624811651,94
Johnston2024_TrpB3E,rf_greedy,20261013,0.120977872,0.9976142641888498,480
Johnston2024_TrpB3E,rf_ucb,20261013,0.120977872,0.9976142641888498,480
Johnston2024_TrpB3E,random,20261013,0.610622032,0.9994977398292316,480
Johnston2024_TrpB3E,de_greedy,20261013,0.072964863,0.9942240080361628,132
Johnston2024_TrpB3F,rf_greedy,20261004,1.0,1.0,480
Johnston2024_TrpB3F,rf_ucb,20261004,1.0,1.0,480
Johnston2024_TrpB3F,random,20261004,0.417617857,0.9994830037482229,480
Johnston2024_TrpB3F,de_greedy,20261004,1.0,1.0,131
Johnston2024_TrpB3F,rf_greedy,20261005,1.0,1.0,480
Johnston2024_TrpB3F,rf_ucb,20261005,1.0,1.0,480
Johnston2024_TrpB3F,random,20261005,0.321965574,0.9993537546852784,480
Johnston2024_TrpB3F,de_greedy,20261005,1.0,1.0,200
Johnston2024_TrpB3F,rf_greedy,20261006,1.0,1.0,480
Johnston2024_TrpB3F,rf_ucb,20261006,1.0,1.0,480
Johnston2024_TrpB3F,random,20261006,0.183206987,0.9974150187411142,480
Johnston2024_TrpB3F,de_greedy,20261006,0.066837191,0.9735039420964198,123
Johnston2024_TrpB3F,rf_greedy,20261007,1.0,1.0,480
Johnston2024_TrpB3F,rf_ucb,20261007,1.0,1.0,480
Johnston2024_TrpB3F,random,20261007,0.262152791,0.9988367584335014,480
Johnston2024_TrpB3F,de_greedy,20261007,1.0,1.0,169
Johnston2024_TrpB3F,rf_greedy,20261008,1.0,1.0,480
Johnston2024_TrpB3F,rf_ucb,20261008,1.0,1.0,480
Johnston2024_TrpB3F,random,20261008,0.258230841,0.9987075093705572,480
Johnston2024_TrpB3F,de_greedy,20261008,1.0,1.0,92
Johnston2024_TrpB3F,rf_greedy,20261009,1.0,1.0,480
Johnston2024_TrpB3F,rf_ucb,20261009,1.0,1.0,480
Johnston2024_TrpB3F,random,20261009,0.486662948,0.9997415018741114,480
Johnston2024_TrpB3F,de_greedy,20261009,1.0,1.0,205
Johnston2024_TrpB3F,rf_greedy,20261010,1.0,1.0,480
Johnston2024_TrpB3F,rf_ucb,20261010,1.0,1.0,480
Johnston2024_TrpB3F,random,20261010,0.22608208,0.99819051311878,480
Johnston2024_TrpB3F,de_greedy,20261010,0.11997432,0.9928913015380638,156
Johnston2024_TrpB3F,rf_greedy,20261011,1.0,1.0,480
Johnston2024_TrpB3F,rf_ucb,20261011,1.0,1.0,480
Johnston2024_TrpB3F,random,20261011,0.235544618,0.9984490112446684,480
Johnston2024_TrpB3F,de_greedy,20261011,0.081876168,0.9819051311877988,129
Johnston2024_TrpB3F,rf_greedy,20261012,1.0,1.0,480
Johnston2024_TrpB3F,rf_ucb,20261012,1.0,1.0,480
Johnston2024_TrpB3F,random,20261012,0.951594798,0.9998707509370556,480
Johnston2024_TrpB3F,de_greedy,20261012,0.092686698,0.986816595579682,130
Johnston2024_TrpB3F,rf_greedy,20261013,1.0,1.0,480
Johnston2024_TrpB3F,rf_ucb,20261013,1.0,1.0,480
Johnston2024_TrpB3F,random,20261013,0.271124025,0.9989660074964456,480
Johnston2024_TrpB3F,de_greedy,20261013,0.064069334,0.9710482099004782,91
Johnston2024_TrpB3G,rf_greedy,20261004,1.0,1.0,480
Johnston2024_TrpB3G,rf_ucb,20261004,1.0,1.0,480
Johnston2024_TrpB3G,random,20261004,0.537734904,0.9986060068432392,480
Johnston2024_TrpB3G,de_greedy,20261004,1.0,1.0,199
Johnston2024_TrpB3G,rf_greedy,20261005,1.0,1.0,480
Johnston2024_TrpB3G,rf_ucb,20261005,1.0,1.0,480
Johnston2024_TrpB3G,random,20261005,0.704780371,0.999619820048156,480
Johnston2024_TrpB3G,de_greedy,20261005,0.090190946,0.9892282346977568,94
Johnston2024_TrpB3G,rf_greedy,20261006,1.0,1.0,480
Johnston2024_TrpB3G,rf_ucb,20261006,1.0,1.0,480
Johnston2024_TrpB3G,random,20261006,0.271852817,0.996958560385249,480
Johnston2024_TrpB3G,de_greedy,20261006,0.077886812,0.9859333417817768,127
Johnston2024_TrpB3G,rf_greedy,20261007,1.0,1.0,480
Johnston2024_TrpB3G,rf_ucb,20261007,1.0,1.0,480
Johnston2024_TrpB3G,random,20261007,0.326533892,0.9973387403370928,480
Johnston2024_TrpB3G,de_greedy,20261007,1.0,1.0,158
Johnston2024_TrpB3G,rf_greedy,20261008,1.0,1.0,480
Johnston2024_TrpB3G,rf_ucb,20261008,1.0,1.0,480
Johnston2024_TrpB3G,random,20261008,0.143240031,0.9945507540235712,480
Johnston2024_TrpB3G,de_greedy,20261008,0.061574704,0.980103915853504,132
Johnston2024_TrpB3G,rf_greedy,20261009,1.0,1.0,480
Johnston2024_TrpB3G,rf_ucb,20261009,1.0,1.0,480
Johnston2024_TrpB3G,random,20261009,0.379416599,0.9977189202889368,480
Johnston2024_TrpB3G,de_greedy,20261009,1.0,1.0,161
Johnston2024_TrpB3G,rf_greedy,20261010,1.0,1.0,480
Johnston2024_TrpB3G,rf_ucb,20261010,1.0,1.0,480
Johnston2024_TrpB3G,random,20261010,0.444085199,0.9980991002407806,480
Johnston2024_TrpB3G,de_greedy,20261010,0.076839389,0.985806615131162,127
Johnston2024_TrpB3G,rf_greedy,20261011,1.0,1.0,480
Johnston2024_TrpB3G,rf_ucb,20261011,1.0,1.0,480
Johnston2024_TrpB3G,random,20261011,0.635330708,0.9993663667469268,480
Johnston2024_TrpB3G,de_greedy,20261011,0.049368718,0.969965783804334,94
Johnston2024_TrpB3G,rf_greedy,20261012,1.0,1.0,480
Johnston2024_TrpB3G,rf_ucb,20261012,1.0,1.0,480
Johnston2024_TrpB3G,random,20261012,0.73916059,0.9997465466987708,480
Johnston2024_TrpB3G,de_greedy,20261012,0.052196556,0.9722468635153972,58
Johnston2024_TrpB3G,rf_greedy,20261013,1.0,1.0,480
Johnston2024_TrpB3G,rf_ucb,20261013,1.0,1.0,480
Johnston2024_TrpB3G,random,20261013,0.444085199,0.9980991002407806,480
Johnston2024_TrpB3G,de_greedy,20261013,0.07541368,0.985172981878089,89
Johnston2024_TrpB3H,rf_greedy,20261004,1.0,1.0,480
Johnston2024_TrpB3H,rf_ucb,20261004,1.0,1.0,480
Johnston2024_TrpB3H,random,20261004,0.155070094,0.9985743908761016,480
Johnston2024_TrpB3H,de_greedy,20261004,0.019901859,0.9628045619491964,96
Johnston2024_TrpB3H,rf_greedy,20261005,0.074269037,0.9974079834110938,480
Johnston2024_TrpB3H,rf_ucb,20261005,0.074269037,0.9974079834110938,480
Johnston2024_TrpB3H,random,20261005,0.046850689,0.99364955935718,480
Johnston2024_TrpB3H,de_greedy,20261005,0.042827136,0.992871954380508,93
Johnston2024_TrpB3H,rf_greedy,20261006,0.092885035,0.9981855883877656,480
Johnston2024_TrpB3H,rf_ucb,20261006,0.092885035,0.9981855883877656,480
Johnston2024_TrpB3H,random,20261006,0.155070094,0.9985743908761016,480
Johnston2024_TrpB3H,de_greedy,20261006,0.058002424,0.996241575946086,96
Johnston2024_TrpB3H,rf_greedy,20261007,1.0,1.0,480
Johnston2024_TrpB3H,rf_ucb,20261007,1.0,1.0,480
Johnston2024_TrpB3H,random,20261007,0.206630032,0.9989631933644376,480
Johnston2024_TrpB3H,de_greedy,20261007,0.035787201,0.9885951270088128,129
Johnston2024_TrpB3H,rf_greedy,20261008,1.0,1.0,480
Johnston2024_TrpB3H,rf_ucb,20261008,1.0,1.0,480
Johnston2024_TrpB3H,random,20261008,0.56078501,0.999611197511664,480
Johnston2024_TrpB3H,de_greedy,20261008,0.030309876,0.9830222913426646,96
Johnston2024_TrpB3H,rf_greedy,20261009,0.083442821,0.9977967858994298,480
Johnston2024_TrpB3H,rf_ucb,20261009,1.0,1.0,480
Johnston2024_TrpB3H,random,20261009,0.241947995,0.9990927941938827,480
Johnston2024_TrpB3H,de_greedy,20261009,0.041154197,0.9919647485743908,168
Johnston2024_TrpB3H,rf_greedy,20261010,1.0,1.0,480
Johnston2024_TrpB3H,rf_ucb,20261010,1.0,1.0,480
Johnston2024_TrpB3H,random,20261010,1.0,1.0,480
Johnston2024_TrpB3H,de_greedy,20261010,0.058690689,0.9963711767755312,130
Johnston2024_TrpB3H,rf_greedy,20261011,0.091744076,0.9980559875583204,480
Johnston2024_TrpB3H,rf_ucb,20261011,1.0,1.0,480
Johnston2024_TrpB3H,random,20261011,0.083442821,0.9977967858994298,480
Johnston2024_TrpB3H,de_greedy,20261011,0.034064797,0.9874287195438052,94
Johnston2024_TrpB3H,rf_greedy,20261012,1.0,1.0,480
Johnston2024_TrpB3H,rf_ucb,20261012,1.0,1.0,480
Johnston2024_TrpB3H,random,20261012,0.067308306,0.997019180922758,480
Johnston2024_TrpB3H,de_greedy,20261012,0.015214786,0.9450492483151892,96
Johnston2024_TrpB3H,rf_greedy,20261013,0.047798452,0.9939087610160704,480
Johnston2024_TrpB3H,rf_ucb,20261013,1.0,1.0,480
Johnston2024_TrpB3H,random,20261013,0.829639054,0.9997407983411094,480
Johnston2024_TrpB3H,de_greedy,20261013,0.067308306,0.997019180922758,166
Johnston2024_TrpB3I,rf_greedy,20261004,1.0,1.0,480
Johnston2024_TrpB3I,rf_ucb,20261004,1.0,1.0,480
Johnston2024_TrpB3I,random,20261004,0.990793318,0.999743062692703,480
Johnston2024_TrpB3I,de_greedy,20261004,1.0,1.0,170
Johnston2024_TrpB3I,rf_greedy,20261005,1.0,1.0,480
Johnston2024_TrpB3I,rf_ucb,20261005,1.0,1.0,480
Johnston2024_TrpB3I,random,20261005,0.723331644,0.9961459403905447,480
Johnston2024_TrpB3I,de_greedy,20261005,0.262646756,0.9234326824254881,85
Johnston2024_TrpB3I,rf_greedy,20261006,1.0,1.0,480
Johnston2024_TrpB3I,rf_ucb,20261006,1.0,1.0,480
Johnston2024_TrpB3I,random,20261006,0.845386368,0.9985868448098664,480
Johnston2024_TrpB3I,de_greedy,20261006,1.0,1.0,169
Johnston2024_TrpB3I,rf_greedy,20261007,1.0,1.0,480
Johnston2024_TrpB3I,rf_ucb,20261007,1.0,1.0,480
Johnston2024_TrpB3I,random,20261007,0.814130355,0.9978160328879754,480
Johnston2024_TrpB3I,de_greedy,20261007,1.0,1.0,170
Johnston2024_TrpB3I,rf_greedy,20261008,1.0,1.0,480
Johnston2024_TrpB3I,rf_ucb,20261008,1.0,1.0,480
Johnston2024_TrpB3I,random,20261008,0.814130355,0.9978160328879754,480
Johnston2024_TrpB3I,de_greedy,20261008,1.0,1.0,242
Johnston2024_TrpB3I,rf_greedy,20261009,1.0,1.0,480
Johnston2024_TrpB3I,rf_ucb,20261009,1.0,1.0,480
Johnston2024_TrpB3I,random,20261009,0.90425929,0.998972250770812,480
Johnston2024_TrpB3I,de_greedy,20261009,1.0,1.0,237
Johnston2024_TrpB3I,rf_greedy,20261010,1.0,1.0,480
Johnston2024_TrpB3I,rf_ucb,20261010,1.0,1.0,480
Johnston2024_TrpB3I,random,20261010,0.830723705,0.9984583761562179,480
Johnston2024_TrpB3I,de_greedy,20261010,1.0,1.0,128
Johnston2024_TrpB3I,rf_greedy,20261011,1.0,1.0,480
Johnston2024_TrpB3I,rf_ucb,20261011,1.0,1.0,480
Johnston2024_TrpB3I,random,20261011,0.964203726,0.9993576567317575,480
Johnston2024_TrpB3I,de_greedy,20261011,1.0,1.0,239
Johnston2024_TrpB3I,rf_greedy,20261012,1.0,1.0,480
Johnston2024_TrpB3I,rf_ucb,20261012,1.0,1.0,480
Johnston2024_TrpB3I,random,20261012,0.96674109,0.9996145940390545,480
Johnston2024_TrpB3I,de_greedy,20261012,1.0,1.0,132
Johnston2024_TrpB3I,rf_greedy,20261013,1.0,1.0,480
Johnston2024_TrpB3I,rf_ucb,20261013,1.0,1.0,480
Johnston2024_TrpB3I,random,20261013,1.0,1.0,480
Johnston2024_TrpB3I,de_greedy,20261013,1.0,1.0,241
