order,sequence,fitness,fitness_high_ci,fitness_low_ci
1,0000000010,0.00052982714554588,0.000348784309919082,0.000845073313199595
2,0000000011,-0.000332762710940878,-0.000748030377062331,-0.000122914735539016
1,0000000100,0.0150019818007462,0.0147158109906688,0.0154630235836906
2,0000000101,-0.00155905720706402,-0.00188759337581555,-0.0013358670610487
2,0000000110,0.0,0.0,0.00032388156696727
3,0000000111,0.0,0.0,0.000166232609324331
1,0000001000,-0.00051828591344708,-0.000870808243691346,-0.000313781699511706
2,0000001001,-0.00134734223801339,-0.00163224334977738,-0.00111187308015468
2,0000001010,0.0,0.0,0.000209890212485836
3,0000001011,0.0,0.0,0.000301406794100524
2,0000001100,0.0,-1.89769767115551e-05,0.000153424263333911
3,0000001101,0.0,0.0,0.000411547449371725
3,0000001110,0.0,-3.96333538119994e-05,0.000129642544362308
4,0000001111,0.0,0.0,0.000272810507666578
1,0000010000,0.000456482435460617,0.00025200846363162,0.000777457847643805
2,0000010001,-0.00230734019921428,-0.00269151799665275,-0.00201815580837482
2,0000010010,0.0,-8.86795341196718e-06,9.49817942179386e-05
3,0000010011,-4.16547958644887e-05,-0.000348778673682219,0.0
2,0000010100,-0.00132531803227963,-0.00173200525556562,-0.00111394778626713
3,0000010101,9.2014893713896e-05,0.0,0.000525341880741926
3,0000010110,0.0,-1.67222337572486e-05,8.84496050851324e-05
4,0000010111,0.0,-0.000143290531777939,0.0
2,0000011000,-0.00256048721701353,-0.0029467347274542,-0.00231438987543433
3,0000011001,7.25129914177238e-05,0.0,0.00050111660255256
3,0000011010,0.0,-8.70919344826042e-05,5.1322895159555e-05
4,0000011011,0.0,0.0,0.000129769814322834
3,0000011100,0.0,-4.97634367326704e-05,0.000175238469860542
4,0000011101,2.80752128927601e-05,0.0,0.000470604466180221
4,0000011110,0.0,-4.72574801594516e-05,3.89499945193191e-05
5,0000011111,0.0,-7.06924904992842e-05,6.15317419757747e-05
1,0000100000,0.00116544793285549,0.000939742921095105,0.00156082207729999
2,0000100001,0.0,0.0,0.000178957017710355
2,0000100010,0.0,-0.000147484787061669,0.0
3,0000100011,0.000103614458232496,0.0,0.000460850320174247
2,0000100100,0.00142495679526045,0.00113803217677997,0.00181940777742464
3,0000100101,0.0,-0.000284784825536522,0.0
3,0000100110,0.0,-0.000141733657940916,0.0
4,0000100111,0.0,-2.19128706729675e-05,9.63690370692561e-05
2,0000101000,-0.0006034958929548,-0.000962228478298084,-0.000401426101213063
3,0000101001,0.0,-0.000285805706596038,0.0
3,0000101010,0.0,0.0,0.00026023127402368
4,0000101011,0.0,-0.000189646640609188,0.0
3,0000101100,0.0,-0.000199703728918572,1.88972146907963e-05
4,0000101101,-8.13017741414197e-05,-0.000448635275238382,0.0
4,0000101110,7.75848662888158e-05,0.0,0.000391814144044471
5,0000101111,0.0,0.0,0.000162868697611057
2,0000110000,0.0,0.0,0.000328504299620518
3,0000110001,0.0,0.0,0.000296603510514112
3,0000110010,0.0,-0.000116845259573916,2.14567583105785e-05
4,0000110011,0.0,0.0,0.000208688682554247
3,0000110100,0.0,-0.000106945763532464,5.0239528330173e-05
4,0000110101,0.0,0.0,0.000328836516410198
4,0000110110,0.0,-0.000331354480114607,0.0
5,0000110111,0.0,-0.000126683042325614,4.66747730593775e-06
3,0000111000,0.0,0.0,0.000298493879823956
4,0000111001,0.0,-1.00881797712548e-05,0.00016248129677648
4,0000111010,0.0,-0.000155088455786597,0.0
5,0000111011,-3.08732633488424e-05,-0.000323380928991829,0.0
4,0000111100,0.0,-1.9752466383919e-05,0.00012926969658806
5,0000111101,0.0,-3.89621191173003e-05,0.000134347067874585
5,0000111110,0.0,-2.27335917023727e-05,9.05441326638189e-05
6,0000111111,0.0,-0.000137496517034897,6.88508072795913e-05
1,0001000000,0.0,-0.000140630654794664,3.25398688483332e-05
2,0001000001,-0.000219635020390775,-0.000545402385162185,-1.48634632940546e-05
2,0001000010,0.0,0.0,0.00029558169569748
3,0001000011,0.0,-0.000105119445165264,1.4883363821114e-05
2,0001000100,0.0,-0.000167004786407166,0.0
3,0001000101,0.0,-0.000129333976052096,7.84131537294625e-05
3,0001000110,0.0,0.0,0.000143335772454846
4,0001000111,0.0,-0.000284400169758835,0.0
2,0001001000,-0.000185254905581839,-0.000579859928158971,-9.44994615557558e-06
3,0001001001,0.0,-4.5388037985834e-06,0.000127534845117628
3,0001001010,0.0,-0.00010216734132227,2.22125680282864e-05
4,0001001011,0.0,-0.0001511737949864,1.8684379776183e-06
3,0001001100,0.0,0.0,0.000190488627010684
4,0001001101,-0.000149013176188437,-0.000476149108231609,0.0
4,0001001110,0.0,0.0,0.000162603011462962
5,0001001111,0.0,0.0,0.000253239816532701
2,0001010000,0.0,-0.000201219778044126,0.0
3,0001010001,0.0,0.0,0.000125675081992113
3,0001010010,0.0,0.0,0.000154315144132232
4,0001010011,0.0,-0.000252100882330005,0.0
3,0001010100,2.86192681804047e-05,0.0,0.000360767211919103
4,0001010101,0.0,0.0,0.000266504803226889
4,0001010110,-6.47053988707073e-05,-0.000385518107758352,0.0
5,0001010111,0.0,-8.97112738659308e-05,4.70073825077068e-05
3,0001011000,0.0,0.0,0.000151206529281106
4,0001011001,0.0,-4.17542723190728e-05,8.00102731133128e-05
4,0001011010,0.0,-0.000272399774556031,0.0
5,0001011011,0.0,-6.44102567514374e-05,8.55770895327395e-06
4,0001011100,0.0,-0.000221203462666529,0.0
5,0001011101,0.0,0.0,0.000228412785707068
5,0001011110,0.0,-1.66949683939938e-05,9.57384562851973e-05
6,0001011111,0.0,-0.000164628019002629,0.0
2,0001100000,0.0,-0.000172105928053154,0.0
3,0001100001,0.0,-3.70340346751474e-05,0.000112587914477774
3,0001100010,0.0,-0.000188099879782868,0.0
4,0001100011,0.0,-7.53703285511705e-05,3.25666684047511e-05
3,0001100100,0.0,-0.000298970595329031,0.0
4,0001100101,0.0,-0.00025374501851182097,0.0
4,0001100110,0.0,0.0,0.000134907941573472
5,0001100111,0.0,0.0,0.000273165354027402
3,0001101000,0.0,-8.11187457298158e-05,0.000141407899321559
4,0001101001,0.0,-1.98958260705846e-05,0.000118729631757483
4,0001101010,0.0,0.0,0.000232072847691863
5,0001101011,0.0,0.0,0.000153290784410658
4,0001101100,0.0,-0.000258282182384976,0.0
5,0001101101,0.0,-9.98240337618773e-05,7.20662924193862e-05
5,0001101110,0.0,-0.000195186125348647,0.0
6,0001101111,0.0,-9.43158122628464e-05,4.69131476764779e-05
3,0001110000,0.0,-9.01629622766901e-05,3.23881715164136e-05
4,0001110001,1.96576823906817e-05,0.0,0.000298150091575781
4,0001110010,0.0,-0.000140504703124035,7.81034375134209e-07
5,0001110011,0.0,-0.000191313423417958,0.0
4,0001110100,0.0,0.0,0.000146292751608701
5,0001110101,0.0,-0.000289351637504809,0.0
5,0001110110,0.0,-0.000104242523391666,0.0
6,0001110111,0.0,-0.000129760358532649,1.42003670136983e-05
4,0001111000,0.0,0.0,0.000301012665352573
5,0001111001,0.0,-0.000112797655872244,5.98609306650556e-05
5,0001111010,0.0,-1.46502595718546e-05,9.59886339840364e-05
6,0001111011,0.0,-0.000226905099755927,0.0
5,0001111100,0.0,-0.000146218266559413,2.69470517876984e-05
6,0001111101,0.0,0.0,0.000202502425633052
6,0001111110,0.0,-0.000218169907201669,0.0
7,0001111111,0.0,0.0,0.000159411519279787
1,0010000000,-0.00426680619747188,-0.00464102974294735,-0.00404358820346197
2,0010000001,0.00219381728865721,0.00190458081903456,0.0025930504481128
2,0010000010,0.0,-6.60172213035671e-05,6.31750140968708e-05
3,0010000011,0.0,0.0,0.000107624676439736
2,0010000100,0.00394476142949069,0.00369732663285695,0.00439391295913334
3,0010000101,-0.000248860214412074,-0.000605144137247076,-2.08383967853222e-05
3,0010000110,0.0,0.0,0.000356699907899062
4,0010000111,0.0,-0.000209100692808585,0.0
2,0010001000,0.000648462866150354,0.000378048769004866,0.00101548454571858
3,0010001001,-0.000595842786272361,-0.000928702943080491,-0.000382357674956042
3,0010001010,0.0,-0.000106323859651985,6.42752194638205e-05
4,0010001011,0.0,0.0,0.000246112997206553
3,0010001100,5.46053861060161e-05,0.0,0.000446295012584608
4,0010001101,0.0,-0.000229402695630198,1.74492199117308e-05
4,0010001110,0.0,-0.000115856938791784,3.73013925803709e-05
5,0010001111,0.0,0.0,0.000265236392844512
2,0010010000,0.00348107128944335,0.00322995132873047,0.00382093894143544
3,0010010001,-0.000578943533552938,-0.00102462708936655,-0.000344566989757317
3,0010010010,0.0,-8.13936044846399e-05,3.8783117340158e-05
4,0010010011,-0.000106709198166387,-0.00047373539763463,0.0
3,0010010100,0.000261193405607075,1.79519331732022e-05,0.000560932892462049
4,0010010101,0.0,-0.000100100508900133,8.21465078454887e-05
4,0010010110,0.0,0.0,0.000131729694274465
5,0010010111,0.0,-0.000150656260826606,1.95903734655451e-06
3,0010011000,0.0,-0.000353867395265276,0.0
4,0010011001,0.0,-0.00017698496925858,0.0
4,0010011010,0.0,0.0,0.000240757255027137
5,0010011011,0.0,0.0,0.000155116193147934
4,0010011100,0.0,-5.62161149947708e-05,0.000150682880834022
5,0010011101,0.000389432653538239,0.000173692262014835,0.000744502384031645
5,0010011110,0.0,-0.00029665632121057,0.0
6,0010011111,0.0,-0.00014518540774749,2.91152002647189e-05
2,0010100000,0.00114249459653052,0.000937487358688272,0.00155700004316616
3,0010100001,0.0,0.0,0.000214232989973392
3,0010100010,0.0,0.0,0.000318793405497899
4,0010100011,0.0,-9.0245844812775e-05,6.01279808707559e-05
3,0010100100,0.000679272380296285,0.000424814588830924,0.00103541513265908
4,0010100101,0.0,-0.000267061235420074,0.0
4,0010100110,0.0,-8.5313868113233e-05,1.02843568710774e-05
5,0010100111,1.21869957758147e-05,0.0,0.000370405754884497
3,0010101000,0.0,-0.000161602416257907,2.04573673596588e-05
4,0010101001,0.0,-0.000130949460686335,8.72369589347738e-05
4,0010101010,0.0,0.0,0.000209851620230131
5,0010101011,0.0,0.0,0.000257442480823462
4,0010101100,0.0,-0.000248062607822547,0.0
5,0010101101,-1.6353547861189e-05,-0.000399395264352034,0.0
5,0010101110,0.0,0.0,0.000293276535604338
6,0010101111,0.0,-0.000127198945565134,5.45506457027363e-06
3,0010110000,0.0,0.0,0.000174782867302636
4,0010110001,0.0,0.0,0.000231131139421851
4,0010110010,0.0,-0.000211769768621753,0.0
5,0010110011,0.0,0.0,0.000203135702330323
4,0010110100,0.0,-0.00011741594293047,4.4910748938214e-06
5,0010110101,0.0,0.0,0.000273737134305831
5,0010110110,0.0,-0.000338920772787244,0.0
6,0010110111,0.0,-4.77504451265254e-05,9.89742727097253e-05
4,0010111000,0.0,0.0,0.000205467275608226
5,0010111001,0.0,0.0,0.000271389591983154
5,0010111010,0.0,-0.000273473334215574,0.0
6,0010111011,0.0,-0.000230431510845814,0.0
5,0010111100,0.0,-0.000103622186941259,0.000111509578139829
6,0010111101,0.0,-0.000166243567653046,0.0
6,0010111110,0.0,-6.85468339797669e-05,7.59710658090657e-05
7,0010111111,0.0,-0.000104304167807551,2.78172477065395e-05
2,0011000000,0.0,0.0,0.000244528088837095
3,0011000001,-7.11124562035215e-05,-0.000401544246808695,0.0
3,0011000010,0.000174847338813302,0.0,0.000488614635154778
4,0011000011,0.0,0.0,0.000142443436586599
3,0011000100,0.0,-0.000282968133589032,0.0
4,0011000101,0.0,0.0,0.000179739753539053
4,0011000110,0.0,0.0,0.000319372575412113
5,0011000111,0.0,-0.000196131931086085,0.0
3,0011001000,-0.00025339321530362,-0.000605502176358834,-9.04466943200221e-05
4,0011001001,0.0,0.0,0.00017470920270589
4,0011001010,0.0,-0.000246428050672984,0.0
5,0011001011,0.0,0.0,0.000223393773276165
4,0011001100,0.0,0.0,0.000265287638569639
5,0011001101,0.0,-0.000330329539020093,0.0
5,0011001110,0.0,-9.14565126615779e-05,2.25673905392077e-05
6,0011001111,0.0,0.0,0.000332642699542105
3,0011010000,0.0,0.0,0.000112054707474891
4,0011010001,0.0,-0.00011925906218531,2.37375735063938e-05
4,0011010010,0.0,-4.56809040689263e-05,0.000100974125737289
5,0011010011,0.0,-0.00016418708130294,0.0
4,0011010100,4.78435189898431e-05,0.0,0.00043306298591341
5,0011010101,0.0,0.0,0.000193888464260397
5,0011010110,0.0,-0.000150514897967493,0.0
6,0011010111,0.0,-0.000251028807782482,0.0
4,0011011000,4.25508878753945e-06,0.0,0.000374189011283689
5,0011011001,0.0,-2.28512487151404e-05,0.00012807027616551
5,0011011010,0.0,-0.000235267283193531,0.0
6,0011011011,0.0,-0.000271891989161166,0.0
5,0011011100,0.0,-0.000251292873438132,0.0
6,0011011101,0.0,0.0,0.000262179666025922
6,0011011110,0.0,-7.5799515324759e-05,4.41830724734123e-05
7,0011011111,0.0,-4.78971066376048e-05,6.41886923876916e-05
3,0011100000,0.0,-9.67400694377383e-05,6.77275407945393e-05
4,0011100001,0.0,-5.47518967977499e-05,0.000122366825160943
4,0011100010,-1.72120796453567e-05,-0.000351228037333449,0.0
5,0011100011,0.0,-2.42318136210373e-05,0.000114440247472879
4,0011100100,-2.14597733958562e-05,-0.000365250566756661,0.0
5,0011100101,-2.2268262445676e-06,-0.000334784519400101,0.0
5,0011100110,0.0,0.0,0.000138627714348766
6,0011100111,0.0,0.0,0.000264712967068397
4,0011101000,0.0,-6.92575766869582e-05,7.06470830457492e-05
5,0011101001,0.0,-5.09385989571481e-05,8.13792053798754e-05
5,0011101010,2.86211742643968e-05,0.0,0.000355737728061412
6,0011101011,0.0,-0.000106897538869732,3.2686863525446e-05
5,0011101100,0.0,-5.80760336728611e-05,0.000134690877251424
6,0011101101,-0.000135826740399564,-0.000493057666590513,0.0
6,0011101110,0.0,-6.18607512291924e-05,6.1252565168018e-05
7,0011101111,0.0,0.0,0.000159716597069846
4,0011110000,0.0,-3.69316695083302e-05,0.000184438819223686
5,0011110001,0.000112967759739509,0.0,0.000419275342855568
5,0011110010,0.0,-0.000146913258698604,0.0
6,0011110011,0.0,-0.000222381095805435,0.0
5,0011110100,0.0,-0.000120713394886057,2.68981431121998e-05
6,0011110101,0.0,-0.000281579515304224,0.0
6,0011110110,0.0,-0.000227833207885668,0.0
7,0011110111,0.0,0.0,0.000131828742255774
5,0011111000,0.0,-2.08678406917517e-05,0.000110660314459865
6,0011111001,0.0,-8.18394677907606e-05,9.98055543205375e-06
6,0011111010,0.0,-6.61489558943281e-05,8.36942970582557e-05
7,0011111011,0.0,0.0,0.000178997423957006
6,0011111100,0.0,-5.905523353451e-05,5.58137014931032e-05
7,0011111101,0.0,0.0,0.0002585068049258
7,0011111110,0.0,-9.39991900812281e-05,4.5476659983785e-05
8,0011111111,0.0,-1.85834730254676e-05,9.31217569242402e-05
1,0100000000,0.00087007306232074,0.000627101729606427,0.00125736297460144
2,0100000001,0.0,0.0,0.000312964443504659
2,0100000010,0.0,-0.000113192366455183,2.53120180717172e-05
3,0100000011,0.0,0.0,0.000272244348892502
2,0100000100,0.0,-7.12738072358292e-05,8.16681737684401e-05
3,0100000101,0.0,-0.000178048265929626,8.34776729421923e-06
3,0100000110,3.48808521133273e-05,0.0,0.000348231336696042
4,0100000111,0.0,0.0,0.000314494479790018
2,0100001000,0.0,-9.89603528950735e-05,7.42671097082414e-05
3,0100001001,-1.94386700706961e-05,-0.000344843668046064,0.0
3,0100001010,0.0,0.0,0.000273935095917979
4,0100001011,0.0,-3.80898344922035e-05,7.47339904126841e-05
3,0100001100,0.0,-0.000301234577587003,0.0
4,0100001101,-8.6182112899785e-05,-0.000488878263005762,0.0
4,0100001110,0.0,0.0,0.000269662566587532
5,0100001111,0.0,-0.000265096644527479,0.0
2,0100010000,0.0,-0.00019492140594568,0.0
3,0100010001,1.85757929847795e-05,0.0,0.000377383464146836
3,0100010010,-1.11581429221771e-05,-0.000331509295105063,0.0
4,0100010011,0.0,0.0,0.000257879032735753
3,0100010100,0.0,-6.12467616708541e-06,0.000124764082322908
4,0100010101,0.0,-9.91420890822659e-06,0.000160614567582773
4,0100010110,0.0,-3.15759287982485e-05,0.000114120257975266
5,0100010111,0.0,-2.49878423162699e-05,0.000132291189970396
3,0100011000,4.63045317954769e-06,0.0,0.000338482494465243
4,0100011001,0.0,-0.000174445280399533,0.0
4,0100011010,0.0,-7.33431969815654e-05,0.000110931777505582
5,0100011011,-7.13041619109549e-06,-0.000315017106483581,0.0
4,0100011100,0.0,-0.000246753115532653,0.0
5,0100011101,0.0,0.0,0.000208406956529509
5,0100011110,0.0,-0.000164535000596766,0.0
6,0100011111,0.0,-0.000241972780854383,0.0
2,0100100000,-0.000386567496985418,-0.000733319573789212,-0.000198660478437114
3,0100100001,-8.54538701420608e-05,-0.000426416936673813,0.0
3,0100100010,0.0,0.0,0.000250507498739586
4,0100100011,0.0,-7.18185904618378e-05,4.36328050161037e-05
3,0100100100,0.0,0.0,0.000197627243611626
4,0100100101,0.0,-0.000131354095456386,0.0
4,0100100110,0.0,-0.000110314090029215,6.79788120582778e-05
5,0100100111,0.0,-2.03549465317822e-07,9.34259692416024e-05
3,0100101000,0.0,-0.000258846687312459,0.0
4,0100101001,0.0,0.0,0.000171170397200062
4,0100101010,0.0,-4.49751370750918e-05,0.000105116964975705
5,0100101011,0.0,0.0,0.000163522461256367
4,0100101100,0.0,0.0,0.000236327378074195
5,0100101101,0.0,0.0,0.000333234273558263
5,0100101110,0.0,0.0,0.000184813912820688
6,0100101111,0.0,0.0,0.000224754796610716
3,0100110000,0.0,0.0,0.000278110293415247
4,0100110001,0.0,-0.000172877829195667,1.75511431891521e-05
4,0100110010,0.0,-3.13578053466181e-05,0.000100606472773147
5,0100110011,0.0,-0.000276333393943094,0.0
4,0100110100,0.0,0.0,0.000210457758095538
5,0100110101,0.0,0.0,0.000198426582692922
5,0100110110,0.0,-0.00015973897550041,0.0
6,0100110111,0.0,-0.00035162361619106,0.0
4,0100111000,0.0,0.0,0.00018898600054212
5,0100111001,0.0,0.0,0.000180727186780549
5,0100111010,0.0,-0.000141311581492689,1.59803172402075e-05
6,0100111011,0.0,-8.23760187819578e-05,9.63978085385145e-05
5,0100111100,0.0,-7.88737168394147e-07,0.000107357480043463
6,0100111101,0.0,0.0,0.000267187966889523
6,0100111110,0.0,-6.0541950772637e-05,3.11166044587361e-05
7,0100111111,0.0,-0.000105929760929965,5.33469927988287e-05
2,0101000000,0.0,-0.000144605390292907,0.0
3,0101000001,0.0,-0.000253450127638947,0.0
3,0101000010,0.0,0.0,0.000181280042101073
4,0101000011,0.0,0.0,0.000348189095361304
3,0101000100,0.0,-9.14021344414723e-05,5.12617005982678e-05
4,0101000101,0.0,-4.54472171181658e-05,9.04335995408461e-05
4,0101000110,0.0,0.0,8.20247625873798e-05
5,0101000111,0.0,-0.000121208636420938,0.0
3,0101001000,0.0,0.0,0.000256486031677156
4,0101001001,0.0,0.0,0.000232985292005151
4,0101001010,0.0,-2.25635062883537e-05,0.000138707317149969
5,0101001011,0.0,0.0,0.000166460619594345
4,0101001100,-4.20237412035685e-05,-0.000345863610893044,0.0
5,0101001101,0.0,-0.000297346059761932,0.0
5,0101001110,0.0,-0.000104242401564916,0.0
6,0101001111,0.0,0.0,0.000235036847258683
3,0101010000,0.0,-9.33078465588935e-05,4.19708955605724e-05
4,0101010001,0.0,0.0,0.00024196462624436
4,0101010010,0.0,-0.000230702306891419,0.0
5,0101010011,0.0,-0.000130471868377855,3.76317661259885e-05
4,0101010100,0.0,-0.000234308903714753,0.0
5,0101010101,0.0,-0.000188032980653243,0.0
5,0101010110,0.0,-0.000201701575876322,0.0
6,0101010111,-1.42331795429049e-05,-0.000302884011190578,0.0
4,0101011000,0.0,0.0,0.000268450240483519
5,0101011001,0.0,0.0,0.000194351388611159
5,0101011010,-3.78255650599097e-05,-0.000384308097987615,0.0
6,0101011011,0.0,-3.60548065017567e-05,9.70792973557637e-05
5,0101011100,-2.44565180199328e-05,-0.000387039488163268,0.0
6,0101011101,0.0,0.0,0.000268646269891139
6,0101011110,0.0,-0.000231070392549689,0.0
7,0101011111,0.0,0.0,0.000167195506145699
3,0101100000,0.0,0.0,0.000268613600792198
4,0101100001,0.0,-0.000198701174965393,0.0
4,0101100010,0.0,-0.000160593228674251,0.0
5,0101100011,0.0,-0.000111633157143846,1.08084395086908e-05
4,0101100100,0.0,-0.000275268878986653,0.0
5,0101100101,0.0,-0.000191332952104375,0.0
5,0101100110,3.69466987721476e-05,0.0,0.000369697273970394
6,0101100111,0.0,0.0,0.000197625325516339
4,0101101000,-5.43000986627118e-06,-0.000339293744571314,0.0
5,0101101001,-8.68689354418845e-05,-0.00040582722639789,0.0
5,0101101010,0.0,0.0,0.000211670185259907
6,0101101011,0.0,0.0,0.000198587878855512
5,0101101100,0.0,0.0,0.000234797700360796
6,0101101101,0.0,0.0,8.19933955359702e-05
6,0101101110,0.0,-0.000195542889779454,0.0
7,0101101111,0.0,0.0,0.000139893782497897
4,0101110000,0.0,0.0,0.000206351261723036
5,0101110001,0.0,-5.52765510703731e-06,0.000110130855584922
5,0101110010,0.0,-0.000147081302871591,1.63757907788291e-05
6,0101110011,0.0,-0.000213617429355109,0.0
5,0101110100,0.0,0.0,0.000295533494387776
6,0101110101,0.0,0.0,0.000271478741342944
6,0101110110,0.0,-0.000188213256030844,0.0
7,0101110111,0.0,0.0,0.000202884240778861
5,0101111000,0.0,0.0,0.000146598371802038
6,0101111001,0.0,-0.000354222466621787,0.0
6,0101111010,0.0,-0.000144084899043732,0.0
7,0101111011,0.0,-9.29038450419425e-05,8.12980210402861e-05
6,0101111100,4.44625568252576e-05,0.0,0.00038652530588634
7,0101111101,0.0,0.0,0.000271344504863248
7,0101111110,0.0,-4.84059425735446e-05,0.000104491107016372
8,0101111111,0.0,-0.000254072197031149,0.0
2,0110000000,0.000999189037457559,0.000769859251217574,0.001378220238084
3,0110000001,0.0,-9.31842713246822e-05,7.66446430810487e-05
3,0110000010,0.0,0.0,0.000224314822895574
4,0110000011,0.0,0.0,0.000159130568650504
3,0110000100,-3.95025039716269e-05,-0.000452536693223768,0.0
4,0110000101,0.0,-0.000101244705824461,9.19136887435044e-05
4,0110000110,0.0,-9.16874873529015e-05,4.79767699879329e-05
5,0110000111,0.0,0.0,0.000311659714307798
3,0110001000,0.0,-0.000174067909520907,0.0
4,0110001001,0.0,0.0,0.000212768949784887
4,0110001010,0.0,0.0,0.00022921333680755
5,0110001011,0.0,0.0,0.000297635453226065
4,0110001100,0.0,-0.000283453094186454,0.0
5,0110001101,0.0,-0.000173768739024143,0.0
5,0110001110,0.0,0.0,0.00019034321714046
6,0110001111,0.0,-0.000215069274314695,0.0
3,0110010000,0.0,-6.08391963715404e-06,0.000155326248970677
4,0110010001,7.19273256731341e-05,0.0,0.000412326659551994
4,0110010010,0.0,-0.000198149619287665,0.0
5,0110010011,0.0,-0.00016400602675669,3.88267309864733e-05
4,0110010100,0.0,-4.23241833190821e-07,0.000143046009659954
5,0110010101,0.0,-0.000304479698710161,0.0
5,0110010110,0.0,-0.000115401482414074,3.17105938976574e-05
6,0110010111,0.0,-0.000209569755681576,0.0
4,0110011000,0.0,0.0,0.000320216946285769
5,0110011001,0.0,-0.000124001072276466,9.10232806535291e-05
5,0110011010,0.0,-2.99410111863664e-05,0.000111911378883283
6,0110011011,0.0,-0.000193099469123597,0.0
5,0110011100,0.0,-5.00824388646301e-05,8.32162390343439e-05
6,0110011101,0.0,0.0,0.000353355301329723
6,0110011110,-5.80899597277823e-05,-0.000417802277863658,0.0
7,0110011111,0.0,-0.000183706463496896,0.0
3,0110100000,-8.23509021067899e-05,-0.00040959781483365,0.0
4,0110100001,0.0,-0.000305715779530775,0.0
4,0110100010,0.0,-3.9027606712571e-05,0.000101611586205702
5,0110100011,0.0,-0.000161794229078615,0.0
4,0110100100,0.0,-0.000168594605141779,0.0
5,0110100101,0.0,-0.0001310453929795,3.60221420354714e-05
5,0110100110,0.0,-6.22314383886213e-05,0.000107920400425964
6,0110100111,0.0,-8.23450560259751e-05,5.2318365810062e-05
4,0110101000,0.0,-0.000223273934406859,0.0
5,0110101001,-1.9499790244902e-05,-0.000407437286213581,0.0
5,0110101010,0.0,-6.42904279796947e-05,6.3240778203387e-05
6,0110101011,0.0,0.0,0.000193084064728158
5,0110101100,2.63430160814327e-05,0.0,0.000402462714457036
6,0110101101,0.0,-3.88188958016745e-05,0.000124924561256389
6,0110101110,6.94222509760235e-06,0.0,0.000343040204373168
7,0110101111,0.0,-7.94710734094011e-05,8.25412695361292e-05
4,0110110000,0.0,-8.01646723716588e-05,6.35975593162489e-05
5,0110110001,0.0,-0.000249348865502323,0.0
5,0110110010,0.0,-9.09194669058477e-05,5.6539462857929e-05
6,0110110011,0.0,-0.000121290203628341,4.23258055346375e-05
5,0110110100,0.0,-3.99833523405345e-05,8.03197701593037e-05
6,0110110101,8.16946759719471e-05,0.0,0.000420881980941151
6,0110110110,0.0,-0.000141454461082111,1.9866285964397e-05
7,0110110111,0.0,-0.000329110101353319,0.0
5,0110111000,0.0,0.0,0.000233082877658623
6,0110111001,0.0,0.0,0.000213110658777274
6,0110111010,0.0,-0.000214442975228719,0.0
7,0110111011,0.0,-0.000165038406949472,5.40108124866809e-05
6,0110111100,0.0,-8.78015113457282e-06,0.000116013835169312
7,0110111101,0.0,0.0,0.000214437720436611
7,0110111110,0.0,0.0,0.000204280853855704
8,0110111111,0.0,-0.000164819749398474,0.0
3,0111000000,0.0,-0.0001264511859082,4.31394697160981e-05
4,0111000001,0.0,-0.000169771520245476,0.0
4,0111000010,0.0,-0.000103970665455983,4.62641554930314e-05
5,0111000011,0.0,0.0,0.000276810654373516
4,0111000100,0.0,-0.000104987331883221,9.0707029053396e-05
5,0111000101,0.0,0.0,0.000261736970667411
5,0111000110,0.0,-4.18934376712411e-05,0.000123840600557547
6,0111000111,0.0,0.0,0.000142591169628355
4,0111001000,0.0,-0.000189230681301625,0.0
5,0111001001,3.77939863683933e-05,0.0,0.000387288195351734
5,0111001010,0.0,-0.000124976840456441,2.44788120104943e-06
6,0111001011,0.0,0.0,0.000185632290267907
5,0111001100,0.0,-0.000292880821735827,0.0
6,0111001101,0.0,-0.000157386161113064,0.0
6,0111001110,0.0,-0.000201945011744007,0.0
7,0111001111,0.0,-3.25795028076202e-05,0.000191362698405558
4,0111010000,0.0,-0.000140478772679354,0.0
5,0111010001,9.69770870161901e-05,0.0,0.000437490181338978
5,0111010010,0.0,-0.000102433755927946,3.57127599423733e-05
6,0111010011,0.0,-0.000102045433431304,4.06335860613512e-05
5,0111010100,0.0,-1.5130881648123e-05,0.000139317899929144
6,0111010101,0.0,-3.97970095915585e-05,9.52459511499002e-05
6,0111010110,-8.30063296452524e-05,-0.000409968769962996,0.0
7,0111010111,0.0,-0.000307745166661985,0.0
5,0111011000,3.18474303284846e-05,0.0,0.000393339993098275
6,0111011001,0.0,0.0,0.000240598570087664
6,0111011010,-0.000115635787992211,-0.000411190891512538,0.0
7,0111011011,0.0,-5.04606982227303e-05,6.24229678822838e-05
6,0111011100,0.0,-0.000214978968030481,0.0
7,0111011101,0.0,-1.62624654217172e-05,0.000114013616231614
7,0111011110,0.0,0.0,0.000167496318832127
8,0111011111,0.0,0.0,0.000178643843265285
4,0111100000,0.0,-0.00015310446288387,2.24765980178799e-05
5,0111100001,0.0,-0.000322706394983351,0.0
5,0111100010,0.0,0.0,0.000103956449226911
6,0111100011,0.0,-0.000185885030025578,0.0
5,0111100100,0.0,-9.35691122658893e-05,6.1620778921134e-05
6,0111100101,0.0,-7.67835164791699e-05,4.49266068835135e-05
6,0111100110,0.0,0.0,0.000336052904146822
7,0111100111,0.0,-9.14152212514986e-05,5.95641089868475e-05
5,0111101000,0.0,-0.000149667779607793,0.0
6,0111101001,-0.000129261061666992,-0.000490799829591669,0.0
6,0111101010,0.0,0.0,0.000191053932524329
7,0111101011,0.0,-2.05792025801649e-05,0.000105979564520603
6,0111101100,0.0,-0.000211538791265595,0.0
7,0111101101,0.0,-5.97854792718022e-05,8.48086712818398e-05
7,0111101110,0.0,-5.42720101919392e-05,6.30013398737278e-05
8,0111101111,0.0,-0.000103421138230889,7.77828845284497e-05
5,0111110000,0.0,-0.000186287472672758,0.0
6,0111110001,0.0,0.0,0.000170456759352257
6,0111110010,0.0,-0.000217072528787025,0.0
7,0111110011,0.0,-0.000103899480185733,1.96138956789455e-05
6,0111110100,0.0,-7.29023022952012e-06,0.000136118005650296
7,0111110101,0.0,0.0,0.00016670001290957
7,0111110110,0.0,0.0,0.000154579544952449
8,0111110111,0.0,0.0,0.000121909556568296
6,0111111000,0.0,-2.42212159202499e-05,6.1635531985072e-05
7,0111111001,0.0,-0.000277699882952832,0.0
7,0111111010,0.0,-6.11130447269465e-05,6.66190091202054e-05
8,0111111011,0.0,-3.99441352182911e-06,0.000180644487096666
7,0111111100,0.0,-0.00011366744955825,0.0
8,0111111101,0.000108431323343256,0.0,0.000440003677479032
8,0111111110,0.0,-0.000176892115083425,0.0
9,0111111111,0.0,-0.000231432545506011,0.0
1,1000000000,0.00870472486675689,0.0085605772639217,0.0090663425573908
2,1000000001,0.000206333995837955,1.81549267808857e-05,0.000558258163052312
2,1000000010,0.0,-6.96808908778567e-05,7.85043264114036e-05
3,1000000011,0.0,0.0,0.000132503075227558
2,1000000100,0.0,0.0,0.000291616964853764
3,1000000101,9.85101487860473e-05,0.0,0.000432669298729218
3,1000000110,0.0,-6.4669741306591e-05,5.41927921457055e-05
4,1000000111,0.0,-0.000324655014456829,0.0
2,1000001000,0.000412900446062269,0.000217205223201398,0.000769900111807717
3,1000001001,0.0,0.0,0.000201885105098905
3,1000001010,0.0,-9.24381210795696e-05,2.37834667940846e-05
4,1000001011,0.0,-0.00029610290899755,0.0
3,1000001100,0.0,-0.00012036041017857,8.25603756413359e-05
4,1000001101,0.0,-0.000193441259716437,0.0
4,1000001110,0.0,-0.000101111309294924,7.97916443174063e-05
5,1000001111,0.0,0.0,0.000236570294782935
2,1000010000,0.0,0.0,0.000320732060700618
3,1000010001,0.0,0.0,0.000149697203664294
3,1000010010,0.0,-0.000140406720342964,4.65305535731732e-05
4,1000010011,0.0,0.0,0.000201885629709027
3,1000010100,0.0,0.0,0.00020452737171843
4,1000010101,0.0,-0.000328039010958709,0.0
4,1000010110,0.0,-0.000240348098509506,0.0
5,1000010111,0.0,0.0,0.000240825564695027
3,1000011000,0.0,0.0,0.000130530128204017
4,1000011001,0.0,-0.000115769108421623,2.82432986404309e-05
4,1000011010,0.0,-9.59523319672297e-05,3.80469552548765e-05
5,1000011011,0.0,0.0,0.000203293487480572
4,1000011100,0.0,-5.43274255505187e-05,4.10486215145777e-05
5,1000011101,0.0,-0.000192067364313936,0.0
5,1000011110,8.71941198039197e-06,0.0,0.000334509766581704
6,1000011111,0.0,-4.339356207979e-05,7.0937163671983e-05
2,1000100000,0.000266725752205682,6.43848310199912e-05,0.000584910094557954
3,1000100001,0.0,-2.95951749478864e-05,0.000151993064295818
3,1000100010,0.0,-0.000255421548054947,0.0
4,1000100011,0.0,-4.51659878266227e-05,5.51551912084373e-05
3,1000100100,0.000379809400431793,0.000213193672399393,0.000718161474259708
4,1000100101,0.0,0.0,0.00032751146203959
4,1000100110,0.0,-3.89492569005927e-05,8.97947977469987e-05
5,1000100111,0.0,-9.65983669501735e-05,1.74886168340154e-05
3,1000101000,0.0,-0.000338878670176922,0.0
4,1000101001,0.0,-0.000163346350002356,0.0
4,1000101010,0.0,0.0,0.0001310615939613
5,1000101011,0.0,-0.000144371609473188,3.47622478429166e-05
4,1000101100,0.0,0.0,0.000262764141081364
5,1000101101,0.0,-6.718668081563e-05,0.000114572627058985
5,1000101110,0.0,-0.000247725859224505,0.0
6,1000101111,0.0,-0.00020598798788118,0.0
3,1000110000,0.0,-0.000127234549293149,2.94012322725208e-05
4,1000110001,0.0,-0.000193836165262394,0.0
4,1000110010,4.60772429873297e-05,0.0,0.000376575308754546
5,1000110011,0.0,0.0,0.000248054208348452
4,1000110100,0.0,-0.000141721177366138,0.0
5,1000110101,0.0,-0.000297977286135294,0.0
5,1000110110,0.0,0.0,0.000173485575430246
6,1000110111,0.0,-4.37868747059223e-05,0.000116573773292012
4,1000111000,-2.35380122619393e-05,-0.000327944162067897,0.0
5,1000111001,-1.69185992959365e-05,-0.000328929826505007,0.0
5,1000111010,0.0,-2.74094747790389e-05,8.10507496181094e-05
6,1000111011,0.0,-0.000113841201195087,1.94168867499128e-05
5,1000111100,0.0,-8.31057348521973e-05,2.18258817827491e-05
6,1000111101,0.0,-0.000105368761236985,9.90616809225914e-05
6,1000111110,0.0,0.0,0.000180060031866252
7,1000111111,0.0,-7.10983052389596e-05,2.45657901521975e-05
2,1001000000,0.000147426149192618,0.0,0.000511802834594729
3,1001000001,0.0,0.0,0.000270307789269898
3,1001000010,0.0,-3.57861756114863e-05,9.901067686481e-05
4,1001000011,-1.37232058365234e-05,-0.000305982111672183,0.0
3,1001000100,0.0,-0.000109535105780592,9.3977563305207e-06
4,1001000101,0.0,-0.000183983862900085,0.0
4,1001000110,0.0,-0.000186976351593853,0.0
5,1001000111,0.0,-2.83389898491631e-05,9.6702664383967e-05
3,1001001000,0.0,-0.000133049609325867,0.0
4,1001001001,0.0,-1.29434854090228e-05,0.000174008824253537
4,1001001010,0.0,-0.0001905719106409,0.0
5,1001001011,0.0,0.0,0.000295380012466888
4,1001001100,0.0,-0.000109707507901688,0.000110566814795831
5,1001001101,0.0,0.0,0.000264487443208313
5,1001001110,0.0,-4.66619408313423e-05,0.00011091254275399
6,1001001111,0.0,-0.000202746107628835,0.0
3,1001010000,0.0,0.0,0.000178736621219109
4,1001010001,0.0,-6.35653270612584e-05,9.00459725658777e-05
4,1001010010,0.0,-0.00011055070573437,4.52027191812913e-05
5,1001010011,0.0,-7.48357816829915e-05,5.94834069235466e-05
4,1001010100,0.0,-0.00031873748599592,0.0
5,1001010101,0.0,-0.000123844365171436,4.33089257283202e-05
5,1001010110,4.7459107660127e-05,0.0,0.000386751861609987
6,1001010111,0.0,-4.81310488281292e-05,8.56210478661224e-05
4,1001011000,0.0,-0.000184159149994156,0.0
5,1001011001,0.0,0.0,0.000173433558801541
5,1001011010,0.0,-3.75582586386357e-05,8.60257596480805e-05
6,1001011011,0.0,0.0,0.000333655093648032
5,1001011100,0.0,-0.000116542151233837,1.08298884529136e-05
6,1001011101,0.0,-0.000128331161239409,3.05781807763008e-05
6,1001011110,0.0,-6.65426320952551e-05,7.30467779049085e-05
7,1001011111,0.0,-6.2679678041727e-05,9.85251299615256e-05
3,1001100000,-1.52851491296436e-05,-0.000368194747239829,0.0
4,1001100001,0.0,-0.000164367846907536,4.81160358347348e-05
4,1001100010,0.0,-0.000209546283998142,0.0
5,1001100011,0.0,0.0,0.000234287226408242
4,1001100100,0.0,-4.27404889779072e-05,0.000111225050328432
5,1001100101,0.0,0.0,0.000268761471766561
5,1001100110,0.0,-0.000301764015621913,0.0
6,1001100111,0.0,-0.000170312793276401,0.0
4,1001101000,0.0,0.0,0.000222493921706627
5,1001101001,0.0,-6.27436581936664e-05,0.000129131673867374
5,1001101010,0.0,-0.000309881965577926,0.0
6,1001101011,0.0,-0.000215831638970135,0.0
5,1001101100,0.0,-0.000107850438045765,0.00011934084467236
6,1001101101,0.0,-6.18857268062501e-05,7.92768063874181e-05
6,1001101110,0.0,0.0,0.000151900549853125
7,1001101111,0.0,0.0,0.000115271236910883
4,1001110000,0.0,-0.000247707510924256,0.0
5,1001110001,0.0,-0.000189680561858856,0.0
5,1001110010,0.0,-0.000109305618422006,0.0
6,1001110011,0.0,0.0,0.000286015741867528
5,1001110100,0.0,0.0,0.000207660199999445
6,1001110101,0.0,-2.8063611512685e-05,0.000118638352508037
6,1001110110,0.0,-0.000206190194252797,0.0
7,1001110111,0.0,-0.000139001441224462,3.53685830916993e-05
5,1001111000,0.0,-7.80057737459719e-05,0.0
6,1001111001,0.0,-0.000340434545414587,0.0
6,1001111010,0.0,-4.370419219527e-05,9.04877619446472e-05
7,1001111011,0.0,-8.68013584301913e-05,1.99853892633946e-05
6,1001111100,0.0,-0.000105866710681407,9.32916102547667e-05
7,1001111101,0.0,-0.000294525316757859,0.0
7,1001111110,0.0,-6.72122590251468e-06,0.000133796457059916
8,1001111111,0.0,0.0,0.000294501012031183
2,1010000000,-0.00143863636035881,-0.00180725623143504,-0.00113538128462928
3,1010000001,0.0,-0.00013726726442737,6.48865198096111e-07
3,1010000010,0.0,-0.000129979882888676,5.10690271472441e-05
4,1010000011,0.0,-0.000255246152550549,0.0
3,1010000100,-0.000255264836001008,-0.000683106057688313,-4.01140639965872e-05
4,1010000101,0.0,0.0,0.0001842464600364
4,1010000110,0.0,0.0,0.000274244303693103
5,1010000111,-2.03239429504499e-05,-0.000379009971329849,0.0
3,1010001000,0.0,-0.000365181161148429,0.0
4,1010001001,0.000122355068408614,0.0,0.000500133118767961
4,1010001010,0.0,-5.74199641293662e-05,5.54645235317218e-05
5,1010001011,0.0,-0.000161328259546339,0.0
4,1010001100,0.0,0.0,0.000205609519662903
5,1010001101,0.0,0.0,0.000237616152332921
5,1010001110,0.0,-0.000276472923191425,0.0
6,1010001111,0.0,0.0,0.000208462335578458
3,1010010000,-0.000167591985879509,-0.000473056396888616,0.0
4,1010010001,0.0,-1.16228447501794e-05,0.000122559894543946
4,1010010010,0.0,0.0,0.000269349466156631
5,1010010011,0.0,-0.000205768120562903,0.0
4,1010010100,0.0,-0.000170066139508188,0.0
5,1010010101,-9.73165067869859e-05,-0.000498279655551782,0.0
5,1010010110,0.0,-1.53482551022572e-05,8.75091135510534e-05
6,1010010111,0.0,-0.000128636322761116,5.20930471979124e-05
4,1010011000,0.0,0.0,0.000293934609068949
5,1010011001,0.0,-4.64272387770884e-05,0.000132417179586638
5,1010011010,0.0,-3.12708198533603e-05,0.000108237278353265
6,1010011011,0.0,-6.91183980435316e-05,5.44510494729853e-05
5,1010011100,0.0,-0.000331507126771775,0.0
6,1010011101,0.0,-1.63900549323768e-05,9.1090929572413e-05
6,1010011110,0.0,0.0,0.000237635548449274
7,1010011111,0.0,0.0,0.000178025010855898
3,1010100000,3.84463616835605e-05,0.0,0.000364131383063339
4,1010100001,0.0,0.0,0.000263894455341121
4,1010100010,0.0,-0.000301204453235001,0.0
5,1010100011,0.0,0.0,0.000168569545235221
4,1010100100,0.000129463761539971,0.0,0.000504363538325875
5,1010100101,0.0,0.0,0.000270298949755168
5,1010100110,0.0,0.0,0.000130287304189745
6,1010100111,0.0,-0.000104067876795189,2.59111140954288e-05
4,1010101000,0.0,0.0,0.000258964981989942
5,1010101001,0.0,-0.000158185405066941,0.0
5,1010101010,0.0,-8.42404742943963e-05,7.7174558616073e-05
6,1010101011,0.0,-0.000220447877852369,0.0
5,1010101100,0.0,0.0,0.000275905050098578
6,1010101101,0.0,-1.28765413311793e-05,0.000165738929703791
6,1010101110,0.0,-2.45882837515232e-05,0.000111691122563293
7,1010101111,-0.000114690868147542,-0.000411636403169593,0.0
4,1010110000,0.0,-0.00010686259493162,2.63688313839374e-05
5,1010110001,0.0,-0.000120345608769467,3.42767992847062e-05
5,1010110010,0.0,0.0,0.000233577352176232
6,1010110011,0.0,0.0,0.000120592458866645
5,1010110100,0.0,-0.000290882981463165,0.0
6,1010110101,0.0,0.0,0.000239249906132548
6,1010110110,0.0,-2.9557762560701e-05,0.000101147847478298
7,1010110111,0.0,-3.52472105893107e-05,0.000155291105326967
5,1010111000,0.0,-0.000123729406523934,0.0
6,1010111001,0.0,-0.000350971068937689,0.0
6,1010111010,0.0,-0.000179874506213228,0.0
7,1010111011,0.0,0.0,0.000145155505216589
6,1010111100,0.0,0.0,0.000182532921893692
7,1010111101,0.0,-6.1811029063741e-05,8.18000444059946e-05
7,1010111110,0.0,0.0,0.000208932579518246
8,1010111111,0.0,-0.000301803814668733,0.0
3,1011000000,8.99207667121906e-05,0.0,0.000438207201267786
4,1011000001,2.61471267613391e-05,0.0,0.000387407854830529
4,1011000010,0.0,0.0,0.000140782227327711
5,1011000011,-7.3830802575682e-05,-0.0003922199740093,0.0
4,1011000100,0.0,-5.17296914857274e-05,3.95384027455586e-05
5,1011000101,0.0,-0.000170106982926811,0.0
5,1011000110,0.0,-5.8900511659427e-05,6.92909053973199e-05
6,1011000111,0.0,-0.00017043456073165,1.12418175196174e-05
4,1011001000,0.0,-0.000261924613174611,0.0
5,1011001001,0.0,0.0,0.000181935532425747
5,1011001010,-0.000112592989965562,-0.000455385736834599,0.0
6,1011001011,0.0,0.0,0.000171321481397779
5,1011001100,0.0,-9.35330463154003e-05,9.50818917048946e-05
6,1011001101,0.0,0.0,0.00027509506406499
6,1011001110,0.0,-0.000372461693538268,0.0
7,1011001111,0.0,-5.65277162445106e-05,9.1977526362429e-05
4,1011010000,0.0,0.0,0.000157386910554136
5,1011010001,0.0,0.0,0.000229725638892335
5,1011010010,0.0,-0.00026094198435235,0.0
6,1011010011,0.0,-2.53460388088883e-05,0.000112479803578601
5,1011010100,-6.78620343386971e-05,-0.000393907743837087,0.0
6,1011010101,0.0,-0.000350093886314903,0.0
6,1011010110,0.0,0.0,0.000272217046268215
7,1011010111,0.0,0.0,0.000164813364527606
5,1011011000,0.0,-0.000255940874578531,0.0
6,1011011001,0.0,-0.000269358716305225,0.0
6,1011011010,0.0,0.0,0.000201314275849775
7,1011011011,0.0,-3.20407002847463e-05,8.43240963851381e-05
6,1011011100,0.0,-6.83264798724118e-06,0.000119090333212293
7,1011011101,0.0,-0.000235576639582483,0.0
7,1011011110,0.0,-0.000233228973054354,0.0
8,1011011111,0.0,-0.000183668663514759,0.0
4,1011100000,-5.79808283069621e-05,-0.000423058556585325,0.0
5,1011100001,0.0,-5.20055506552148e-05,0.000149410638653292
5,1011100010,0.0,-0.000234722704101392,0.0
6,1011100011,0.0,0.0,0.000215100160132965
5,1011100100,0.0,-7.08545900815529e-05,9.59462820074505e-05
6,1011100101,0.0,0.0,0.000244629066876026
6,1011100110,0.0,-0.000319431368245666,0.0
7,1011100111,0.0,-4.52229110538428e-05,3.22668268439531e-05
5,1011101000,0.000156051081904817,0.0,0.00056465473253795
6,1011101001,0.0,-0.000220982641612639,0.0
6,1011101010,0.0,-6.48741443672831e-05,5.13049231725413e-05
7,1011101011,0.0,-0.000242362180904629,0.0
6,1011101100,0.0,-4.60568629915118e-05,0.000101135079156559
7,1011101101,0.0,0.0,0.000235255907023607
7,1011101110,0.0,0.0,0.000193760468102626
8,1011101111,0.0,-0.000194087048880522,0.0
5,1011110000,0.0,-0.000143752148728273,0.0
6,1011110001,-1.34934666774802e-05,-0.000353851610690421,0.0
6,1011110010,0.0,0.0,0.0002846548385309
7,1011110011,0.0,0.0,0.000174737319867067
6,1011110100,0.0,0.0,0.000109881956104304
7,1011110101,0.0,0.0,0.000239778208503661
7,1011110110,0.0,-0.000315457127372248,0.0
8,1011110111,0.0,-0.000148809041208596,0.0
6,1011111000,0.0,-0.000144228497157709,2.47295625795949e-06
7,1011111001,0.0,0.0,0.000211071767103475
7,1011111010,0.0,-9.05124485171356e-05,2.81874110692401e-05
8,1011111011,0.0,0.0,0.000259015470572298
7,1011111100,0.0,-0.000256297340966044,0.0
8,1011111101,0.0,-0.000116117609308656,3.53042431449777e-05
8,1011111110,0.0,0.0,0.000230154816774453
9,1011111111,0.0,0.0,0.000327117127392355
2,1100000000,0.0,-6.67213532747402e-05,0.000106593719021794
3,1100000001,0.0,-0.000170975010294249,4.98626349129846e-05
3,1100000010,0.0,-3.26828532055837e-05,0.000102839965209614
4,1100000011,0.0,-0.000232639348938568,0.0
3,1100000100,0.000126606653880956,0.0,0.000482578222703469
4,1100000101,0.0,0.0,0.000247135874458819
4,1100000110,0.0,-7.94317398619142e-05,5.78058176262083e-05
5,1100000111,0.0,-8.1871340038896e-05,2.78868468400471e-05
3,1100001000,0.0,0.0,0.00029517003951663
4,1100001001,0.0,-0.000101511344646922,3.0940326149758e-05
4,1100001010,0.0,-0.000275045051234634,0.0
5,1100001011,0.0,-0.000283370289609618,0.0
4,1100001100,0.0,0.0,0.000173327353631749
5,1100001101,0.0,-0.000105994267888493,6.09480190780636e-05
5,1100001110,-1.19552872558464e-05,-0.000340092055054162,0.0
6,1100001111,0.0,0.0,0.00014474593177163
3,1100010000,-6.68176164705195e-05,-0.000362252450293756,0.0
4,1100010001,0.0,-0.000134016936181657,2.85994487261886e-05
4,1100010010,0.0,0.0,0.000247668658082462
5,1100010011,0.0,0.0,0.000263667999614834
4,1100010100,0.0,0.0,0.000271501670679476
5,1100010101,0.0,-0.000328593566268251,0.0
5,1100010110,0.0,0.0,0.000289622669367758
6,1100010111,0.0,-0.000152782589738643,0.0
4,1100011000,0.0,-0.000212106168484314,0.0
5,1100011001,0.0,-0.000212791364282525,0.0
5,1100011010,0.0,-0.000113281602111119,4.46881239344988e-05
6,1100011011,0.0,0.0,0.000183184326915037
5,1100011100,0.0,-0.0001574615777969,0.0
6,1100011101,0.0,0.0,0.000340426139127772
6,1100011110,0.0,-0.000256837211800627,0.0
7,1100011111,6.57515480863876e-05,0.0,0.000378569220871095
3,1100100000,0.0,-3.18680737391104e-05,8.93946546087557e-05
4,1100100001,2.42649864917729e-05,0.0,0.000374093612928979
4,1100100010,0.0,-0.000162493037392684,0.0
5,1100100011,0.0,-0.000253584481452492,0.0
4,1100100100,0.0,-8.00581000800987e-05,6.20932538313088e-05
5,1100100101,0.0,-0.000144911468117093,0.0
5,1100100110,0.0,-0.000196992038320384,0.0
6,1100100111,0.0,0.0,0.000238096376158315
4,1100101000,0.0,0.0,0.000172165100285301
5,1100101001,0.0,0.0,0.000274194406872428
5,1100101010,0.0,0.0,0.000162734316800936
6,1100101011,0.0,0.0,9.88938217058741e-05
5,1100101100,0.0,0.0,0.000233361450844191
6,1100101101,0.0,0.0,0.000124944332161234
6,1100101110,0.0,0.0,0.000192688233150742
7,1100101111,0.0,-0.000301460451327912,0.0
4,1100110000,0.0,0.0,0.000338171069122383
5,1100110001,0.0,-8.72672184826328e-06,0.000147297199990481
5,1100110010,0.0,-6.51577764317762e-05,0.000137051375833137
6,1100110011,0.0,-6.38143708321879e-05,6.39540916702445e-05
5,1100110100,0.0,-0.000322283020680573,0.0
6,1100110101,0.0,-5.1178538787877e-05,5.64109553286001e-05
6,1100110110,0.0,-0.000142083997454487,7.05581549499684e-06
7,1100110111,0.0,-3.34431607808374e-05,8.66893178217521e-05
5,1100111000,0.0,0.0,0.000173384077333304
6,1100111001,0.0,-1.63514839609887e-05,0.000125750285155841
6,1100111010,0.0,0.0,0.000190717202987666
7,1100111011,0.0,-6.42269402779974e-06,0.000188813638377841
6,1100111100,0.0,-5.47975716085483e-05,7.22509621651402e-05
7,1100111101,0.0,-0.000282687038882939,0.0
7,1100111110,6.44545648169989e-07,0.0,0.00030973735574681
8,1100111111,0.0,-0.000264270538986301,0.0
3,1101000000,0.0,-0.000104474688904354,9.42065580872276e-05
4,1101000001,0.0,0.0,0.000277453430963042
4,1101000010,0.0,-0.000300487161426008,0.0
5,1101000011,0.0,-0.000286262486773837,0.0
4,1101000100,0.0,0.0,0.000145436268112002
5,1101000101,0.0,0.0,0.000229009887220972
5,1101000110,0.0,-7.0556955581811e-05,7.2030575877837e-05
6,1101000111,0.0,-0.000166178147946297,0.0
4,1101001000,0.0,-0.000275359713514774,0.0
5,1101001001,0.0,-0.000163166521140052,0.0
5,1101001010,0.0,-0.00019924316551641,0.0
6,1101001011,0.0,-9.88233000617647e-05,7.68567924286456e-05
5,1101001100,0.000384130723756931,0.00019979187709247,0.000784329079568833
6,1101001101,0.0,-7.55647740885411e-05,5.76793853189136e-05
6,1101001110,0.0,-4.93705444596578e-05,0.000100461689537541
7,1101001111,-0.000153500893221582,-0.000526041478507919,0.0
4,1101010000,0.0,-0.000334702425340169,0.0
5,1101010001,0.0,-4.45087214968e-05,0.000154923256443025
5,1101010010,0.0,0.0,0.000138532319532088
6,1101010011,0.0,-0.000215054384195235,0.0
5,1101010100,0.0,-0.000252457920749287,0.0
6,1101010101,0.0,-0.000268434625889467,0.0
6,1101010110,0.0,-0.000105790120099053,7.63626368906547e-05
7,1101010111,0.0,0.0,0.000136458724865154
5,1101011000,0.0,-0.000181612719207895,0.0
6,1101011001,-9.04261698463812e-05,-0.000427506221402952,0.0
6,1101011010,0.0,0.0,0.000285149304028301
7,1101011011,0.0,0.0,0.000250367789754054
6,1101011100,0.0,0.0,0.000140578332523788
7,1101011101,0.0,-9.80006880838124e-05,6.98148622323233e-05
7,1101011110,0.0,-0.000230744054499,0.0
8,1101011111,0.0,0.0,0.000340480326548734
4,1101100000,0.0,0.0,0.000240356006819361
5,1101100001,0.0,0.0,0.000183586786388742
5,1101100010,0.0,-8.55868467592681e-07,9.70591855101026e-05
6,1101100011,0.0,-2.29036611619557e-05,9.76657415404881e-05
5,1101100100,0.0,0.0,0.000296210685201202
6,1101100101,0.0,-6.30994433358656e-05,8.37970311670708e-05
6,1101100110,0.0,-0.000297315225867327,0.0
7,1101100111,0.0,-0.00024881774796193,0.0
5,1101101000,2.54897368364017e-05,0.0,0.000370419476698562
6,1101101001,0.0,0.0,0.00022558056799026
6,1101101010,0.0,-0.000227186861857934,0.0
7,1101101011,0.0,-0.000216053038730995,0.0
6,1101101100,-0.000141987767758248,-0.000511377840365687,0.0
7,1101101101,0.0,0.0,0.000228915084407858
7,1101101110,0.0,-3.62441026117073e-05,0.000100804109027137
8,1101101111,0.0,0.0,0.000242823430488758
5,1101110000,0.0,-5.12777025893107e-05,9.6475833250114e-05
6,1101110001,0.0,-0.000125237866766959,4.19665342662347e-05
6,1101110010,0.0,-4.15426471465176e-05,9.56688365967959e-05
7,1101110011,0.0,0.0,0.000247248446287835
6,1101110100,0.0,-0.000260933158478619,0.0
7,1101110101,0.0,-0.000123812411711927,3.48167429900617e-05
7,1101110110,0.0,-5.26749804455385e-06,0.00018333432179784
8,1101110111,0.0,0.0,0.000162808939991511
6,1101111000,0.0,-0.000285647275908113,0.0
7,1101111001,0.0,0.0,0.000197515391446393
7,1101111010,0.0,0.0,0.000142428451313363
8,1101111011,0.0,-0.000127556145369087,0.0
7,1101111100,0.0,-0.000164442027256636,0.0
8,1101111101,-0.000134454644232382,-0.000455699842938928,0.0
8,1101111110,0.0,0.0,0.000276552078537332
9,1101111111,0.0,-4.56327532837277e-05,9.86032797377927e-05
3,1110000000,0.0,0.0,0.000255173850094891
4,1110000001,0.0,-5.65514036806014e-05,0.000142690907273866
4,1110000010,0.0,-0.000132841827010975,1.81623891897705e-05
5,1110000011,0.0,-9.00694974561504e-05,8.73049031965662e-05
4,1110000100,0.0,-8.24652608403417e-05,9.87099292489317e-05
5,1110000101,0.000182191084906472,1.71172161622747e-05,0.000537827261996538
5,1110000110,0.0,-0.000298401903346977,0.0
6,1110000111,0.0,0.0,0.000367547175384107
4,1110001000,0.0,-7.32288898104682e-05,0.00011500313705447
5,1110001001,0.0,-4.41483422738853e-05,5.79839136614948e-05
5,1110001010,0.0,-7.20285559950695e-05,0.000101319583441034
6,1110001011,0.0,-0.000238714610363946,0.0
5,1110001100,0.0,0.0,0.000272732052621938
6,1110001101,0.0,-7.0840266659108e-05,8.87019417896868e-05
6,1110001110,0.0,0.0,0.000107858704944751
7,1110001111,0.0,-0.000123252110142207,0.0
4,1110010000,0.0,-0.00031268889703555,0.0
5,1110010001,0.0,-0.000327334495483936,0.0
5,1110010010,0.0,0.0,0.000299882790954488
6,1110010011,0.0,0.0,0.000166807955051427
5,1110010100,0.0,0.0,0.00021727388405626
6,1110010101,0.0,-0.000142672048247114,0.0
6,1110010110,0.0,0.0,0.000213350781902845
7,1110010111,0.0,-0.000129337592065536,2.91514283766744e-05
5,1110011000,0.0,-0.000197849627016872,0.0
6,1110011001,0.0,-0.000273891285704953,0.0
6,1110011010,0.0,-1.03521566301644e-05,9.8240536823268e-05
7,1110011011,0.0,-0.000141188150850068,6.94815249531266e-06
6,1110011100,0.0,-0.000106301006253946,0.0
7,1110011101,0.0,-3.4376468242689e-05,0.000168671230064646
7,1110011110,6.74937576226944e-05,0.0,0.000372085596855893
8,1110011111,0.0,0.0,0.000346369376456921
4,1110100000,0.0,-6.0973401427045e-05,0.000120943007417828
5,1110100001,0.0,0.0,0.000128635898061332
5,1110100010,0.0,-7.99547254062121e-05,0.0
6,1110100011,0.0,-0.000183521039497917,0.0
5,1110100100,0.0,0.0,0.000311555595758425
6,1110100101,0.0,-0.000343444933303273,0.0
6,1110100110,0.0,0.0,0.00014962944897197
7,1110100111,0.0,-0.00026720332685643,0.0
5,1110101000,0.0,0.0,0.000360412604462238
6,1110101001,0.0,0.0,0.000224393481248086
6,1110101010,0.0,-3.49421623557119e-05,0.000119302183008204
7,1110101011,0.0,-0.00014260887502527,1.16331835252728e-05
6,1110101100,0.0,-6.91664152416414e-07,0.000141566537227221
7,1110101101,0.0,0.0,0.000226511130852704
7,1110101110,-3.31333153636795e-05,-0.000382243716700973,0.0
8,1110101111,0.0,0.0,0.000130064860435264
5,1110110000,0.0,0.0,0.00018898276111434
6,1110110001,0.0,0.0,0.000278641130892217
6,1110110010,0.0,-0.000240349044422057,0.0
7,1110110011,0.0,-3.36001192693563e-05,8.08047469816206e-05
6,1110110100,0.0,-0.000305525190671408,0.0
7,1110110101,0.0,-0.000280964448170196,0.0
7,1110110110,0.0,-0.00010990202388237,0.000101269802331008
8,1110110111,0.0,0.0,0.000127731777016327
6,1110111000,0.0,0.0,0.000176505170716293
7,1110111001,0.0,-0.000151216822417309,0.0
7,1110111010,0.0,-1.35564064102629e-05,0.000140928817075258
8,1110111011,0.0,0.0,0.000186656963138384
7,1110111100,0.0,0.0,0.000207982607925302
8,1110111101,0.0,-0.000156353608919825,0.0
8,1110111110,0.0,-0.000173884634503997,0.0
9,1110111111,0.0,0.0,0.000156065424293133
4,1111000000,0.0,0.0,0.000288817810378715
5,1111000001,0.0,-0.000148451068961583,4.07720279557644e-07
5,1111000010,0.0,-0.000270151880945088,0.0
6,1111000011,0.0,-2.16662844322779e-05,7.45433265720973e-05
5,1111000100,0.0,-6.92313784917794e-05,0.000137512459583735
6,1111000101,6.28522879427994e-06,0.0,0.000370918106762854
6,1111000110,0.0,-9.4838902791404e-05,5.96501659803922e-05
7,1111000111,0.0,0.0,0.000164869570219006
5,1111001000,0.0,-0.000242191464641163,0.0
6,1111001001,0.0,-0.000113264643668379,5.5240186935412e-05
6,1111001010,0.0,-6.84973858285832e-05,0.00011627409188033
7,1111001011,0.0,-0.000326667324991443,0.0
6,1111001100,0.000114411916526922,0.0,0.000448218997192101
7,1111001101,0.0,0.0,0.000178746930958163
7,1111001110,0.0,-0.00018122757559818,8.48807826203412e-06
8,1111001111,0.0,-0.000169754627121883,0.0
5,1111010000,0.0,0.0,0.000160850050165092
6,1111010001,0.0,-0.000108284016951597,3.10978253534054e-05
6,1111010010,0.0,-6.18917103154494e-05,0.000114448800040429
7,1111010011,0.0,-0.000187974418719139,0.0
6,1111010100,0.0,-8.93712308210521e-05,6.67620955718218e-05
7,1111010101,0.0,-0.000148724147132762,3.30107683723653e-05
7,1111010110,0.0,0.0,0.000207313155172331
8,1111010111,0.0,0.0,0.000263801876212156
6,1111011000,0.0,-0.000295488017022738,0.0
7,1111011001,0.0,-0.000264446632565635,0.0
7,1111011010,0.0,0.0,0.000136329118316022
8,1111011011,0.000130445252270334,0.0,0.000415294862353534
7,1111011100,0.0,0.0,0.00021994194272793
8,1111011101,0.0,-4.45481308240578e-05,0.000123559203926829
8,1111011110,0.0,0.0,0.000217827519551919
9,1111011111,0.0,0.0,8.72979123768246e-05
5,1111100000,0.0,0.0,0.000279374441277394
6,1111100001,0.0,0.0,0.000282114083011604
6,1111100010,0.0,0.0,0.00035015325196678
7,1111100011,0.0,-0.000313091819174931,0.0
6,1111100100,0.0,0.0,0.000311921551230658
7,1111100101,0.0,-0.000226633924320635,0.0
7,1111100110,0.0,-0.000177257164344484,0.0
8,1111100111,0.0,-0.000340797396821582,0.0
6,1111101000,0.000157159765234004,0.0,0.000505317487538757
7,1111101001,0.0,0.0,0.000223945441569836
7,1111101010,-5.68471325493712e-05,-0.000387507245185091,0.0
8,1111101011,0.0,0.0,0.00016388920783641
7,1111101100,0.0,-0.000148291307236066,0.0
8,1111101101,0.0,-0.000226468025633136,0.0
8,1111101110,0.0,-1.34305538242548e-05,0.000124055590904692
9,1111101111,0.0,0.0,0.000145954960918694
6,1111110000,0.0,-0.000271574332281772,0.0
7,1111110001,0.0,-0.000112370982976203,3.79862546982001e-05
7,1111110010,0.0,0.0,0.000182871798582282
8,1111110011,1.18081554174478e-05,0.0,0.000333570882620657
7,1111110100,0.0,-0.000232635168924332,0.0
8,1111110101,0.0,-7.26136014848685e-05,8.77350391793457e-05
8,1111110110,0.0,-0.000201741964869761,0.0
9,1111110111,0.0,-4.10016488738695e-05,7.13770703208176e-05
7,1111111000,0.0,0.0,0.000146849946903878
8,1111111001,0.0,0.0,0.00018673228113981
8,1111111010,0.0,0.0,0.000229048905229456
9,1111111011,-3.46380714218922e-05,-0.000349363414889275,0.0
8,1111111100,0.0,-0.000316990560625139,0.0
9,1111111101,-0.000209915693631534,-0.000536328796955062,-1.20644516351651e-05
9,1111111110,0.0,-4.31491028276651e-05,6.49377220918017e-05
10,1111111111,0.0,0.0,0.000210294696894123
