,order,sequence,fitness,fitness_high_ci,fitness_low_ci
0,1,0000000010,-0.0003925170201922,-0.0008524407176469,-0.0001763720789903
1,2,0000000011,0.0,-0.0003183562167676,0.0
2,1,0000000100,0.0134582954127179,0.0132579341344343,0.0139964658566452
3,2,0000000101,-0.0048327051579892,-0.005356036238545,-0.0045335834828705
4,2,0000000110,-0.0003077930673489,-0.0007950911754794,0.0
5,3,0000000111,0.0,-0.0001117927527632,0.0001216860387547
6,1,0000001000,-0.0002709440947041,-0.000721978969933,0.0
7,2,0000001001,-0.0008380255900302,-0.0013473393692375,-0.0005691333873796
8,2,0000001010,0.0,-6.64227257289683e-06,0.0002555091727279
9,3,0000001011,-4.08719856958866e-05,-0.0005306063424683,0.0
10,2,0000001100,-0.0006652870265462,-0.001155495975354,-0.0003226285156409
11,3,0000001101,0.0001988761869159,0.0,0.0007294716165091
12,3,0000001110,0.0,-0.0002045573219794,2.77647135507772e-06
13,4,0000001111,0.0,-0.0002150625161977,1.98337822270224e-06
14,1,0000010000,-0.0048157702677705,-0.0052837472413916,-0.0045581349383795
15,2,0000010001,-0.0033753180146259,-0.003876525598512,-0.00313119128648
16,2,0000010010,0.0,-0.0004172950347708,0.0
17,3,0000010011,0.0,-0.0003775414059241,0.0
18,2,0000010100,-0.0081099968494795,-0.0086716411524912,-0.0077490444507177
19,3,0000010101,0.0014285692380714,0.001207586440313,0.0019782953218472
20,3,0000010110,0.0,-0.0002454581117572,0.0
21,4,0000010111,0.0,0.0,0.0003041432766064
22,2,0000011000,-0.0013982885452141,-0.0019388929652869,-0.001143987169127
23,3,0000011001,0.0,0.0,0.0003229299927757
24,3,0000011010,0.0,-0.0003973347260566,0.0
25,4,0000011011,-6.75232698070215e-05,-0.0006103790991165,0.0
26,3,0000011100,0.0003133340783406,2.60948974305486e-05,0.0008188600787029
27,4,0000011101,0.0,0.0,0.000435792204089
28,4,0000011110,0.0,0.0,0.0002511335109478
29,5,0000011111,0.0,-0.0001897541339981,3.05831102035943e-05
30,1,0000100000,-0.002543019306133,-0.0030507504740446,-0.0022498334450556
31,2,0000100001,0.0,-0.0003264906684233,0.0
32,2,0000100010,0.0,0.0,0.0003621631888677
33,3,0000100011,0.0,-2.47869611844236e-05,0.0001304073210109
34,2,0000100100,0.0018834476588075,0.001622199899781,0.0023499633478085
35,3,0000100101,0.0,-0.0002802525703497,0.0
36,3,0000100110,0.0,-0.000185465273463,0.0
37,4,0000100111,0.0,-0.0001364322985497,7.7261000901918e-05
38,2,0000101000,0.0,-0.000421912594034,0.0
39,3,0000101001,0.0,0.0,0.0004293145835512
40,3,0000101010,0.0,-0.0001607776631177,0.0
41,4,0000101011,0.0,-7.25939169379892e-05,7.1401496924075e-05
42,3,0000101100,0.0,-0.0003844467159229,0.0
43,4,0000101101,0.0,-0.0002757097987561,0.0
44,4,0000101110,0.0,-3.01594464502054e-05,0.000162804762938
45,5,0000101111,0.0,0.0,0.0002487602554803
46,2,0000110000,0.0,0.0,0.0003980638563894
47,3,0000110001,0.0,0.0,0.0002411583521415
48,3,0000110010,0.0,0.0,0.0003022671754227
49,4,0000110011,0.0,-4.42774218242138e-05,9.94115654433181e-05
50,3,0000110100,0.0,-0.0004134677681346,0.0
51,4,0000110101,0.0,-0.0004177758431936,0.0
52,4,0000110110,0.0,-0.0002111568229822,0.0
53,5,0000110111,0.0,-8.18934192261904e-05,0.0001574240537674
54,3,0000111000,0.0,0.0,0.0004388520603657
55,4,0000111001,0.0,-0.0001262537062663,9.23526721957744e-05
56,4,0000111010,0.0,0.0,0.0003538753156531
57,5,0000111011,0.0,0.0,0.0003207138339665
58,4,0000111100,0.0,-0.000348128726436,0.0
59,5,0000111101,0.0,-0.0003633361184198,0.0
60,5,0000111110,0.0,-0.0002455641568105,0.0
61,6,0000111111,0.0,-0.000152627838886,0.0
62,1,0001000000,0.0023479312209341,0.002104707845993,0.0028611993507234
63,2,0001000001,-8.65656287470263e-05,-0.0005671298555498,0.0
64,2,0001000010,-1.22583407674647e-05,-0.0004592243758789,0.0
65,3,0001000011,0.0,-0.0001972666164088,2.24327323619073e-05
66,2,0001000100,0.0,-0.0001821607250322,0.0
67,3,0001000101,0.0002841928155625,6.88669078537108e-05,0.0008196506920882
68,3,0001000110,0.0,-2.56464512257192e-05,0.0001396024525743
69,4,0001000111,0.0,-4.48271507417762e-05,0.0001971336962468
70,2,0001001000,-0.0002872205843943,-0.0007507311352419,0.0
71,3,0001001001,3.79458341322942e-05,0.0,0.000634041708913
72,3,0001001010,0.0,-0.0004250417152979,0.0
73,4,0001001011,0.0,-0.0004389848460786,0.0
74,3,0001001100,0.0001157093515179,0.0,0.0006941020552048
75,4,0001001101,0.0,-0.0002743405735355,0.0
76,4,0001001110,0.0,-7.93317542205024e-05,0.000157212247992
77,5,0001001111,0.0,-0.0001320817581923,8.09446991547784e-05
78,2,0001010000,-0.0001731429123253,-0.0006973038599129,0.0
79,3,0001010001,0.0,0.0,0.0004822417492176
80,3,0001010010,0.0,-0.0002731767088987,0.0
81,4,0001010011,0.0,-0.000345818663027,0.0
82,3,0001010100,0.0002973390426295,6.87575937876288e-05,0.0007785141955738
83,4,0001010101,0.0,-0.0001384628883807,3.47269657857088e-05
84,4,0001010110,0.0,0.0,0.0002223993240645
85,5,0001010111,2.96619239146595e-05,0.0,0.0005473432397379
86,3,0001011000,0.0,-1.60600163102433e-05,0.0002323600407752
87,4,0001011001,0.0,-0.0003914612318959,0.0
88,4,0001011010,0.0,-0.0003601586241662,0.0
89,5,0001011011,0.0,-0.0003228258797138,0.0
90,4,0001011100,0.0,0.0,0.0002745760386142
91,5,0001011101,0.0003477692152732,8.06441961383498e-05,0.0008187217844748
92,5,0001011110,0.0,-5.83609069733334e-05,0.0001716938737911
93,6,0001011111,0.0,-0.0002691773034274,0.0
94,2,0001100000,4.53465072196473e-05,0.0,0.0005522262328449
95,3,0001100001,0.0,-2.94195213741702e-05,0.0001767987728679
96,3,0001100010,0.0,0.0,0.0001880938933595
97,4,0001100011,0.0,0.0,0.000219677934785
98,3,0001100100,-0.0001433929785011,-0.0005938179375064,0.0
99,4,0001100101,0.0,-0.0003179287259559,0.0
100,4,0001100110,0.0,0.0,0.000281410549358
101,5,0001100111,0.0,-4.39348483714965e-05,0.0001988033122384
102,3,0001101000,0.0,-0.0001322451467791,2.96546799904635e-05
103,4,0001101001,0.0,0.0,0.0002997603110219
104,4,0001101010,0.0,0.0,0.0004907864353657
105,5,0001101011,0.0,0.0,0.00039757611111
106,4,0001101100,0.0,-4.53398528439458e-05,0.0001540970663634
107,5,0001101101,0.0,-6.63942883438136e-05,0.0001232376358098
108,5,0001101110,0.0,-0.0002010405197181,0.0
109,6,0001101111,0.0,0.0,0.0003018482815182
110,3,0001110000,0.0,-8.20788373861416e-05,5.94614932863965e-05
111,4,0001110001,0.0,0.0,0.0001638012766332
112,4,0001110010,0.0,0.0,0.0004668389616427
113,5,0001110011,0.0,-9.76788454408041e-05,0.0001525155962178
114,4,0001110100,0.0,0.0,0.0001783866403489
115,5,0001110101,0.0,-0.0003381100937558,0.0
116,5,0001110110,-0.0001704614950279,-0.0006683258399299,-1.94717124211867e-05
117,6,0001110111,0.0,-0.0002954568604417,0.0
118,4,0001111000,0.0,0.0,0.000411563175652
119,5,0001111001,0.0,0.0,0.0002463110565048
120,5,0001111010,0.0,-7.12990316084958e-05,0.0001656724854973
121,6,0001111011,0.0,0.0,0.000338390844525
122,5,0001111100,-5.59742836501679e-05,-0.0005195151204011,0.0
123,6,0001111101,-4.01232745893786e-05,-0.0005433515059667,0.0
124,6,0001111110,0.0,0.0,0.0002084005565483
125,7,0001111111,0.0,0.0,0.0002488926128091
126,1,0010000000,0.0102686067884743,0.0100160631497599,0.0108793817913648
127,2,0010000001,0.0002038702807448,0.0,0.0007256560240231
128,2,0010000010,0.0,-1.89802536981301e-05,0.0002432161020441
129,3,0010000011,0.0,-0.0003390426653147,0.0
130,2,0010000100,0.0,0.0,0.0004735755622211
131,3,0010000101,-0.000883807188587,-0.0014171603908164,-0.0005974627812427
132,3,0010000110,0.0,-2.24366276284271e-05,0.0001040028177969
133,4,0010000111,0.0,-0.0002295213361744,0.0
134,2,0010001000,0.0,-1.7864450220695e-05,0.0002284087755465
135,3,0010001001,0.0,-0.0002481277190176,2.86369635447683e-05
136,3,0010001010,0.0,-0.0002784331885248,0.0
137,4,0010001011,-0.0002058141231882,-0.0006929689850357,0.0
138,3,0010001100,0.0,-0.0004475204043048,0.0
139,4,0010001101,0.0,0.0,0.0002947700490121
140,4,0010001110,0.0,-0.0001382682570798,3.21839134915948e-05
141,5,0010001111,0.0,0.0,0.0001815847182922
142,2,0010010000,-0.0009975215306936,-0.001492509493131,-0.0006845537381468
143,3,0010010001,-0.0003383434015682,-0.0008613330297925,-6.98835899481685e-05
144,3,0010010010,0.0,-0.0003013211747614,0.0
145,4,0010010011,-0.0001852576025753,-0.0007258359415901,-3.97769933992191e-07
146,3,0010010100,0.0,-0.0001742335128022,0.0
147,4,0010010101,0.0002103270943037,0.0,0.000695278034558
148,4,0010010110,0.0,-8.73541883706474e-05,9.27081487588062e-05
149,5,0010010111,0.0,0.0,0.0003063955362799
150,3,0010011000,0.0,-0.0002959551992264,0.0
151,4,0010011001,0.0,-0.0004035482456408,0.0
152,4,0010011010,0.0,-0.0002990571794064,0.0
153,5,0010011011,0.0,-0.0003056972656359,0.0
154,4,0010011100,0.0,0.0,0.0003656492022553
155,5,0010011101,0.0002987580646729,3.25219932230648e-05,0.0007462573502989
156,5,0010011110,0.0,-0.00016786271325,0.0
157,6,0010011111,0.0,-1.36930637997297e-05,0.0002519900793765
158,2,0010100000,-0.0001532348691499,-0.0006790150671865,0.0
159,3,0010100001,0.0,0.0,0.0003077582406484
160,3,0010100010,0.0,-9.24847380243321e-05,8.68159862442772e-05
161,4,0010100011,0.0,0.0,0.0002001674141304
162,3,0010100100,-8.79595723894275e-06,-0.000487431816558,0.0
163,4,0010100101,0.0,-0.0001552274690876,0.0
164,4,0010100110,0.0,-1.72190188337847e-05,0.0001941452292592
165,5,0010100111,0.0,-7.77242998928312e-05,3.60802831548004e-05
166,3,0010101000,0.0,-0.0002534563470486,0.0
167,4,0010101001,0.0,0.0,0.0002820355724383
168,4,0010101010,0.0,-0.0001265854585598,7.72310816215235e-06
169,5,0010101011,0.0,0.0,0.0004111960464584
170,4,0010101100,0.0,-0.0002766297027572,0.0
171,5,0010101101,-2.33462203096997e-05,-0.0005492629018443,0.0
172,5,0010101110,0.0,-0.0003252926488871,0.0
173,6,0010101111,0.0,-6.80743579490634e-05,0.00010954307986
174,3,0010110000,0.0,0.0,0.0002137158079992
175,4,0010110001,0.0,-0.0001554319772184,0.0001312012742751
176,4,0010110010,0.0,0.0,0.0003380396822946
177,5,0010110011,0.0,0.0,0.0004509470064495
178,4,0010110100,-1.24913854462288e-05,-0.0004870229950552,0.0
179,5,0010110101,0.0,-0.0004567056408527,0.0
180,5,0010110110,0.0,-0.0001707835804982,5.66554012130498e-05
181,6,0010110111,0.0,-0.0001765019028206,2.11300321192161e-05
182,4,0010111000,0.0,0.0,0.0003564515118863
183,5,0010111001,0.0,-3.61791044190473e-05,0.0002527103023763
184,5,0010111010,0.0,-7.83873290510851e-05,0.0001031914221037
185,6,0010111011,0.0,-0.0002218770806652,0.0
186,5,0010111100,-0.0001691857419522,-0.0006790790039251,0.0
187,6,0010111101,0.0,-0.000338598804947,0.0
188,6,0010111110,0.0,-0.0002303711181377,0.0
189,7,0010111111,0.0,-7.13965076266091e-05,6.57387993017975e-05
190,2,0011000000,-0.0005543245201117,-0.0010365271722926,-0.0002925313803327
191,3,0011000001,0.0,-4.94996944026658e-05,0.0001161581713575
192,3,0011000010,0.0,-0.0002104338226077,0.0
193,4,0011000011,0.0,-0.0002610668684111,0.0
194,3,0011000100,0.0,-6.3313702398867e-05,0.0001503244840379
195,4,0011000101,6.4700763388401e-05,0.0,0.0005943034696244
196,4,0011000110,0.0,-7.22445466431712e-05,9.67871285257615e-05
197,5,0011000111,0.0,-8.62665564696091e-05,0.0001602477305359
198,3,0011001000,-0.0001270130918049,-0.0005461233951088,0.0
199,4,0011001001,0.0,0.0,0.0002870828024832
200,4,0011001010,0.0,0.0,0.0003070818608923
201,5,0011001011,0.0,-0.0003744395368361,0.0
202,4,0011001100,0.0001969306372228,6.12793351741426e-06,0.0006582386909219
203,5,0011001101,0.0,-3.07679873026859e-05,0.0001994145341481
204,5,0011001110,0.0,-0.000225430367129,0.0
205,6,0011001111,0.0,-2.71774647472105e-05,0.0001688969173779
206,3,0011010000,0.0,-0.0002026967699823,0.0
207,4,0011010001,0.0,0.0,0.0002649656206852
208,4,0011010010,0.0,-1.87761197392147e-06,0.0001833475189205
209,5,0011010011,0.0,-0.0002297481177985,3.25595116388443e-05
210,4,0011010100,0.0004063441960954,0.0001543831497077,0.0009025797507819
211,5,0011010101,0.0,-6.07663053946001e-05,0.0001185112897989
212,5,0011010110,0.0,-0.0001216459033422,0.0
213,6,0011010111,0.0,0.0,0.0002402556367599
214,4,0011011000,0.0,0.0,0.000487418221031
215,5,0011011001,0.0,-0.0002914430783928,0.0
216,5,0011011010,0.0,-0.0004745494124257,0.0
217,6,0011011011,0.0,-0.0002285776578617,0.0
218,5,0011011100,0.0,-4.10212645075971e-05,8.28799676954208e-05
219,6,0011011101,0.0002366664959084,0.0,0.0007472200914254
220,6,0011011110,0.0,0.0,0.0003040248366146
221,7,0011011111,0.0,0.0,0.0002308929567783
222,3,0011100000,0.0,0.0,0.000281305658486
223,4,0011100001,0.0,-0.0002972299367376,0.0
224,4,0011100010,0.0,0.0,0.0002937263112077
225,5,0011100011,0.0,0.0,0.0003607597616241
226,4,0011100100,-7.7868688170394e-05,-0.000531688506237,0.0
227,5,0011100101,0.0,-0.0001237229673485,5.18452423892837e-05
228,5,0011100110,0.0,0.0,0.0002737830355553
229,6,0011100111,0.0,-0.0004379982772377,0.0
230,4,0011101000,0.0,-8.08394941815388e-05,9.23712221633403e-05
231,5,0011101001,5.11182467947013e-05,0.0,0.0005872136881853
232,5,0011101010,0.0,-2.3644923735329e-05,0.000192863799382
233,6,0011101011,0.0,-4.4725855405298e-05,0.0001396403246653
234,5,0011101100,0.0,-6.41961886192815e-05,9.44645216477918e-05
235,6,0011101101,0.0,-0.0002971162180339,0.0
236,6,0011101110,0.0,-0.0003596304791216,0.0
237,7,0011101111,0.0,0.0,0.000324003180866
238,4,0011110000,0.0,0.0,0.0002033214020507
239,5,0011110001,2.3628207151323e-06,0.0,0.0004840501711529
240,5,0011110010,0.0,0.0,0.0003240761798659
241,6,0011110011,0.0,-0.0002659776349809,0.0
242,5,0011110100,0.0,-0.0003530659697416,0.0
243,6,0011110101,0.0,-0.0004537803713154,0.0
244,6,0011110110,0.0,-0.0003307054636636,0.0
245,7,0011110111,0.0,-0.0001210016969702,9.16322341626391e-05
246,5,0011111000,0.0,0.0,0.000262906477698
247,6,0011111001,0.0,-0.0002234607514271,0.0
248,6,0011111010,0.0,0.0,0.0002037009881209
249,7,0011111011,0.0,0.0,0.0004355363072414
250,6,0011111100,-8.31792852637893e-05,-0.0005941115241348,0.0
251,7,0011111101,0.0,-0.0003142371058181,0.0
252,7,0011111110,0.0,-0.0002278432632399,0.0
253,8,0011111111,0.0,-0.0003540076956419,0.0
254,1,0100000000,0.0012692060459288,0.0010377011229647,0.0017668657625144
255,2,0100000001,0.0,0.0,0.0003247819031917
256,2,0100000010,0.0,-8.6091933551539e-06,0.0001709449064346
257,3,0100000011,0.0,-0.0003911282234567,0.0
258,2,0100000100,0.0,-0.0003936675993441,0.0
259,3,0100000101,0.0,-0.0002905629732837,0.0
260,3,0100000110,0.0,-0.0003204721368852,0.0
261,4,0100000111,0.0,-0.0002430674563084,0.0
262,2,0100001000,0.0,-2.94606549975605e-05,0.0002401610889391
263,3,0100001001,0.0,0.0,0.0002854513614154
264,3,0100001010,0.0,0.0,0.0002269975236901
265,4,0100001011,0.0,0.0,0.0003463631492668
266,3,0100001100,0.0,0.0,0.0002255954647031
267,4,0100001101,0.0,-0.0004019414761636,0.0
268,4,0100001110,0.0,-0.0001437818418859,0.0001300392061364
269,5,0100001111,0.0,-0.0003756149385281,0.0
270,2,0100010000,0.0,0.0,0.0005405795830629
271,3,0100010001,0.0,0.0,0.0003161142984724
272,3,0100010010,0.0,-0.000180880329584,0.0
273,4,0100010011,0.0,0.0,0.0004258281975035
274,3,0100010100,0.0,-0.0001886928033347,1.49941922729483e-05
275,4,0100010101,-6.79993760443309e-05,-0.000515804045389,0.0
276,4,0100010110,0.0,0.0,0.0002914058387163
277,5,0100010111,-0.000149547965005,-0.0006884567295008,0.0
278,3,0100011000,0.0,0.0,0.0004054986996579
279,4,0100011001,0.0,0.0,0.0002900538332077
280,4,0100011010,0.0,0.0,0.0003920160083881
281,5,0100011011,0.0,-0.0002366914422357,0.0
282,4,0100011100,0.0,-0.0004908808637603,0.0
283,5,0100011101,0.0,-0.0001326635874083,7.90976179063713e-05
284,5,0100011110,0.0,-0.000272177124425,0.0
285,6,0100011111,0.0,-0.0001552515458049,3.26349457322863e-05
286,2,0100100000,0.0,-0.0003090621066655,0.0
287,3,0100100001,-3.24011829317274e-06,-0.0004652240412671,0.0
288,3,0100100010,0.0,0.0,0.000238224578974
289,4,0100100011,0.0,0.0,0.0002813257785439
290,3,0100100100,0.0,-0.0004062236236644,0.0
291,4,0100100101,0.0,0.0,0.000389846252837
292,4,0100100110,0.0,0.0,0.000279002168352
293,5,0100100111,0.0,0.0,0.0003904499929637
294,3,0100101000,0.0,-3.18850853982223e-05,0.0001327232986269
295,4,0100101001,0.0,-0.0002444168250344,0.0
296,4,0100101010,0.0,-0.0001618918584103,5.20910872884083e-05
297,5,0100101011,0.0,-0.0001812762696884,8.91578509513399e-05
298,4,0100101100,0.0,0.0,0.0004105348138795
299,5,0100101101,0.0,-8.01897666913438e-05,0.00013163817654
300,5,0100101110,0.0,0.0,0.0002819417634224
301,6,0100101111,0.0,-7.76184052207749e-07,0.0002117541350758
302,3,0100110000,0.0,-0.0002537376644453,0.0
303,4,0100110001,0.0,-0.0002811862050397,0.0
304,4,0100110010,-0.0001261623001397,-0.0006035264487845,0.0
305,5,0100110011,0.0,-5.41409766536417e-05,7.83934967600364e-05
306,4,0100110100,0.0,-0.0001327082880346,0.0001129284825328
307,5,0100110101,0.0,-3.06873400732414e-06,0.0002633665536909
308,5,0100110110,0.0,-6.77716843587439e-05,0.0001944338014299
309,6,0100110111,0.0,0.0,0.0003362863931056
310,4,0100111000,0.0,-0.0003020674406508,0.0
311,5,0100111001,0.0,-0.0005153146340797,0.0
312,5,0100111010,0.0,0.0,0.0002553630287012
313,6,0100111011,0.0,-0.0001729020360014,3.65393844989285e-05
314,5,0100111100,0.0,0.0,0.0003608048059642
315,6,0100111101,0.0,0.0,0.000374688078552
316,6,0100111110,0.0,-2.58335708534195e-05,0.0002605443394906
317,7,0100111111,0.0,0.0,0.0002632882412815
318,2,0101000000,8.17943182369842e-06,0.0,0.0004997792737493
319,3,0101000001,0.0,-0.00023536509723,0.0
320,3,0101000010,0.0,0.0,0.0002211256236693
321,4,0101000011,0.0,0.0,0.0004563414121505
322,3,0101000100,0.0,-0.000256907646288,0.0
323,4,0101000101,0.0,-3.64010329196207e-05,0.0001287082652037
324,4,0101000110,0.0,0.0,0.0002272457403925
325,5,0101000111,0.0,-0.000351506956035,0.0
326,3,0101001000,0.0,0.0,0.0004660316059635
327,4,0101001001,7.72139313856145e-05,0.0,0.0006070321936214
328,4,0101001010,0.0,0.0,0.0002427192254999
329,5,0101001011,0.0,-7.19160223660778e-05,0.0001136045160585
330,4,0101001100,0.0,0.0,0.0001715515257963
331,5,0101001101,0.0,-0.0003773085127071,0.0
332,5,0101001110,0.0,-0.0001254271220736,0.0001248588550826
333,6,0101001111,0.0,-0.0001282075803077,7.72788122858769e-05
334,3,0101010000,0.0,0.0,0.0004094296250991
335,4,0101010001,6.46363001853073e-05,0.0,0.0005507379065674
336,4,0101010010,0.0,-0.0001402462215506,0.0001363960667792
337,5,0101010011,0.0,-0.0001352925566615,5.25540735929366e-05
338,4,0101010100,0.0,-0.0002571087908095,0.0
339,5,0101010101,0.0,-0.000421625625944,0.0
340,5,0101010110,0.0,-0.0002794021576613,0.0
341,6,0101010111,0.0,-0.0003030936957116,0.0
342,4,0101011000,2.48491843372368e-07,0.0,0.0004771813175015
343,5,0101011001,0.0,-0.0002446096174503,0.0
344,5,0101011010,0.0,0.0,0.0004150110650777
345,6,0101011011,0.0,0.0,0.0003494781637514
346,5,0101011100,0.0,-0.0003583845157326,0.0
347,6,0101011101,0.0,-3.59082820899118e-05,0.0001517300610521
348,6,0101011110,0.0,-9.1617211041974e-05,4.73413895396783e-05
349,7,0101011111,0.0,-0.0004107097021575,0.0
350,3,0101100000,0.0,-6.41245503069798e-05,0.0001390034581829
351,4,0101100001,0.0,-0.0002290674830041,0.0
352,4,0101100010,0.0,-0.0002532610055754,0.0
353,5,0101100011,0.0,-0.0003112170411104,0.0
354,4,0101100100,0.0,-0.0002822457659269,0.0
355,5,0101100101,0.0,0.0,0.0003474754861188
356,5,0101100110,0.0,0.0,0.0002208064373084
357,6,0101100111,0.0,-7.42906632613426e-05,9.8333001067365e-05
358,4,0101101000,0.0,-0.0004364435541237,0.0
359,5,0101101001,0.0,-0.0003330399662107,0.0
360,5,0101101010,0.0,-0.0002649274255956,0.0
361,6,0101101011,0.0,0.0,0.0002596808263604
362,5,0101101100,0.0,0.0,0.0003760105543834
363,6,0101101101,0.0,-0.0002367214510641,2.59308827848927e-05
364,6,0101101110,0.0,-7.19196420151425e-05,0.0001469770398815
365,7,0101101111,0.0,-0.0001856103413339,2.81822787477954e-05
366,4,0101110000,-3.97431548850364e-05,-0.0005445551466284,0.0
367,5,0101110001,0.0,-0.0003453394240782,0.0
368,5,0101110010,0.0,-0.0001226432640006,9.27294483242918e-05
369,6,0101110011,0.0,-3.56354282923615e-05,0.0002103152489324
370,5,0101110100,0.0,0.0,0.0004543936362332
371,6,0101110101,0.0,0.0,0.000324402019623
372,6,0101110110,0.0,0.0,0.0003039141189276
373,7,0101110111,0.0,0.0,0.000215099917524
374,5,0101111000,0.0,-0.0002191402187134,0.0
375,6,0101111001,0.0,-0.0003450264667798,0.0
376,6,0101111010,0.0,-0.0003955199092105,0.0
377,7,0101111011,0.0,-0.0004645205575292,0.0
378,6,0101111100,0.0,-3.7555991808897e-05,0.0001915650883973
379,7,0101111101,2.26546966460273e-05,0.0,0.0005724001487313
380,7,0101111110,0.0,-6.3290354935743e-05,0.000107818794374
381,8,0101111111,0.0,0.0,0.0004342292415213
382,2,0110000000,0.0005168885538711,0.000368068722955,0.0010584168357229
383,3,0110000001,0.0,-0.0003120312878815,0.0
384,3,0110000010,0.0,0.0,0.0002415350502701
385,4,0110000011,0.0,-3.56798940808526e-05,0.0001413483096772
386,3,0110000100,0.0,-0.0003200555919978,0.0
387,4,0110000101,0.0,0.0,0.0003089490604837
388,4,0110000110,0.0,-0.0003162316997012,0.0
389,5,0110000111,0.0,-0.0004090320141296,0.0
390,3,0110001000,0.0,0.0,0.0004650434061369
391,4,0110001001,0.0,0.0,0.000232429197433
392,4,0110001010,0.0,-0.0001354525171774,8.36602490348077e-06
393,5,0110001011,0.0,0.0,0.0002132724595928
394,4,0110001100,0.0,-0.0002626203238641,0.0
395,5,0110001101,-7.64950508092422e-05,-0.0005082624704957,0.0
396,5,0110001110,0.0,0.0,0.0003959843359494
397,6,0110001111,0.0,-0.0003238148188008,0.0
398,3,0110010000,0.0,0.0,0.0003700223951407
399,4,0110010001,0.0,0.0,0.0003720981940164
400,4,0110010010,0.0,-2.30327400319548e-05,0.0001329181666291
401,5,0110010011,0.0,0.0,0.0002817250809822
402,4,0110010100,0.0,-0.0001325030030928,0.0
403,5,0110010101,-7.46902569927232e-05,-0.0005015512699857,0.0
404,5,0110010110,0.0,0.0,0.0003127546046016
405,6,0110010111,0.0,-0.0002488196314338,0.0
406,4,0110011000,0.0,0.0,0.0004414274129602
407,5,0110011001,0.0,-0.0004201560036362,0.0
408,5,0110011010,0.0,0.0,0.0003571829738302
409,6,0110011011,0.0,-9.89586977888194e-05,0.0001228322237929
410,5,0110011100,0.0,-0.0003718882391199,0.0
411,6,0110011101,0.0,-1.85369116356611e-05,0.0001458191147723
412,6,0110011110,0.0,-0.000297854811198,0.0
413,7,0110011111,0.0,-0.0003830026622381,0.0
414,3,0110100000,0.0,-0.0003933581040712,0.0
415,4,0110100001,0.0,-0.0003963256201983,0.0
416,4,0110100010,0.0,-0.0001992311973407,8.68833743856753e-06
417,5,0110100011,0.0,-0.0003183709648245,0.0
418,4,0110100100,0.0,0.0,0.0003328256898423
419,5,0110100101,0.0,-2.70531770964165e-05,0.0001675263678964
420,5,0110100110,0.0,-0.0001468281433901,5.10908103595513e-05
421,6,0110100111,9.87667089158298e-05,0.0,0.0005775746911305
422,4,0110101000,0.0,-0.0004108826137514,0.0
423,5,0110101001,0.0,-0.0003734514745394,0.0
424,5,0110101010,0.0,-0.0004025994875519,0.0
425,6,0110101011,0.0,-0.0001487304682478,9.02622287437239e-05
426,5,0110101100,0.0,0.0,0.0002273946930756
427,6,0110101101,0.0,0.0,0.0004994279455313
428,6,0110101110,0.0,0.0,0.0003595635739695
429,7,0110101111,0.0,-0.0002368078171248,0.0
430,4,0110110000,0.0,-0.0003411517650799,0.0
431,5,0110110001,0.0,-0.0003532617919347,0.0
432,5,0110110010,0.0,-0.0004563575128494,0.0
433,6,0110110011,0.0,0.0,0.0002046155880156
434,5,0110110100,0.0,-3.42958976282651e-05,0.0001605459597267
435,6,0110110101,9.01816789675889e-05,0.0,0.0005341894705273
436,6,0110110110,0.0,-0.0001520849891637,0.0001066089010822
437,7,0110110111,0.0,-7.70088763214484e-05,0.0001007648484089
438,5,0110111000,0.0,-0.0003809966282715,0.0
439,6,0110111001,0.0,-5.12390966812365e-05,0.0001534057419827
440,6,0110111010,0.0,0.0,0.0002324891427524
441,7,0110111011,0.0,-0.0004649123878149,0.0
442,6,0110111100,0.0,0.0,0.0001968144987191
443,7,0110111101,0.0,0.0,0.0003304019370876
444,7,0110111110,0.0,0.0,0.0002833853299533
445,8,0110111111,5.93266903655814e-05,0.0,0.000530800239226
446,3,0111000000,0.0004211735261264,0.0001811574028981,0.0008786448764144
447,4,0111000001,0.0,-0.0001616878691362,5.71777723739017e-05
448,4,0111000010,0.0,0.0,0.0002381591113038
449,5,0111000011,0.0,-9.9811051209993e-05,9.9081078422806e-05
450,4,0111000100,-0.0002026500173041,-0.0006682098907104,0.0
451,5,0111000101,0.0,0.0,0.0002271823214342
452,5,0111000110,0.0,0.0,0.0002537839552684
453,6,0111000111,0.0,-0.0001603815776529,5.1465167021119e-05
454,4,0111001000,0.0,0.0,0.0002331766113185
455,5,0111001001,1.37798335283459e-05,0.0,0.0004599760336297
456,5,0111001010,0.0,0.0,0.0003641717910307
457,6,0111001011,2.54809806515945e-05,0.0,0.000480258460729
458,5,0111001100,0.0,0.0,0.0005055528709529
459,6,0111001101,0.0,-0.0003828538472707,0.0
460,6,0111001110,0.0,-0.0001669779489396,8.67655830475803e-05
461,7,0111001111,0.0,-0.0003608888033782,0.0
462,4,0111010000,0.0,-1.38771442738448e-05,0.0002042818630872
463,5,0111010001,2.38004103337591e-05,0.0,0.000476227798087
464,5,0111010010,0.0,-0.0001180161007138,0.0001400108476785
465,6,0111010011,0.0,-5.87460727582191e-07,0.0001596794367502
466,5,0111010100,0.0,-0.0001054145446005,0.0002055347662609
467,6,0111010101,0.0,-0.0003594376980099,0.0
468,6,0111010110,0.0,-0.0002116995048462,5.17195650787316e-06
469,7,0111010111,0.0,-0.0003874069577185,0.0
470,5,0111011000,0.0001954101181647,0.0,0.0007616500618708
471,6,0111011001,0.0,-5.54464112916833e-05,0.0002098091782751
472,6,0111011010,0.0,0.0,0.0003153933674386
473,7,0111011011,0.0,-5.45939492347923e-06,0.0001995190872916
474,6,0111011100,-0.0003371005044842,-0.0008006861386509,-7.07759469729784e-05
475,7,0111011101,0.0,-0.0001812119000419,5.47904814861069e-05
476,7,0111011110,0.0,0.0,0.0002464742964051
477,8,0111011111,0.0,-0.0001301002334341,1.21566657796132e-05
478,4,0111100000,0.0,-0.0003782878322454,0.0
479,5,0111100001,0.0,-0.0001756627642449,1.66354962221227e-05
480,5,0111100010,0.0,-0.0001669729747216,6.25085981576948e-05
481,6,0111100011,0.0,-0.0002405688116683,0.0
482,5,0111100100,0.0,0.0,0.0003217410413335
483,6,0111100101,0.0,0.0,0.0005163826008198
484,6,0111100110,0.0,-0.0002058673295143,5.39363996638091e-05
485,7,0111100111,0.0,-0.0001147388315359,4.42744920624422e-05
486,5,0111101000,-9.97404589174978e-05,-0.0005922446911967,0.0
487,6,0111101001,-7.14605597597794e-06,-0.0005289091614065,0.0
488,6,0111101010,0.0,-0.000220953335974,7.15461218467674e-07
489,7,0111101011,0.0,-0.0001842035003824,5.31206721916168e-05
490,6,0111101100,0.0,-0.0001168547199598,7.64172298831193e-05
491,7,0111101101,0.0,-0.0001786361023493,4.41188862817396e-05
492,7,0111101110,0.0,-1.86855324702201e-05,0.0001553530901649
493,8,0111101111,0.0,-5.01998470592256e-05,0.0002052784955709
494,5,0111110000,-2.39990336751305e-06,-0.0004503859387429,0.0
495,6,0111110001,0.0,-0.0002687827020543,0.0
496,6,0111110010,0.0,-9.13840910326638e-05,0.0001280558223273
497,7,0111110011,0.0,-0.0001149451024105,6.18935503429725e-05
498,6,0111110100,0.0,-1.47404594178758e-05,0.0002093582191374
499,7,0111110101,0.0,0.0,0.0003248006296557
500,7,0111110110,0.0,0.0,0.0004650152212556
501,8,0111110111,0.0,-6.70864138449665e-05,0.0001516777222219
502,6,0111111000,0.0,-0.0003905687690884,0.0
503,7,0111111001,0.0,-0.0002913743790089,0.0
504,7,0111111010,0.0,-0.0003364914083152,0.0
505,8,0111111011,0.0,-7.98490713966672e-05,0.0001020797540179
506,7,0111111100,0.0,0.0,0.0003368986855494
507,8,0111111101,0.0,0.0,0.0002899695968467
508,8,0111111110,0.0,0.0,0.0002822815506149
509,9,0111111111,0.0,-0.0001109413523291,0.0001324705093231
510,1,1000000000,0.0179230064875338,0.0176624851939634,0.0184593618342026
511,2,1000000001,0.0009070918363715,0.0006691816346762,0.00149392168837
512,2,1000000010,0.0,-9.10503382868897e-05,0.0001505049957872
513,3,1000000011,0.0,0.0,0.0003701635135529
514,2,1000000100,0.0038150670272922,0.0036142565051797,0.0043448277866145
515,3,1000000101,0.0,0.0,0.0004969021366056
516,3,1000000110,4.49382041882577e-05,0.0,0.0004842565122578
517,4,1000000111,0.0,-0.000397896780786,0.0
518,2,1000001000,0.0,0.0,0.0003422590196247
519,3,1000001001,0.0,-0.0003121146184097,0.0
520,3,1000001010,0.0,-0.0002275157324348,0.0
521,4,1000001011,0.0,-0.0002699417186494,0.0
522,3,1000001100,0.0,-0.0001044426061656,0.0001123767771734
523,4,1000001101,0.0,-0.0003984046347626,0.0
524,4,1000001110,0.0,0.0,0.0003438071827933
525,5,1000001111,0.000118642652416,0.0,0.0006252957394977
526,2,1000010000,0.0021683563676474,0.001908075948548,0.0027283790823201
527,3,1000010001,0.0,-0.0004641162579443,0.0
528,3,1000010010,0.0,-7.11874743147272e-05,0.0001870563885825
529,4,1000010011,0.0,-0.00029939941384,0.0
530,3,1000010100,0.0004806395950091,0.0001811501394312,0.000876083422876
531,4,1000010101,0.0,-0.0004352563762816,0.0
532,4,1000010110,0.0,-0.0002520351519079,0.0
533,5,1000010111,0.0,0.0,0.0003137161235435
534,3,1000011000,0.0,-0.0004035327595238,0.0
535,4,1000011001,0.0,-0.0002865048588649,0.0
536,4,1000011010,0.0,-1.05835368650929e-05,0.0001765118622
537,5,1000011011,0.0,0.0,0.0005107193957773
538,4,1000011100,0.0,-0.0005072286515799,0.0
539,5,1000011101,0.0,0.0,0.0003179399034529
540,5,1000011110,0.0,0.0,0.0003656068723576
541,6,1000011111,0.0,-0.0001247775571528,7.56406899924178e-05
542,2,1000100000,-0.0006147442914721,-0.0011526431734098,-0.0003853236785533
543,3,1000100001,0.0,-0.0001786209678871,7.37845652213308e-06
544,3,1000100010,0.0,-0.0003007389430469,0.0
545,4,1000100011,0.0,-5.94154303847983e-05,8.95722618498574e-05
546,3,1000100100,0.0,-0.0001515645532358,0.0
547,4,1000100101,0.0,-8.77554366083182e-05,9.57187858206143e-05
548,4,1000100110,0.0,-0.0002325437360227,0.0
549,5,1000100111,0.0,-0.000319473148789,0.0
550,3,1000101000,0.0,-0.0003134726019238,0.0
551,4,1000101001,0.0,-9.39667518516141e-05,0.0001805731071731
552,4,1000101010,0.0,0.0,0.0003272217220078
553,5,1000101011,0.0,0.0,0.0002365172783738
554,4,1000101100,0.0,0.0,0.0002266909931751
555,5,1000101101,0.0,-0.0001745823648834,3.9595078250065e-05
556,5,1000101110,0.0,-0.0004138689145371,0.0
557,6,1000101111,0.0,-0.000244510857751,0.0
558,3,1000110000,0.0,-0.0003030280833669,0.0
559,4,1000110001,0.0,-0.0002975855306158,0.0
560,4,1000110010,0.0,-0.0001298681614008,8.75776317346353e-05
561,5,1000110011,0.0,-0.0001281558664069,9.84911467297683e-05
562,4,1000110100,0.0,-0.0001131903699691,3.00642109077373e-05
563,5,1000110101,0.0,-1.65619358015586e-05,0.000224832040534
564,5,1000110110,0.0,-0.0001619935547757,3.8999328207268e-05
565,6,1000110111,0.0,-0.0001852320901134,0.0
566,4,1000111000,0.0,0.0,0.0002138582687807
567,5,1000111001,0.0,0.0,0.0002179105475939
568,5,1000111010,0.0,-0.0005166919511638,0.0
569,6,1000111011,0.0,-0.0002182878231855,1.45545207441742e-06
570,5,1000111100,0.0,-8.02804534720372e-05,0.0001011039749664
571,6,1000111101,0.0,0.0,0.0002547835548134
572,6,1000111110,0.0,-4.89951295728017e-05,0.0001479732570368
573,7,1000111111,0.0,-0.0003443144748093,0.0
574,2,1001000000,0.0,0.0,0.0004894378636911
575,3,1001000001,0.0,-1.56052150819807e-05,0.0001452741544474
576,3,1001000010,0.0,-0.0003291691864529,0.0
577,4,1001000011,0.0,-0.0001263215382933,8.35875107236936e-05
578,3,1001000100,0.0,-0.0001189102456653,9.19692187177983e-05
579,4,1001000101,0.0,-0.0001578895433832,9.55935660965129e-05
580,4,1001000110,0.0,0.0,0.000376088473735
581,5,1001000111,0.0,0.0,0.0003521046919422
582,3,1001001000,0.0,-0.000276157589646,0.0
583,4,1001001001,-0.0001326978977495,-0.0005509757169515,0.0
584,4,1001001010,0.0,0.0,0.0003322752243864
585,5,1001001011,0.0,-3.65894663846771e-06,0.0001982386590783
586,4,1001001100,0.0,-0.0002831104289542,0.0
587,5,1001001101,0.0,0.0,0.0002548820474382
588,5,1001001110,0.0,0.0,0.00026926344795
589,6,1001001111,0.0,0.0,0.0003373412429189
590,3,1001010000,0.0,-0.0001560736337287,0.0
591,4,1001010001,0.0,-0.0003752046549222,0.0
592,4,1001010010,0.0,0.0,0.0002914769287817
593,5,1001010011,0.0,0.0,0.0004782909734068
594,4,1001010100,0.0,-0.0002279614616659,5.35660230494677e-05
595,5,1001010101,0.0,-3.29987463916177e-05,0.000148685601292
596,5,1001010110,0.0,0.0,0.0002692652535232
597,6,1001010111,0.0,-0.0002209315994889,0.0
598,4,1001011000,0.0,-0.0001988107211773,8.11742869444051e-05
599,5,1001011001,0.0,-0.0001064702893325,0.0001754178868448
600,5,1001011010,0.0,0.0,0.0002072450953205
601,6,1001011011,0.0,-0.0001886889648565,1.21073435125355e-05
602,5,1001011100,0.0,-0.0003211468446434,0.0
603,6,1001011101,0.0,-0.0001849806966847,5.021948033928e-05
604,6,1001011110,0.0,0.0,0.000326823279645
605,7,1001011111,0.0,0.0,0.0003741401338156
606,3,1001100000,0.0,-0.0003644032571673,0.0
607,4,1001100001,0.0,-0.0001597824397518,5.8208733914456e-05
608,4,1001100010,0.0,-4.09913022320496e-05,0.0001926220622869
609,5,1001100011,0.0,-3.88852668966732e-05,0.0001451786847949
610,4,1001100100,0.0,-0.0001628903990279,6.661343657686e-05
611,5,1001100101,0.0,-0.0002034022265037,4.4870747867258e-05
612,5,1001100110,0.0,-0.0002656892355927,0.0
613,6,1001100111,-0.0001077430502213,-0.0005926649773655,0.0
614,4,1001101000,0.0,0.0,0.000319464029414
615,5,1001101001,0.0,-5.77825947112863e-05,0.0001451755964734
616,5,1001101010,0.0,-0.0002624972679481,0.0
617,6,1001101011,0.0,-4.66370747106887e-05,0.0001285093903923
618,5,1001101100,0.0,-7.57217169591912e-06,0.0001864499459395
619,6,1001101101,0.0,-7.09010288822217e-05,0.0001298851098891
620,6,1001101110,0.0,-0.0002527339384275,0.0
621,7,1001101111,-1.90305792064399e-05,-0.0005148099171702,0.0
622,4,1001110000,0.0,0.0,0.0002815688034974
623,5,1001110001,0.0,0.0,0.0003166341342572
624,5,1001110010,0.0,-0.0002847696428456,0.0
625,6,1001110011,0.0,-8.87948080301518e-05,0.0001304605727821
626,5,1001110100,0.0,-0.0001547284185694,7.46075088782939e-05
627,6,1001110101,0.0,0.0,0.0002364185828911
628,6,1001110110,0.0,-9.5720177329373e-05,8.3012446314389e-05
629,7,1001110111,0.0,-0.0003728311771369,0.0
630,5,1001111000,0.0,-0.0002544363872283,0.0
631,6,1001111001,0.0,-8.79757995916172e-05,4.63618323862742e-05
632,6,1001111010,0.0,0.0,0.0001965517255037
633,7,1001111011,0.0,0.0,0.0002935852467352
634,6,1001111100,0.0,0.0,0.0003399208298457
635,7,1001111101,0.0,0.0,0.0003052766105045
636,7,1001111110,0.0,-0.0002706819175495,0.0
637,8,1001111111,0.0,-0.0002870218810117,0.0
638,2,1010000000,0.0041836853707338,0.0039048298041381,0.0047256451021292
639,3,1010000001,0.0,0.0,0.0002886267556493
640,3,1010000010,-6.2425522548915e-05,-0.0004948346028322,0.0
641,4,1010000011,0.0,-0.0001398042332679,6.20719015629938e-05
642,3,1010000100,0.000763463106488,0.0004182732345601,0.0011875226032947
643,4,1010000101,0.0,-0.0001460595610937,3.08383264397558e-05
644,4,1010000110,1.80202103877121e-05,0.0,0.0004345727869868
645,5,1010000111,0.0,-8.93802591264035e-05,3.79825673817304e-05
646,3,1010001000,0.0,-0.0003512243120109,0.0
647,4,1010001001,0.0,-0.0002423478474455,0.0
648,4,1010001010,0.0,0.0,0.0003329978479634
649,5,1010001011,0.0,-0.0002308377260179,0.0
650,4,1010001100,0.0,-0.0001522077894764,2.68233910600773e-05
651,5,1010001101,0.0,-0.0002816273748339,0.0
652,5,1010001110,0.0,0.0,0.00028777619712
653,6,1010001111,0.0,-1.97013197973144e-05,0.0001738343253351
654,3,1010010000,-0.0002445402087656,-0.0007604226379263,-1.47875858015089e-05
655,4,1010010001,0.0,-0.0001228903101656,9.72156239360483e-05
656,4,1010010010,0.0,-0.0002409352013333,8.94411701541903e-05
657,5,1010010011,0.0,-0.00011426022747,6.46132559876162e-05
658,4,1010010100,0.0,-9.8654153944866e-05,0.0001036311389392
659,5,1010010101,0.0,0.0,0.0002779936411856
660,5,1010010110,0.0,-0.0001450851633112,6.41685592657061e-05
661,6,1010010111,0.0,-4.58789640056189e-05,0.0002150998143048
662,4,1010011000,0.0,0.0,0.0004112653679975
663,5,1010011001,0.0,-0.0002821973335141,0.0
664,5,1010011010,0.0,-3.7430193615616e-05,0.0001351082192782
665,6,1010011011,0.0,-3.36998436934509e-05,0.0001658542713902
666,5,1010011100,-4.19789092684822e-05,-0.000556657565821,0.0
667,6,1010011101,0.0,0.0,0.0002851945465959
668,6,1010011110,0.000177381751811,0.0,0.0006317469208156
669,7,1010011111,0.0,-0.0001913595193991,1.84695845618619e-05
670,3,1010100000,-0.0002313682342131,-0.0007635876403781,-3.1209957781864e-05
671,4,1010100001,0.0,-0.0003251461609317,0.0
672,4,1010100010,0.0,0.0,0.0002994758716396
673,5,1010100011,0.0,0.0,0.0003145380947125
674,4,1010100100,0.0,0.0,0.0002149187694444
675,5,1010100101,0.0,0.0,0.0003313296188426
676,5,1010100110,-2.2774067745554e-05,-0.0004475564343195,0.0
677,6,1010100111,0.0,-0.0003486018015859,0.0
678,4,1010101000,0.0,0.0,0.0002592871616241
679,5,1010101001,0.0,0.0,0.0002160768574646
680,5,1010101010,0.0,0.0,0.0002075981248542
681,6,1010101011,0.0,-0.0002424934172681,6.98106978797634e-05
682,5,1010101100,0.0,-0.0002479029610069,0.0
683,6,1010101101,0.0,-7.59634692746573e-05,0.0001276729223224
684,6,1010101110,0.0,-0.0001690032141272,8.10961828411715e-05
685,7,1010101111,0.0,-1.3959804179056e-05,0.000262795534943
686,4,1010110000,0.0,-3.46870281468818e-06,0.0001635932025126
687,5,1010110001,0.0,-0.0001486030756009,8.27639860716279e-05
688,5,1010110010,0.0,0.0,0.0003021244455803
689,6,1010110011,0.0,-0.0002745401280447,8.34154048492159e-06
690,5,1010110100,0.0,0.0,0.0002950152949239
691,6,1010110101,-2.04423233672682e-05,-0.0004317377548965,0.0
692,6,1010110110,0.0,-0.0001000661215583,0.0001088281303053
693,7,1010110111,0.0,-0.0001429433313935,0.0001405543001098
694,5,1010111000,0.0,0.0,0.000281715617691
695,6,1010111001,0.0,0.0,0.0002715778487148
696,6,1010111010,0.0,0.0,0.0002785705534007
697,7,1010111011,0.0,0.0,0.0004662041422014
698,6,1010111100,0.0,0.0,0.0002740553952153
699,7,1010111101,0.0,0.0,0.000214865545415
700,7,1010111110,0.0,-0.0003806690725203,0.0
701,8,1010111111,0.0,-0.0002059650867284,0.0
702,3,1011000000,0.0,0.0,0.0002207888339298
703,4,1011000001,0.0,-0.0001994864420397,2.93204481578234e-06
704,4,1011000010,0.0,-0.0002547679581605,0.0
705,5,1011000011,0.0,-0.0002969082090066,0.0
706,4,1011000100,0.0,-0.0002190103542852,8.31724701819969e-06
707,5,1011000101,0.0,-2.74595438204588e-06,0.0001883266758707
708,5,1011000110,0.0,-0.0001717065865125,2.009824929255e-05
709,6,1011000111,0.0,-7.62862447708209e-05,0.0001920859860768
710,4,1011001000,0.0,-0.0001712497330224,8.1726424116487e-05
711,5,1011001001,0.0,-0.0003128709658602,0.0
712,5,1011001010,0.0,-0.0001437745216171,4.65082068104592e-05
713,6,1011001011,0.0,0.0,0.0001826137198301
714,5,1011001100,0.0,-0.0001576049260057,2.77218597578227e-05
715,6,1011001101,0.0,-0.0001852029835615,0.0
716,6,1011001110,0.0,0.0,0.0003290009777553
717,7,1011001111,0.0,0.0,0.000316744197048
718,4,1011010000,0.0,-0.000249038118982,0.0
719,5,1011010001,0.0,-0.0001123052558811,6.91025998702925e-05
720,5,1011010010,0.0,-0.0003896356264707,0.0
721,6,1011010011,0.0,-0.0001248772165418,5.58823417489861e-05
722,5,1011010100,0.0,-0.0002125669209657,3.80206872383656e-05
723,6,1011010101,0.0,-0.0003247551475671,0.0
724,6,1011010110,0.0,-5.21697204505246e-05,0.0001092868040882
725,7,1011010111,0.0,-0.0001207371729935,0.0001137057256681
726,5,1011011000,0.0,-6.174804060284e-05,8.69939533238249e-05
727,6,1011011001,0.0,-0.0003487861239274,0.0
728,6,1011011010,0.0,-0.0001952415399749,0.0
729,7,1011011011,0.0,-0.0002135042518737,6.12233642266618e-05
730,6,1011011100,-1.22213039601167e-05,-0.0005211003010298,0.0
731,7,1011011101,0.0,-7.55996308361943e-05,0.0001098109610183
732,7,1011011110,0.0,-0.0001129283931509,0.0001016182066803
733,8,1011011111,0.0,-6.20803816034066e-05,0.0001585086431144
734,4,1011100000,0.0,-0.0002639594543097,0.0
735,5,1011100001,0.0,0.0,0.0002990026990609
736,5,1011100010,0.0,-4.6383102402882e-05,0.0001876998381522
737,6,1011100011,0.0,-0.0003676967882322,0.0
738,5,1011100100,0.0,-8.09614367194794e-05,0.000123679642012
739,6,1011100101,0.0,-0.0003956283559505,0.0
740,6,1011100110,0.0,-0.0001070741462854,0.0001070701901433
741,7,1011100111,0.0,-0.0001905023789483,5.89307846200517e-06
742,5,1011101000,0.0,0.0,0.0002983101135249
743,6,1011101001,0.0,-8.89492577974163e-05,0.0001194137131751
744,6,1011101010,0.0,0.0,0.0002159042322998
745,7,1011101011,0.0,0.0,0.0003331423393448
746,6,1011101100,0.0,-0.0001064928348738,0.0001223809608245
747,7,1011101101,0.0,0.0,0.0004602385619183
748,7,1011101110,0.0,-0.00038274953156,0.0
749,8,1011101111,0.0,-0.0003993964907756,0.0
750,5,1011110000,0.0,-4.15257376561149e-06,0.0001698116642415
751,6,1011110001,0.0,-0.0002247424333087,0.0
752,6,1011110010,0.0,-5.78642028547895e-05,0.0001231533564266
753,7,1011110011,0.0,-6.75849227939265e-05,0.0001711391526894
754,6,1011110100,0.0,-2.06057585784936e-05,0.0002068744610521
755,7,1011110101,0.0,0.0,0.000513180238451
756,7,1011110110,0.0,-0.0001003318352959,9.44405572233186e-05
757,8,1011110111,0.0,-0.0002383050135974,0.0
758,6,1011111000,0.0,-0.0001229482210497,8.24188675891009e-05
759,7,1011111001,5.62023596631071e-05,0.0,0.0004973999034881
760,7,1011111010,0.0,-5.27468388722588e-05,0.0001445584496894
761,8,1011111011,0.0,-1.56844450621965e-05,0.0002160329273356
762,7,1011111100,0.0,0.0,0.000412244605666
763,8,1011111101,0.0,-0.0001873555105546,4.15167832599059e-05
764,8,1011111110,0.0,0.0,0.0002981298399554
765,9,1011111111,0.0,0.0,0.0002211419019595
766,2,1100000000,0.0,-0.0002309856439485,0.0
767,3,1100000001,0.0,-0.0002821387101376,0.0
768,3,1100000010,0.0,0.0,0.0003116279752797
769,4,1100000011,0.0,-6.28867792805938e-05,0.0001442048667204
770,3,1100000100,0.0,-0.0003198026920393,0.0
771,4,1100000101,0.0,-3.70636540677116e-05,0.0001533451297235
772,4,1100000110,0.0,-0.0003322205872429,0.0
773,5,1100000111,0.0,-7.56266299493403e-05,0.000126390399569
774,3,1100001000,0.0,-0.0004051163982518,0.0
775,4,1100001001,0.0,0.0,0.0002868993148354
776,4,1100001010,0.0,-6.02661703345457e-05,0.0002047058315342
777,5,1100001011,0.0,-9.12640633073525e-05,0.0001315938544301
778,4,1100001100,0.0,-0.0002404655363485,0.0
779,5,1100001101,-0.0001096522266474,-0.0005596562919157,0.0
780,5,1100001110,0.0,-6.2727459050634e-05,0.0001107528709122
781,6,1100001111,0.0,0.0,0.0003114920416592
782,3,1100010000,0.0,-0.0004387360445825,0.0
783,4,1100010001,0.0,-9.25048435252901e-05,0.0001153239173365
784,4,1100010010,0.0,-0.000134469468071,0.0001157144322721
785,5,1100010011,0.0,0.0,0.0003345691289606
786,4,1100010100,0.0,-0.0001574044236344,3.07214210846873e-05
787,5,1100010101,0.0,-0.0002160062239772,0.0
788,5,1100010110,0.0,0.0,0.0002075354360126
789,6,1100010111,0.0,0.0,0.0003108762306223
790,4,1100011000,0.0,-5.30724501454788e-05,0.0001208110325535
791,5,1100011001,-1.94622003196611e-05,-0.0005338102397931,0.0
792,5,1100011010,0.0,-3.13703817705808e-05,0.0001406721710981
793,6,1100011011,0.0,0.0,0.0002365901898071
794,5,1100011100,0.0,-0.0004616093007488,0.0
795,6,1100011101,0.0,-5.08147045654957e-05,0.0001688709417627
796,6,1100011110,0.0,-0.0002472419225643,0.0
797,7,1100011111,0.0,-0.000213211034347,0.0
798,3,1100100000,0.0,-0.0003057111251753,0.0
799,4,1100100001,0.0,0.0,0.0004256891957486
800,4,1100100010,0.0,-0.0002900838178533,0.0
801,5,1100100011,0.0,-0.0004237223945133,0.0
802,4,1100100100,0.0,0.0,0.0004152549261652
803,5,1100100101,0.0,-0.0003866758363479,0.0
804,5,1100100110,0.0,-4.70462009216668e-05,0.0001424907347871
805,6,1100100111,0.0,-0.0001389575034564,6.8414542971098e-05
806,4,1100101000,0.0,0.0,0.0002983830874258
807,5,1100101001,0.0,-1.32582227042311e-05,0.0001501791409761
808,5,1100101010,0.0,-0.000235964163928,9.68602613506344e-05
809,6,1100101011,-4.40225726753152e-05,-0.0004989447464242,0.0
810,5,1100101100,0.0,-0.0001023171243512,0.0001299880719588
811,6,1100101101,0.0,0.0,0.0004016556792226
812,6,1100101110,0.0,-0.0001013779383287,0.0001313081560909
813,7,1100101111,0.0,-7.38251081824273e-05,0.0001299032429964
814,4,1100110000,0.0,0.0,0.0004943240703759
815,5,1100110001,0.0,-0.0003655415541131,0.0
816,5,1100110010,0.0,-0.0002542295858286,0.0
817,6,1100110011,0.0,-0.0004313003040442,0.0
818,5,1100110100,0.0,-0.0001727678738273,1.53163359892998e-05
819,6,1100110101,0.0,0.0,0.000297656828559
820,6,1100110110,0.0,-0.0002696727854637,1.37658151846832e-06
821,7,1100110111,0.0,-0.0005299267401633,0.0
822,5,1100111000,0.0,-2.18694005748499e-05,0.0001677918250337
823,6,1100111001,0.0,0.0,0.0003818589622479
824,6,1100111010,0.0,-0.0001462871390059,6.00077679002896e-05
825,7,1100111011,0.0,-0.0001053209707629,9.37582994554849e-05
826,6,1100111100,0.0,0.0,0.000242187418705
827,7,1100111101,0.0,-0.0002308773712517,0.0
828,7,1100111110,0.0,-9.41479451327444e-05,0.0001305737033782
829,8,1100111111,0.0,-5.12086349153669e-05,0.0001467805835671
830,3,1101000000,0.0,-0.0002096123971963,0.0
831,4,1101000001,0.0,-0.0003411226421978,0.0
832,4,1101000010,0.0,-0.000111818533677,0.0001721046425187
833,5,1101000011,0.0,0.0,0.0002704338099656
834,4,1101000100,-9.01755521095331e-05,-0.0005615433271741,0.0
835,5,1101000101,0.0,-0.0001585969052583,2.54763567366087e-05
836,5,1101000110,0.0,0.0,0.0002545900108374
837,6,1101000111,0.0,-3.75586074557119e-06,0.0002637341142912
838,4,1101001000,0.0,-0.000442263308521,0.0
839,5,1101001001,0.0,0.0,0.0001977943735183
840,5,1101001010,0.0,-2.67707697056669e-05,0.0002035696041124
841,6,1101001011,0.0,-8.39597031802725e-05,9.91046918194545e-05
842,5,1101001100,0.0,0.0,0.0001629891036817
843,6,1101001101,0.0,-0.0002704107526603,0.0
844,6,1101001110,0.0,-0.000314627776509,0.0
845,7,1101001111,0.0,-0.0002640701223812,3.03468653331477e-06
846,4,1101010000,0.0,-0.0005081565705229,0.0
847,5,1101010001,0.0,-6.76969005492094e-06,0.0001820738047676
848,5,1101010010,0.0,-0.0001030455110596,0.0001034195608336
849,6,1101010011,0.0,-3.64208849271809e-05,0.0001485685326702
850,5,1101010100,0.0,0.0,0.0004171526863612
851,6,1101010101,0.0,-0.0001280983809506,5.57010005825968e-05
852,6,1101010110,0.0,-0.0002381273393795,0.0
853,7,1101010111,0.0,-0.000228764717612,2.32520308750904e-05
854,5,1101011000,0.0,0.0,0.0002328221981708
855,6,1101011001,0.0,-0.0002977401737385,0.0
856,6,1101011010,0.0,-0.0001109649973199,0.0001148944001146
857,7,1101011011,0.0,-0.0002382754189982,3.73318797347606e-06
858,6,1101011100,-0.0002296322893281,-0.0006890156080498,0.0
859,7,1101011101,0.0,-0.0001745997038358,4.69483423366738e-05
860,7,1101011110,0.0,0.0,0.0002255037867965
861,8,1101011111,0.0,0.0,0.0005215641106594
862,4,1101100000,0.0,-0.0003028114956644,0.0
863,5,1101100001,0.0,0.0,0.0004519132167069
864,5,1101100010,0.0,-0.0001438213403516,0.0001037849215852
865,6,1101100011,0.0,-0.000231832324368,2.35033932282873e-07
866,5,1101100100,7.55103114309147e-05,0.0,0.0005475418640537
867,6,1101100101,0.0,-5.82136170336979e-05,9.84556245708408e-05
868,6,1101100110,0.0,-0.0002967012358642,0.0
869,7,1101100111,0.0,-0.0002374624467848,0.0
870,5,1101101000,0.0,0.0,0.0004372241183546
871,6,1101101001,0.0,-0.0001612595433565,6.34378028673683e-05
872,6,1101101010,0.0,-0.0001992127476784,9.04572406640494e-05
873,7,1101101011,0.0,-0.0002923332390677,0.0
874,6,1101101100,0.0,-0.0004084047438827,0.0
875,7,1101101101,0.0,0.0,0.0003357217758049
876,7,1101101110,0.0,-0.0001024776615126,0.0002036309206088
877,8,1101101111,0.0,-7.06037104182533e-05,0.0001475922997238
878,5,1101110000,0.0,0.0,0.000355935773853
879,6,1101110001,0.0,-0.0002504324362814,6.50132999249394e-05
880,6,1101110010,0.0,-4.95479566998964e-05,0.0001637572517902
881,7,1101110011,0.0,-0.0002534259376612,0.0
882,6,1101110100,0.0,-0.0004782031947789,0.0
883,7,1101110101,0.0,-3.31880801167911e-05,0.0002199536692885
884,7,1101110110,0.0,-5.42787811530636e-05,0.0001325640584464
885,8,1101110111,0.0,-9.43329089707249e-05,0.0001523120086035
886,6,1101111000,0.0,-0.000179089133004,0.0
887,7,1101111001,0.0,0.0,0.0004180984891416
888,7,1101111010,0.0,-3.38889759629158e-05,0.0002141753809545
889,8,1101111011,0.0,-0.0002465279818933,0.0
890,7,1101111100,0.0001332554132854,0.0,0.0005816601730042
891,8,1101111101,0.0,-0.0003345637329835,0.0
892,8,1101111110,0.0,-0.0002249512386779,0.0
893,9,1101111111,0.0,-7.41818076628799e-05,0.0001186220682174
894,3,1110000000,0.0,-0.0002775821347543,0.0
895,4,1110000001,0.0,-2.40650096999975e-05,0.0001999267976624
896,4,1110000010,0.0,-0.0001405325607222,8.44975915663344e-05
897,5,1110000011,0.0,0.0,0.0001883873399807
898,4,1110000100,0.0,-0.0002645388511934,0.0
899,5,1110000101,0.0,-9.01452362166745e-05,0.0001922576617644
900,5,1110000110,0.0,-0.0002191856804519,2.03054710693086e-05
901,6,1110000111,0.0,-0.0001010398977488,0.0001440849229393
902,4,1110001000,-0.0002816407960014,-0.0007830377968829,0.0
903,5,1110001001,0.0,-0.0001857330831626,4.16782652518931e-05
904,5,1110001010,0.0,0.0,0.0003417297037923
905,6,1110001011,0.0,-1.77030681612986e-05,0.0001785683067467
906,5,1110001100,0.0,-3.03883628834127e-05,0.000157321739904
907,6,1110001101,0.0,-0.0003815053992249,0.0
908,6,1110001110,-9.26719997762337e-06,-0.0004834060382322,0.0
909,7,1110001111,0.0,-3.6879265963666e-05,0.0002225440333426
910,4,1110010000,0.0,-0.0004787187238924,0.0
911,5,1110010001,0.0,-4.57660923402108e-05,0.0001661979751722
912,5,1110010010,0.0,0.0,0.0002891252981081
913,6,1110010011,0.0,0.0,0.0002451116833553
914,5,1110010100,0.0,0.0,0.0004085137487282
915,6,1110010101,0.0,-0.0001756604041646,0.0
916,6,1110010110,0.0,-4.89650788994806e-05,0.000150220889915
917,7,1110010111,0.0,-3.60626258615434e-05,0.0001611911725431
918,5,1110011000,0.0,-0.0003397141677347,0.0
919,6,1110011001,0.0,-0.0004221913325944,0.0
920,6,1110011010,0.0,-0.0001754776203669,1.39409907045932e-05
921,7,1110011011,0.0,-0.0001908266989511,2.48546715880274e-05
922,6,1110011100,0.0,-0.0003735219859435,0.0
923,7,1110011101,0.0,-0.0001242662663445,0.0001581124628948
924,7,1110011110,0.0,-0.00019002861704,6.44639866193879e-05
925,8,1110011111,0.0,-0.0001040750187539,0.000168502487371
926,4,1110100000,0.0,-0.0001715588242381,8.69352672935213e-05
927,5,1110100001,0.0,-0.0001028246233215,2.0284148356638e-05
928,5,1110100010,0.0,-0.0001835759984074,6.95033291671419e-05
929,6,1110100011,0.0,-7.59556566023656e-05,0.0001632289272842
930,5,1110100100,0.0,-0.0001563210326531,9.77164355810584e-05
931,6,1110100101,0.0,-0.0003249086598879,0.0
932,6,1110100110,0.0,-9.93932829718241e-05,9.0526422663563e-05
933,7,1110100111,0.0,-0.0002673418656402,0.0
934,5,1110101000,0.0,0.0,0.0004176925835774
935,6,1110101001,0.0,-3.02969073876618e-05,0.0002007849336932
936,6,1110101010,0.0,-0.000209187716014,1.17590268791613e-05
937,7,1110101011,0.0,-0.0003726249872524,0.0
938,6,1110101100,0.0,-0.0001825609597017,2.6930122467918e-05
939,7,1110101101,0.0,-5.07412219559637e-05,0.0001325924334119
940,7,1110101110,0.0,-2.18486158112344e-05,0.0001655442219169
941,8,1110101111,0.0,-0.0001995210202635,3.27789557972882e-05
942,5,1110110000,0.0,0.0,0.0004081457073492
943,6,1110110001,0.0,-0.0001353248181062,4.16004837049906e-05
944,6,1110110010,0.0,-0.0003989438030418,0.0
945,7,1110110011,0.0,-0.0004541155296728,0.0
946,6,1110110100,0.0,-0.000356999915445,0.0
947,7,1110110101,0.0,0.0,0.0002589891779089
948,7,1110110110,0.0,-6.63280655244184e-05,0.0001025124688202
949,8,1110110111,0.0,-0.0001294416447554,5.01072711262818e-05
950,6,1110111000,0.0,-0.0002431069934623,0.0
951,7,1110111001,0.0,-4.18026664193835e-05,0.0001751371721776
952,7,1110111010,0.0,-0.0001372103125691,8.78647026529068e-05
953,8,1110111011,0.0,-8.08047347062795e-05,0.0001916448892501
954,7,1110111100,0.0,0.0,0.0002421833415662
955,8,1110111101,0.0,-0.0002047088591515,0.0
956,8,1110111110,0.0,-6.31397193890945e-05,0.0001572035543297
957,9,1110111111,0.0,-0.0002195517671416,3.26289555401953e-06
958,4,1111000000,0.0,-0.0002984400758722,0.0
959,5,1111000001,0.0,-0.0002005517580537,3.34714008284634e-05
960,5,1111000010,0.0,0.0,0.0001924584058849
961,6,1111000011,0.0,0.0,0.0004271937680598
962,5,1111000100,0.0,-0.0002080335815542,0.0
963,6,1111000101,0.0,-5.98242316855685e-05,0.0001970990865559
964,6,1111000110,0.0,-7.56529861077451e-05,0.0001539302940681
965,7,1111000111,0.0,-0.0002171540786051,0.0
966,5,1111001000,0.0,-0.0004929295124743,0.0
967,6,1111001001,0.0,0.0,0.0002663704712954
968,6,1111001010,0.0,-0.0001763356440512,8.06504083354651e-05
969,7,1111001011,0.0,-0.0003654066272988,0.0
970,6,1111001100,0.0,0.0,0.0003319243899454
971,7,1111001101,0.0,-0.0003650418298918,0.0
972,7,1111001110,0.0,-0.0003055688882851,0.0
973,8,1111001111,0.0,0.0,0.0002604466467424
974,5,1111010000,-1.21562510479437e-05,-0.0005239877894802,0.0
975,6,1111010001,0.0,0.0,0.0003783407186325
976,6,1111010010,0.0,-0.0001216345476297,7.63116426184472e-05
977,7,1111010011,0.0,-0.0002641321205756,0.0
978,6,1111010100,0.0,0.0,0.0003233592152389
979,7,1111010101,0.0,-0.0001183735592364,0.0001353094510145
980,7,1111010110,0.0,-0.0002352174297115,2.58684379011055e-05
981,8,1111010111,0.0,-0.0001678666883668,9.27891206393199e-05
982,6,1111011000,0.0,-0.0002302264582457,0.0
983,7,1111011001,0.0,-0.0004970587836637,0.0
984,7,1111011010,0.0,0.0,0.0002656308146231
985,8,1111011011,0.0,0.0,0.0004246484428611
986,7,1111011100,0.0,-6.55693240807828e-05,0.000124849130676
987,8,1111011101,0.0,-7.58827224490101e-05,0.0001599127595689
988,8,1111011110,0.0,-0.0003796846152867,0.0
989,9,1111011111,0.0,-4.75923297458874e-05,0.0001982868335028
990,5,1111100000,0.0,-5.00623604581332e-06,0.0002070190456803
991,6,1111100001,0.0,0.0,0.0002854347928653
992,6,1111100010,0.0,-0.0002828356377775,0.0
993,7,1111100011,0.0,-0.0004041105530998,0.0
994,6,1111100100,0.0,-6.3291530994971e-05,0.0001772720915588
995,7,1111100101,0.0,-0.0003162792463945,0.0
996,7,1111100110,0.0,0.0,0.0002212422785416
997,8,1111100111,0.0,0.0,0.0003600029944449
998,6,1111101000,0.0,0.0,0.000369396834114
999,7,1111101001,0.0,-0.0001174891331455,6.68916523369526e-05
1000,7,1111101010,0.0,-0.0003472765254544,0.0
1001,8,1111101011,0.0,-4.70568547126681e-05,0.0001714770173872
1002,7,1111101100,0.0,-0.0001304723439212,0.0001115377692669
1003,8,1111101101,0.0,0.0,0.000265410701099
1004,8,1111101110,0.0,-0.0001104827962834,0.0001636645364966
1005,9,1111101111,0.0,-2.0901098419471e-05,0.0002214505543681
1006,6,1111110000,0.0,0.0,0.0004272988245187
1007,7,1111110001,0.0,-0.0001825733076109,1.83322087867138e-06
1008,7,1111110010,0.0,-9.30955672760419e-05,0.0001194196506592
1009,8,1111110011,0.0,-0.0001689231500433,2.81874331101458e-05
1010,7,1111110100,0.0,-0.0002630014206871,0.0
1011,8,1111110101,0.0,-0.000137911393818,7.42133827188089e-05
1012,8,1111110110,0.0,-3.75078091045694e-05,0.0001862915487598
1013,9,1111110111,0.0,-0.0002270336119998,7.91178454146418e-06
1014,7,1111111000,0.0,-5.58788809299593e-05,0.0001645440397435
1015,8,1111111001,7.82020584118335e-05,0.0,0.0005671605893834
1016,8,1111111010,0.0,-0.0002115211318773,2.12460808856347e-05
1017,9,1111111011,0.0,-0.0004550465224106,0.0
1018,8,1111111100,0.0,-0.0001061563211447,0.0001782314264834
1019,9,1111111101,0.0,-0.0003615586972427,0.0
1020,9,1111111110,0.0,-0.0001364655074296,4.20557405989442e-05
1021,10,1111111111,0.0,0.0,0.0002648435714792
