ligand,base,solvent,response_uv_pct
P(tBu)3,NaOH,MeCN,4.76410921845962
P(Ph)3,NaOH,MeCN,4.12096203597114
AmPhos,NaOH,MeCN,2.58383665286105
P(Cy)3,NaOH,MeCN,4.44317065372505
P(o-Tol)3,NaOH,MeCN,1.94987400815928
CataCXium A,NaOH,MeCN,3.25080927899943
SPhos,NaOH,MeCN,86.2621224841378
dtbpf,NaOH,MeCN,7.54607987344501
XPhos,NaOH,MeCN,93.6745145376158
dppf,NaOH,MeCN,14.3214354734956
Xantphos,NaOH,MeCN,2.10830716745609
None,NaOH,MeCN,17.0852310620033
P(tBu)3,NaHCO3,MeCN,3.15768624811382
P(Ph)3,NaHCO3,MeCN,4.75379053091498
AmPhos,NaHCO3,MeCN,2.46181658212302
P(Cy)3,NaHCO3,MeCN,5.26714086508017
P(o-Tol)3,NaHCO3,MeCN,1.95634116073256
CataCXium A,NaHCO3,MeCN,3.34705214713383
SPhos,NaHCO3,MeCN,69.22093433688
dtbpf,NaHCO3,MeCN,5.10255242912967
XPhos,NaHCO3,MeCN,83.1906321409627
dppf,NaHCO3,MeCN,13.6803816727274
Xantphos,NaHCO3,MeCN,1.82471592243866
None,NaHCO3,MeCN,10.994082002904
P(tBu)3,CsF,MeCN,1.78675303928125
P(Ph)3,CsF,MeCN,4.35920116829955
AmPhos,CsF,MeCN,2.70970319261194
P(Cy)3,CsF,MeCN,6.48652823683892
P(o-Tol)3,CsF,MeCN,2.10068590036068
CataCXium A,CsF,MeCN,3.32272956618858
SPhos,CsF,MeCN,68.4440016475539
dtbpf,CsF,MeCN,5.83810017338261
XPhos,CsF,MeCN,73.0197105076637
dppf,CsF,MeCN,13.1958561281243
Xantphos,CsF,MeCN,2.10098201074023
None,CsF,MeCN,10.218888659788
P(tBu)3,K3PO4,MeCN,3.00400388935548
P(Ph)3,K3PO4,MeCN,4.7313701172475
AmPhos,K3PO4,MeCN,2.5779797728445
P(Cy)3,K3PO4,MeCN,5.8267255162714
P(o-Tol)3,K3PO4,MeCN,1.88178466778928
CataCXium A,K3PO4,MeCN,3.68610190848114
SPhos,K3PO4,MeCN,53.3442477399675
dtbpf,K3PO4,MeCN,5.80499299101468
XPhos,K3PO4,MeCN,60.6695362355924
dppf,K3PO4,MeCN,14.3933392770758
Xantphos,K3PO4,MeCN,2.26866296700559
None,K3PO4,MeCN,10.0003095895518
P(tBu)3,KOH,MeCN,5.5969019412474
P(Ph)3,KOH,MeCN,4.82196101450088
AmPhos,KOH,MeCN,2.48590898286748
P(Cy)3,KOH,MeCN,6.45624672939622
P(o-Tol)3,KOH,MeCN,2.05952841211658
CataCXium A,KOH,MeCN,3.21864784308256
SPhos,KOH,MeCN,78.4174228193668
dtbpf,KOH,MeCN,8.93977444085733
XPhos,KOH,MeCN,92.2242386465952
dppf,KOH,MeCN,14.2206754932286
Xantphos,KOH,MeCN,2.3455596596732
None,KOH,MeCN,18.1597678162321
P(tBu)3,LiOtBu,MeCN,7.0788779533304
P(Ph)3,LiOtBu,MeCN,5.4483808696152
AmPhos,LiOtBu,MeCN,1.99054888114825
P(Cy)3,LiOtBu,MeCN,6.08313547812363
P(o-Tol)3,LiOtBu,MeCN,2.45280550760324
CataCXium A,LiOtBu,MeCN,3.56636244233208
SPhos,LiOtBu,MeCN,85.7734226150222
dtbpf,LiOtBu,MeCN,9.78109907191012
XPhos,LiOtBu,MeCN,92.8344072930483
dppf,LiOtBu,MeCN,15.410461843799
Xantphos,LiOtBu,MeCN,2.42654830002009
None,LiOtBu,MeCN,17.1759038844819
P(tBu)3,Et3N,MeCN,7.82316946168684
P(Ph)3,Et3N,MeCN,6.14029657993896
AmPhos,Et3N,MeCN,2.13374309510393
P(Cy)3,Et3N,MeCN,5.05213723181808
P(o-Tol)3,Et3N,MeCN,1.98028622008522
CataCXium A,Et3N,MeCN,4.46807824701397
SPhos,Et3N,MeCN,78.957919561643
dtbpf,Et3N,MeCN,6.99621084980946
XPhos,Et3N,MeCN,90.3017535211921
dppf,Et3N,MeCN,15.3607442237364
Xantphos,Et3N,MeCN,2.50927994144339
None,Et3N,MeCN,19.5108844387778
P(tBu)3,None,MeCN,9.75908286686094
P(Ph)3,None,MeCN,4.15312486926772
AmPhos,None,MeCN,1.53223611769088
P(Cy)3,None,MeCN,5.79692311337673
P(o-Tol)3,None,MeCN,2.64661537803254
CataCXium A,None,MeCN,4.42903768983828
SPhos,None,MeCN,66.8041426775335
dtbpf,None,MeCN,6.42130859194569
XPhos,None,MeCN,78.2264541946686
dppf,None,MeCN,13.9540113252438
Xantphos,None,MeCN,2.1103931503683
None,None,MeCN,8.28740356846637
P(tBu)3,NaOH,THF,33.7884226000348
P(Ph)3,NaOH,THF,8.08389406174481
AmPhos,NaOH,THF,61.2000810462792
P(Cy)3,NaOH,THF,69.9420492553848
P(o-Tol)3,NaOH,THF,7.2041205533469
CataCXium A,NaOH,THF,79.46758861973
SPhos,NaOH,THF,87.0599138552419
dtbpf,NaOH,THF,12.7035086532037
XPhos,NaOH,THF,88.966679030845
dppf,NaOH,THF,27.9254607314512
Xantphos,NaOH,THF,6.1056671566937
None,NaOH,THF,19.9964908124804
P(tBu)3,NaHCO3,THF,66.7358043675789
P(Ph)3,NaHCO3,THF,8.11170620285451
AmPhos,NaHCO3,THF,57.4844178119219
P(Cy)3,NaHCO3,THF,61.8864221022104
P(o-Tol)3,NaHCO3,THF,2.22984552488196
CataCXium A,NaHCO3,THF,70.4548780030343
SPhos,NaHCO3,THF,79.8467095458273
dtbpf,NaHCO3,THF,9.59942646989435
XPhos,NaHCO3,THF,80.76770744439
dppf,NaHCO3,THF,19.2431786290427
Xantphos,NaHCO3,THF,5.19691979065473
None,NaHCO3,THF,8.33159713932573
P(tBu)3,CsF,THF,39.1692242242229
P(Ph)3,CsF,THF,7.24196612769955
AmPhos,CsF,THF,44.9830827378729
P(Cy)3,CsF,THF,50.9504664551199
P(o-Tol)3,CsF,THF,2.22798897357048
CataCXium A,CsF,THF,61.2922927162518
SPhos,CsF,THF,60.8255886967309
dtbpf,CsF,THF,9.94355662711232
XPhos,CsF,THF,53.5151293766415
dppf,CsF,THF,18.1815583251708
Xantphos,CsF,THF,3.68200738399539
None,CsF,THF,8.41663218738277
P(tBu)3,K3PO4,THF,41.2342188004141
P(Ph)3,K3PO4,THF,6.65750525584473
AmPhos,K3PO4,THF,33.0190433761406
P(Cy)3,K3PO4,THF,50.0570187984233
P(o-Tol)3,K3PO4,THF,2.67563431152105
CataCXium A,K3PO4,THF,55.8517248007788
SPhos,K3PO4,THF,47.9422368676178
dtbpf,K3PO4,THF,9.3691441148368
XPhos,K3PO4,THF,52.3254982462699
dppf,K3PO4,THF,20.1771290379512
Xantphos,K3PO4,THF,4.24818416198782
None,K3PO4,THF,7.97581747645899
P(tBu)3,KOH,THF,48.5611407266501
P(Ph)3,KOH,THF,7.7717477094714
AmPhos,KOH,THF,42.7329765527711
P(Cy)3,KOH,THF,55.0785260954863
P(o-Tol)3,KOH,THF,3.03273678853182
CataCXium A,KOH,THF,62.3266043134165
SPhos,KOH,THF,73.3055406932652
dtbpf,KOH,THF,12.3022393545058
XPhos,KOH,THF,72.0008032847844
dppf,KOH,THF,26.1379482896069
Xantphos,KOH,THF,4.54255057271249
None,KOH,THF,17.8334601652192
P(tBu)3,LiOtBu,THF,66.1567482939123
P(Ph)3,LiOtBu,THF,9.91938795360429
AmPhos,LiOtBu,THF,58.5147171501637
P(Cy)3,LiOtBu,THF,78.151358455536
P(o-Tol)3,LiOtBu,THF,5.12136157916158
CataCXium A,LiOtBu,THF,62.0179115853534
SPhos,LiOtBu,THF,85.9474312367647
dtbpf,LiOtBu,THF,13.9143476624983
XPhos,LiOtBu,THF,85.2124687491059
dppf,LiOtBu,THF,26.8267891505492
Xantphos,LiOtBu,THF,0.0
None,LiOtBu,THF,35.3664697718892
P(tBu)3,Et3N,THF,68.7222976760338
P(Ph)3,Et3N,THF,10.1595027610281
AmPhos,Et3N,THF,48.8032043067135
P(Cy)3,Et3N,THF,82.6474738914186
P(o-Tol)3,Et3N,THF,5.9704378754713
CataCXium A,Et3N,THF,80.7441453073069
SPhos,Et3N,THF,87.8200709579917
dtbpf,Et3N,THF,13.5554979726139
XPhos,Et3N,THF,88.9252912767351
dppf,Et3N,THF,21.6492415106935
Xantphos,Et3N,THF,3.63674229125296
None,Et3N,THF,14.6678415787048
P(tBu)3,None,THF,67.5734596649153
P(Ph)3,None,THF,9.43637372825409
AmPhos,None,THF,64.558328683964
P(Cy)3,None,THF,73.9667254408659
P(o-Tol)3,None,THF,4.81262088058821
CataCXium A,None,THF,83.6189452391671
SPhos,None,THF,89.1672083813658
dtbpf,None,THF,10.9695470256029
XPhos,None,THF,91.3485106189053
dppf,None,THF,21.872895631487
Xantphos,None,THF,4.57266154042595
None,None,THF,11.5267206773054
P(tBu)3,NaOH,DMF,17.3301256176142
P(Ph)3,NaOH,DMF,6.27155688817173
AmPhos,NaOH,DMF,5.33782869968364
P(Cy)3,NaOH,DMF,12.7404449315301
P(o-Tol)3,NaOH,DMF,5.37201523252886
CataCXium A,NaOH,DMF,8.59920402539801
SPhos,NaOH,DMF,77.8488912544994
dtbpf,NaOH,DMF,10.0341310578617
XPhos,NaOH,DMF,88.2753685705748
dppf,NaOH,DMF,13.8715355750171
Xantphos,NaOH,DMF,4.79652923515851
None,NaOH,DMF,8.31483573997866
P(tBu)3,NaHCO3,DMF,3.49558510672879
P(Ph)3,NaHCO3,DMF,6.83848609348724
AmPhos,NaHCO3,DMF,2.53680423569808
P(Cy)3,NaHCO3,DMF,10.591735254912
P(o-Tol)3,NaHCO3,DMF,1.18744561040868
CataCXium A,NaHCO3,DMF,7.85287792876654
SPhos,NaHCO3,DMF,42.1325982495637
dtbpf,NaHCO3,DMF,6.81416606240708
XPhos,NaHCO3,DMF,37.0149598879938
dppf,NaHCO3,DMF,16.2395448252491
Xantphos,NaHCO3,DMF,0.0
None,NaHCO3,DMF,5.29566936703616
P(tBu)3,CsF,DMF,1.22082393118261
P(Ph)3,CsF,DMF,6.23649990796415
AmPhos,CsF,DMF,4.24741026607013
P(Cy)3,CsF,DMF,42.5433025739575
P(o-Tol)3,CsF,DMF,1.0494159569144
CataCXium A,CsF,DMF,12.8923037782901
SPhos,CsF,DMF,63.8780654995044
dtbpf,CsF,DMF,8.6697734089286
XPhos,CsF,DMF,60.8803891772562
dppf,CsF,DMF,8.6697734089286
Xantphos,CsF,DMF,5.14533327418496
None,CsF,DMF,18.7347029866182
P(tBu)3,K3PO4,DMF,3.69254079562934
P(Ph)3,K3PO4,DMF,5.29918108178033
AmPhos,K3PO4,DMF,5.07709453930326
P(Cy)3,K3PO4,DMF,6.96579609147833
P(o-Tol)3,K3PO4,DMF,0.988129766326499
CataCXium A,K3PO4,DMF,11.9091592748023
SPhos,K3PO4,DMF,39.8296539843221
dtbpf,K3PO4,DMF,7.57878835945558
XPhos,K3PO4,DMF,39.4896466660449
dppf,K3PO4,DMF,9.03276836431198
Xantphos,K3PO4,DMF,0.0
None,K3PO4,DMF,14.0786736549013
P(tBu)3,KOH,DMF,13.5475398975478
P(Ph)3,KOH,DMF,4.35998536352889
AmPhos,KOH,DMF,3.2970915716778
P(Cy)3,KOH,DMF,7.47024695482382
P(o-Tol)3,KOH,DMF,3.54390034048101
CataCXium A,KOH,DMF,10.6667507465437
SPhos,KOH,DMF,62.7748205525383
dtbpf,KOH,DMF,8.83069339666964
XPhos,KOH,DMF,79.1448787933051
dppf,KOH,DMF,10.0736710415608
Xantphos,KOH,DMF,4.45873996881102
None,KOH,DMF,15.8812147205277
P(tBu)3,LiOtBu,DMF,23.0725794554218
P(Ph)3,LiOtBu,DMF,7.06662929503855
AmPhos,LiOtBu,DMF,4.12097046908743
P(Cy)3,LiOtBu,DMF,6.70759985076743
P(o-Tol)3,LiOtBu,DMF,2.66690196995924
CataCXium A,LiOtBu,DMF,6.26688976583805
SPhos,LiOtBu,DMF,71.5426743156485
dtbpf,LiOtBu,DMF,10.0123867012383
XPhos,LiOtBu,DMF,61.4736557075014
dppf,LiOtBu,DMF,9.53958263011332
Xantphos,LiOtBu,DMF,0.0
None,LiOtBu,DMF,15.8867821005092
P(tBu)3,Et3N,DMF,17.90385630688
P(Ph)3,Et3N,DMF,4.61300437773432
AmPhos,Et3N,DMF,4.59642896981618
P(Cy)3,Et3N,DMF,7.56429582547112
P(o-Tol)3,Et3N,DMF,2.55668127054664
CataCXium A,Et3N,DMF,6.26426095027396
SPhos,Et3N,DMF,72.8355518057598
dtbpf,Et3N,DMF,10.1667402091094
XPhos,Et3N,DMF,67.4843767651673
dppf,Et3N,DMF,9.64307010994259
Xantphos,Et3N,DMF,0.0
None,Et3N,DMF,15.0524628547964
P(tBu)3,None,DMF,19.0765245632751
P(Ph)3,None,DMF,4.8825316301071
AmPhos,None,DMF,5.4275666476843
P(Cy)3,None,DMF,7.06177507228769
P(o-Tol)3,None,DMF,1.21874963064015
CataCXium A,None,DMF,8.88760394948024
SPhos,None,DMF,49.1231313338811
dtbpf,None,DMF,11.1450714863157
XPhos,None,DMF,43.5209625584725
dppf,None,DMF,8.85908616746079
Xantphos,None,DMF,0.0
None,None,DMF,15.1234882786008
P(tBu)3,NaOH,MeOH,33.3686246020695
P(Ph)3,NaOH,MeOH,15.3450097553135
AmPhos,NaOH,MeOH,30.95888171549
P(Cy)3,NaOH,MeOH,32.7228107743226
P(o-Tol)3,NaOH,MeOH,34.2365736501709
CataCXium A,NaOH,MeOH,14.9072004805931
SPhos,NaOH,MeOH,43.2999917758306
dtbpf,NaOH,MeOH,17.5681639214071
XPhos,NaOH,MeOH,37.6451431377011
dppf,NaOH,MeOH,14.5861369323008
Xantphos,NaOH,MeOH,13.0965528838726
None,NaOH,MeOH,15.3287751335987
P(tBu)3,NaHCO3,MeOH,27.2988732434407
P(Ph)3,NaHCO3,MeOH,37.4724646797757
AmPhos,NaHCO3,MeOH,13.0775640329684
P(Cy)3,NaHCO3,MeOH,27.8870043258673
P(o-Tol)3,NaHCO3,MeOH,14.4047483719651
CataCXium A,NaHCO3,MeOH,25.151362606933
SPhos,NaHCO3,MeOH,16.5132712003237
dtbpf,NaHCO3,MeOH,27.5595545053442
XPhos,NaHCO3,MeOH,30.9778179622142
dppf,NaHCO3,MeOH,20.1635057853027
Xantphos,NaHCO3,MeOH,25.8984372557193
None,NaHCO3,MeOH,12.6453446261064
P(tBu)3,CsF,MeOH,28.4479307780546
P(Ph)3,CsF,MeOH,13.6437201709157
AmPhos,CsF,MeOH,31.8161138612688
P(Cy)3,CsF,MeOH,30.9443734111355
P(o-Tol)3,CsF,MeOH,31.9778129957951
CataCXium A,CsF,MeOH,28.1257991939562
SPhos,CsF,MeOH,18.416637401632
dtbpf,CsF,MeOH,15.4551816393562
XPhos,CsF,MeOH,35.0038934121785
dppf,CsF,MeOH,20.7051019464025
Xantphos,CsF,MeOH,32.2370735366268
None,CsF,MeOH,33.681629409575
P(tBu)3,K3PO4,MeOH,26.8502682369668
P(Ph)3,K3PO4,MeOH,15.4977983662797
AmPhos,K3PO4,MeOH,12.5657929576163
P(Cy)3,K3PO4,MeOH,14.3965448980969
P(o-Tol)3,K3PO4,MeOH,13.0393494127328
CataCXium A,K3PO4,MeOH,15.2281211654499
SPhos,K3PO4,MeOH,22.2538143040283
dtbpf,K3PO4,MeOH,17.2841815723781
XPhos,K3PO4,MeOH,22.2397467111818
dppf,K3PO4,MeOH,15.8290195173318
Xantphos,K3PO4,MeOH,14.9743801158487
None,K3PO4,MeOH,13.7673419168311
P(tBu)3,KOH,MeOH,14.9066264798925
P(Ph)3,KOH,MeOH,18.3726199510341
AmPhos,KOH,MeOH,22.5196257527756
P(Cy)3,KOH,MeOH,39.3059281212376
P(o-Tol)3,KOH,MeOH,18.2419588944286
CataCXium A,KOH,MeOH,30.7733784438108
SPhos,KOH,MeOH,19.0166173545135
dtbpf,KOH,MeOH,16.0317911160499
XPhos,KOH,MeOH,40.249292419005
dppf,KOH,MeOH,17.6788364487885
Xantphos,KOH,MeOH,15.6421247051227
None,KOH,MeOH,26.2732573639549
P(tBu)3,LiOtBu,MeOH,12.8483834861798
P(Ph)3,LiOtBu,MeOH,22.9308714939199
AmPhos,LiOtBu,MeOH,12.7863872944682
P(Cy)3,LiOtBu,MeOH,13.3134959058639
P(o-Tol)3,LiOtBu,MeOH,11.6387643881743
CataCXium A,LiOtBu,MeOH,13.562445184587
SPhos,LiOtBu,MeOH,16.8303425941005
dtbpf,LiOtBu,MeOH,21.5478088287407
XPhos,LiOtBu,MeOH,27.3315804937304
dppf,LiOtBu,MeOH,26.9660172151336
Xantphos,LiOtBu,MeOH,25.5475487427508
None,LiOtBu,MeOH,15.4193357422559
P(tBu)3,Et3N,MeOH,12.6211260525753
P(Ph)3,Et3N,MeOH,17.4322145602985
AmPhos,Et3N,MeOH,13.3461992881114
P(Cy)3,Et3N,MeOH,27.8880804699825
P(o-Tol)3,Et3N,MeOH,14.6491021576651
CataCXium A,Et3N,MeOH,31.023366249855
SPhos,Et3N,MeOH,18.0202351501091
dtbpf,Et3N,MeOH,16.245242834377
XPhos,Et3N,MeOH,32.8601183833549
dppf,Et3N,MeOH,37.8531778947501
Xantphos,Et3N,MeOH,15.1811923219777
None,Et3N,MeOH,15.3646328869685
P(tBu)3,None,MeOH,13.8795032738065
P(Ph)3,None,MeOH,14.6994500838519
AmPhos,None,MeOH,32.2546483838239
P(Cy)3,None,MeOH,17.6510887581189
P(o-Tol)3,None,MeOH,16.9869857765644
CataCXium A,None,MeOH,41.5918731867168
SPhos,None,MeOH,21.4729131753127
dtbpf,None,MeOH,18.2506178025478
XPhos,None,MeOH,37.8712785830679
dppf,None,MeOH,30.355572946107
Xantphos,None,MeOH,35.3158860812902
None,None,MeOH,13.9066953068002
