max_depth,min_samples_leaf,max_features,rmse
2,1,0.5,53.96498950010787
2,2,0.5,53.96498950010787
2,4,0.5,53.96498950010787
2,8,0.5,53.96498950010787
2,1,0.75,53.513078867188746
2,2,0.75,53.513078867188746
2,4,0.75,53.44023740851506
2,8,0.75,53.44611818225202
2,1,1.0,53.88604958822101
2,2,1.0,53.88604958822101
2,4,1.0,53.88604958822101
2,8,1.0,53.89502653979546
4,1,0.5,51.994783498377714
4,2,0.5,52.16459489157485
4,4,0.5,52.221006880817384
4,8,0.5,52.22814483746049
4,1,0.75,52.44209988474618
4,2,0.75,52.647043934986954
4,4,0.75,52.8276351075552
4,8,0.75,52.232004301858126
4,1,1.0,53.90472565439516
4,2,1.0,54.00458921673132
4,4,1.0,54.08697274035845
4,8,1.0,52.98541009145408
6,1,0.5,52.555520733515635
6,2,0.5,52.91567315068011
6,4,0.5,52.448701859008
6,8,0.5,52.11477838088449
6,1,0.75,54.20577486527943
6,2,0.75,54.71478651138724
6,4,0.75,53.57699919338767
6,8,0.75,52.62490418324094
6,1,1.0,55.30354256910589
6,2,1.0,55.43176010246285
6,4,1.0,54.797777624839924
6,8,1.0,53.38296531475526
10,1,0.5,53.22943280599016
10,2,0.5,52.62093766181291
10,4,0.5,52.886389922331
10,8,0.5,51.76273381148657
10,1,0.75,53.90179186326177
10,2,0.75,54.48130604986179
10,4,0.75,53.30967704717922
10,8,0.75,52.85067984631714
10,1,1.0,56.07573480365341
10,2,1.0,54.95480457730959
10,4,1.0,55.219257580470774
10,8,1.0,53.38698464688396
