W,Re,Os,H1000_HV
3,3,94,411
3,6,91,423
3,9,88,442
3,12,85,460
3,15,82,454
3,18,79,446
3,21,76,431
3,24,73,415
3,27,70,399
3,30,67,400
3,33,64,383
3,36,61,388
3,39,58,398
3,42,55,407
3,45,52,409
3,48,49,398
3,51,46,409
3,54,43,398
3,57,40,393
3,60,37,374
3,63,34,361
3,66,31,337
3,69,28,308
3,72,25,297
3,75,22,282
3,78,19,267
3,81,16,252
3,84,13,254
3,87,10,256
3,90,7,236
3,93,4,201
6,3,91,438
6,6,88,499
6,9,85,533
6,12,82,496
6,15,79,488
6,18,76,465
6,21,73,415
6,24,70,397
6,27,67,370
6,30,64,390
6,33,61,395
6,36,58,388
6,39,55,389
6,42,52,395
6,45,49,405
6,48,46,411
6,51,43,423
6,54,40,390
6,57,37,374
6,60,34,361
6,63,31,338
6,66,28,329
6,69,25,316
6,72,22,296
6,75,19,276
6,78,16,267
6,81,13,259
6,84,10,263
6,87,7,266
6,90,4,271
9,3,88,403
9,6,85,428
9,9,82,460
9,12,79,463
9,15,76,431
9,18,73,423
9,21,70,406
9,24,67,411
9,27,64,398
9,30,61,388
9,33,58,398
9,36,55,401
9,39,52,406
9,42,49,407
9,45,46,415
9,48,43,398
9,51,40,404
9,54,37,376
9,57,34,383
9,60,31,349
9,63,28,343
9,66,25,333
9,69,22,341
9,72,19,323
9,75,16,315
9,78,13,306
9,81,10,299
9,84,7,289
9,87,4,279
12,3,85,444
12,6,82,467
12,9,79,487
12,12,76,466
12,15,73,444
12,18,70,418
12,21,67,413
12,24,64,412
12,27,61,388
12,30,58,384
12,33,55,374
12,36,52,379
12,39,49,386
12,42,46,390
12,45,43,395
12,48,40,384
12,51,37,375
12,54,34,380
12,57,31,361
12,60,28,318
12,63,25,305
12,66,22,320
12,69,19,315
12,72,16,303
12,75,13,311
12,78,10,326
12,81,7,315
12,84,4,297
15,3,82,439
15,6,79,474
15,9,76,435
15,12,73,423
15,15,70,427
15,18,67,415
15,21,64,416
15,24,61,391
15,27,58,399
15,30,55,388
15,33,52,386
15,36,49,394
15,39,46,396
15,42,43,374
15,45,40,374
15,48,37,387
15,51,34,376
15,54,31,355
15,57,28,358
15,60,25,331
15,63,22,326
15,66,19,333
15,69,16,341
15,72,13,341
15,75,10,343
15,78,7,339
15,81,4,335
18,3,79,436
18,6,76,444
18,9,73,446
18,12,70,421
18,15,67,431
18,18,64,413
18,21,61,398
18,24,58,405
18,27,55,393
18,30,52,398
18,33,49,402
18,36,46,396
18,39,43,380
18,42,40,380
18,45,37,382
18,48,34,373
18,51,31,355
18,54,28,355
18,57,25,354
18,60,22,347
18,63,19,352
18,66,16,342
18,69,13,359
18,72,10,358
18,75,7,365
18,78,4,380
21,3,76,453
21,6,73,445
21,9,70,431
21,12,67,442
21,15,64,422
21,18,61,416
21,21,58,431
21,24,55,424
21,27,52,432
21,30,49,412
21,33,46,411
21,36,43,386
21,39,40,384
21,42,37,380
21,45,34,368
21,48,31,374
21,51,28,374
21,54,25,374
21,57,22,382
21,60,19,376
21,63,16,374
21,66,13,374
21,69,10,383
21,72,7,381
21,75,4,406
24,3,73,444
24,6,70,432
24,9,67,427
24,12,64,416
24,15,61,432
24,18,58,432
24,21,55,443
24,24,52,437
24,27,49,454
24,30,46,422
24,33,43,418
24,36,40,392
24,39,37,386
24,42,34,382
24,45,31,374
24,48,28,362
24,51,25,375
24,54,22,379
24,57,19,383
24,60,16,409
24,63,13,424
24,66,10,417
24,69,7,423
24,72,4,456
27,3,70,444
27,6,67,432
27,9,64,433
27,12,61,426
27,15,58,430
27,18,55,448
27,21,52,458
27,24,49,444
27,27,46,452
27,30,43,423
27,33,40,422
27,36,37,392
27,39,34,412
27,42,31,415
27,45,28,408
27,48,25,409
27,51,22,428
27,54,19,450
27,57,16,451
27,60,13,482
27,63,10,488
27,66,7,480
27,69,4,476
30,3,67,421
30,6,64,413
30,9,61,424
30,12,58,441
30,15,55,444
30,18,52,462
30,21,49,470
30,24,46,479
30,27,43,460
30,30,40,456
30,33,37,448
30,36,34,444
30,39,31,467
30,42,28,448
30,45,25,449
30,48,22,474
30,51,19,489
30,54,16,509
30,57,13,551
30,60,10,551
30,63,7,556
30,66,4,551
33,3,64,413
33,6,61,442
33,9,58,415
33,12,55,460
33,15,52,438
33,18,49,482
33,21,46,456
33,24,43,489
33,27,40,465
33,30,37,444
33,33,34,491
33,36,31,490
33,39,28,497
33,42,25,509
33,45,22,534
33,48,19,495
33,51,16,596
33,54,13,625
33,57,10,655
33,60,7,674
33,63,4,665
36,3,61,411
36,6,58,408
36,9,55,438
36,12,52,458
36,15,49,492
36,18,46,512
36,21,43,527
36,24,40,531
36,27,37,525
36,30,34,521
36,33,31,540
36,36,28,573
36,39,25,585
36,42,22,617
36,45,19,636
36,48,16,675
36,51,13,725
36,54,10,756
36,57,7,779
36,60,4,777
39,3,58,407
39,6,55,425
39,9,52,454
39,12,49,492
39,15,46,519
39,18,43,569
39,21,40,589
39,24,37,613
39,27,34,615
39,30,31,637
39,33,28,655
39,36,25,672
39,39,22,696
39,42,19,758
39,45,16,785
39,48,13,825
39,51,10,878
39,54,7,908
39,57,4,875
42,3,55,405
42,6,52,451
42,9,49,496
42,12,46,542
42,15,43,588
42,18,40,637
42,21,37,666
42,24,34,702
42,27,31,727
42,30,28,737
42,33,25,789
42,36,22,821
42,39,19,850
42,42,16,908
42,45,13,959
42,48,10,1000
42,51,7,1022
42,54,4,933
45,3,52,453
45,6,49,480
45,9,46,565
45,12,43,605
45,15,40,633
45,18,37,742
45,21,34,801
45,24,31,813
45,27,28,856
45,30,25,900
45,33,22,940
45,36,19,980
45,39,16,1023
45,42,13,1023
45,45,10,1097
45,48,7,1165
45,51,4,1111
48,3,49,512
48,6,46,556
48,9,43,653
48,12,40,716
48,15,37,758
48,18,34,848
48,21,31,894
48,24,28,935
48,27,25,973
48,30,22,1015
48,33,19,1066
48,36,16,1068
48,39,13,1118
48,42,10,1128
48,45,7,1179
48,48,4,1065
51,3,46,572
51,6,43,667
51,9,40,753
51,12,37,815
51,15,34,883
51,18,31,960
51,21,28,1016
51,24,25,1059
51,27,22,1124
51,30,19,1196
51,33,16,1217
51,36,13,1176
51,39,10,1180
51,42,7,1199
51,45,4,1092
54,3,43,654
54,6,40,771
54,9,37,866
54,12,34,933
54,15,31,1009
54,18,28,1066
54,21,25,1130
54,24,22,1167
54,27,19,1193
54,30,16,1214
54,33,13,1218
54,36,10,1221
54,39,7,1242
54,42,4,1106
57,3,40,755
57,6,37,898
57,9,34,1003
57,12,31,1071
57,15,28,1088
57,18,25,1170
57,21,22,1214
57,24,19,1236
57,27,16,1233
57,30,13,1235
57,33,10,1228
57,36,7,1224
57,39,4,1188
60,3,37,892
60,6,34,1000
60,9,31,1098
60,12,28,1137
60,15,25,1197
60,18,22,1217
60,21,19,1242
60,24,16,1238
60,27,13,1238
60,30,10,1249
60,33,7,1208
60,36,4,1086
63,3,34,959
63,6,31,1133
63,9,28,1119
63,12,25,1163
63,15,22,1189
63,18,19,1195
63,21,16,1265
63,24,13,1175
63,27,10,1194
63,30,7,1107
63,33,4,1069
66,3,31,999
66,6,28,1126
66,9,25,1184
66,12,22,1247
66,15,19,1201
66,18,16,1242
66,21,13,1201
66,24,10,1180
66,27,7,1159
66,30,4,1036
69,3,28,994
69,6,25,1106
69,9,22,1146
69,12,19,1224
69,15,16,1184
69,18,13,1155
69,21,10,1098
69,24,7,1086
69,27,4,1066
72,3,25,912
72,6,22,1050
72,9,19,1101
72,12,16,1106
72,15,13,1102
72,18,10,1082
72,21,7,1025
72,24,4,994
75,3,22,907
75,6,19,956
75,9,16,976
75,12,13,973
75,15,10,953
75,18,7,934
75,21,4,942
78,3,19,813
78,6,16,832
78,9,13,858
78,12,10,839
78,15,7,820
78,18,4,821
81,3,16,777
81,6,13,678
81,9,10,644
81,12,7,700
81,15,4,691
84,3,13,591
84,6,10,575
84,9,7,565
84,12,4,563
87,3,10,501
87,6,7,504
87,9,4,502
90,3,7,431
90,6,4,431
93,3,4,368
