gvn,instcombine,inline,jump_threading,simplifycfg,sccp,compile_time_raw
0,0,0,0,0,0,210.44
0,0,1,1,1,0,216.373333333333
0,0,1,0,1,1,217.236666666667
0,0,1,1,1,1,217.466666666667
0,1,0,0,0,0,219.636666666667
0,1,0,0,0,1,222.433333333333
0,1,0,0,1,0,224.073333333333
0,1,0,0,1,1,222.52
0,1,1,0,0,0,224.95
0,1,1,0,1,0,230.536666666667
0,0,0,0,1,0,206.9
0,1,1,0,0,1,232.116666666667
0,1,1,0,1,1,231.39
0,1,0,1,0,0,234.08
0,1,0,1,0,1,222.823333333333
0,1,1,1,0,0,224.326666666667
0,0,0,0,1,1,205.206666666667
0,1,1,1,0,1,230.08
0,1,0,1,1,0,233.276666666667
0,1,1,1,1,0,223.773333333333
0,1,0,1,1,1,232.66
0,1,1,1,1,1,224.506666666667
1,0,0,0,0,0,234.68
1,0,0,0,0,1,229.166666666667
1,0,0,0,1,0,230.74
1,0,0,0,1,1,229.676666666667
1,0,0,1,0,0,232.2
1,0,0,1,1,0,229.856666666667
1,0,0,1,0,1,231.19
1,0,0,1,1,1,230.59
1,1,0,0,0,0,232.7
1,1,0,0,0,1,244.5
0,0,0,1,0,0,208.046666666667
1,1,0,1,0,0,245.936666666667
1,1,0,1,0,1,244.49
1,1,0,0,1,0,246.756666666667
1,1,0,1,1,0,245.756666666667
1,1,0,0,1,1,246.48
1,1,0,1,1,1,246.496666666667
1,0,1,0,0,0,248.016666666667
1,0,1,0,0,1,239.976666666667
1,0,1,0,1,0,242.156666666667
1,0,1,0,1,1,240.233333333333
0,0,0,1,1,0,205.946666666667
1,1,1,0,0,0,244.03
1,1,1,0,1,0,253.963333333333
1,1,1,0,0,1,255.473333333333
1,1,1,0,1,1,255.023333333333
1,0,1,1,0,0,257.513333333333
1,0,1,1,0,1,240.826666666667
1,1,1,1,0,0,243.783333333333
1,1,1,1,0,1,254.336666666667
1,0,1,1,1,0,257.54
1,1,1,1,1,0,243.283333333333
0,0,0,1,0,1,207.233333333333
1,0,1,1,1,1,256.97
1,1,1,1,1,1,244.253333333333
0,0,0,1,1,1,206.616666666667
0,0,1,0,0,0,208.92
0,0,1,0,0,1,214.72
0,0,1,1,0,0,217.29
0,0,1,1,0,1,214.343333333333
0,0,0,0,0,1,204.986666666667
0,0,1,0,1,0,218.153333333333
